flight_id,airline_name,airline_code,flight_number,departure_airport,arrival_airport,cabin_class,ticket_type,aircraft_type,departure_time,arrival_time,flight_duration_hours,distance_miles,base_fare_usd
1,Air New Zealand,NZ,NZ4746,AKL,SYD,error: undefined method `first' for nil:NilClass,error: undefined method `first' for nil:NilClass,error: undefined method `first' for nil:NilClass,10/21/2025,1/31/2025,3.16,5177,764.38
2,Cathay Pacific,CX,CX3000,HKG,SIN,error: undefined method `first' for nil:NilClass,error: undefined method `first' for nil:NilClass,error: undefined method `first' for nil:NilClass,3/9/2022,1/5/2026,14.98,169,1372.75
3,Air New Zealand,NZ,NZ8312,AKL,HKG,error: undefined method `first' for nil:NilClass,error: undefined method `first' for nil:NilClass,error: undefined method `first' for nil:NilClass,4/1/2023,3/6/2023,3.88,2243,3062.16
4,Qatar Airways,QR,QR4970,DOH,ADD,error: undefined method `first' for nil:NilClass,error: undefined method `first' for nil:NilClass,error: undefined method `first' for nil:NilClass,6/14/2025,3/18/2023,12.92,6855,2244.04
5,Air France,AF,AF8349,CDG,FRA,error: undefined method `first' for nil:NilClass,error: undefined method `first' for nil:NilClass,error: undefined method `first' for nil:NilClass,5/8/2022,8/3/2026,6.67,3861,840.99
6,British Airways,BA,BA2399,LHR,CDG,error: undefined method `first' for nil:NilClass,error: undefined method `first' for nil:NilClass,error: undefined method `first' for nil:NilClass,8/19/2023,8/2/2025,16.68,2547,1132.03
7,Qatar Airways,QR,QR3399,DOH,ADD,error: undefined method `first' for nil:NilClass,error: undefined method `first' for nil:NilClass,error: undefined method `first' for nil:NilClass,6/18/2025,2/27/2025,16.4,5845,1173.92
8,Air India,AI,AI2111,DEL,BOM,error: undefined method `first' for nil:NilClass,error: undefined method `first' for nil:NilClass,error: undefined method `first' for nil:NilClass,12/1/2025,10/14/2022,7.63,4681,795.26
9,Delta Air Lines,DL,DL8669,JFK,ATL,error: undefined method `first' for nil:NilClass,error: undefined method `first' for nil:NilClass,error: undefined method `first' for nil:NilClass,12/2/2025,6/7/2023,13.31,698,1057.42
10,Delta Air Lines,DL,DL6412,JFK,ATL,error: undefined method `first' for nil:NilClass,error: undefined method `first' for nil:NilClass,error: undefined method `first' for nil:NilClass,2/23/2023,5/11/2026,3.75,520,2479.08
11,Emirates,EK,EK1268,DXB,DEL,error: undefined method `first' for nil:NilClass,error: undefined method `first' for nil:NilClass,error: undefined method `first' for nil:NilClass,7/13/2025,5/27/2026,8.78,4764,2711.22
12,South African Airways,SA,SA4845,JNB,CDG,error: undefined method `first' for nil:NilClass,error: undefined method `first' for nil:NilClass,error: undefined method `first' for nil:NilClass,10/27/2025,11/30/2026,7.26,2820,2696.5
13,Aeroméxico,AM,AM6269,MEX,LIM,error: undefined method `first' for nil:NilClass,error: undefined method `first' for nil:NilClass,error: undefined method `first' for nil:NilClass,10/4/2022,7/28/2022,5.25,4518,2148.79
14,Delta Air Lines,DL,DL4343,JFK,BOS,error: undefined method `first' for nil:NilClass,error: undefined method `first' for nil:NilClass,error: undefined method `first' for nil:NilClass,5/17/2023,12/31/2024,1.7,1764,665.19
15,British Airways,BA,BA8137,LHR,CDG,error: undefined method `first' for nil:NilClass,error: undefined method `first' for nil:NilClass,error: undefined method `first' for nil:NilClass,6/4/2026,10/3/2022,1.24,8553,2852.06
16,Iberia,IB,IB3853,MAD,CDG,error: undefined method `first' for nil:NilClass,error: undefined method `first' for nil:NilClass,error: undefined method `first' for nil:NilClass,7/12/2022,12/24/2022,3.96,5800,2536.09
17,Air Canada,AC,AC6500,YYZ,JFK,error: undefined method `first' for nil:NilClass,error: undefined method `first' for nil:NilClass,error: undefined method `first' for nil:NilClass,4/13/2023,2/23/2024,2.68,8148,1843.42
18,Emirates,EK,EK2700,DXB,DOH,error: undefined method `first' for nil:NilClass,error: undefined method `first' for nil:NilClass,error: undefined method `first' for nil:NilClass,1/17/2023,5/9/2024,9.53,3531,951.09
19,Air New Zealand,NZ,NZ3511,AKL,SYD,error: undefined method `first' for nil:NilClass,error: undefined method `first' for nil:NilClass,error: undefined method `first' for nil:NilClass,9/6/2024,11/1/2025,10.34,8011,472.96
20,Air Canada,AC,AC9050,YYZ,JFK,error: undefined method `first' for nil:NilClass,error: undefined method `first' for nil:NilClass,error: undefined method `first' for nil:NilClass,4/11/2022,9/9/2023,12.83,6149,2028.72
21,Lufthansa,LH,LH4869,FRA,CDG,error: undefined method `first' for nil:NilClass,error: undefined method `first' for nil:NilClass,error: undefined method `first' for nil:NilClass,10/19/2023,8/20/2023,6.52,3548,3100.55
22,Alitalia,AZ,AZ1726,FCO,FRA,error: undefined method `first' for nil:NilClass,error: undefined method `first' for nil:NilClass,error: undefined method `first' for nil:NilClass,2/21/2022,5/18/2024,14.88,5403,2558.86
23,Emirates,EK,EK1142,DXB,DOH,error: undefined method `first' for nil:NilClass,error: undefined method `first' for nil:NilClass,error: undefined method `first' for nil:NilClass,3/7/2024,7/7/2022,16.74,178,339.54
24,Iberia,IB,IB2377,MAD,ZRH,error: undefined method `first' for nil:NilClass,error: undefined method `first' for nil:NilClass,error: undefined method `first' for nil:NilClass,6/5/2024,1/11/2026,4.55,5189,1554.16
25,Cathay Pacific,CX,CX9392,HKG,SIN,error: undefined method `first' for nil:NilClass,error: undefined method `first' for nil:NilClass,error: undefined method `first' for nil:NilClass,5/21/2023,1/9/2022,1.56,4057,3216.81
26,United Airlines,UA,UA2406,LAX,SFO,error: undefined method `first' for nil:NilClass,error: undefined method `first' for nil:NilClass,error: undefined method `first' for nil:NilClass,12/24/2023,2/25/2025,8.08,6250,370.45
27,Avianca,AV,AV9841,BOG,ORD,error: undefined method `first' for nil:NilClass,error: undefined method `first' for nil:NilClass,error: undefined method `first' for nil:NilClass,8/24/2022,3/9/2023,6.13,5144,255.87
28,Singapore Airlines,SQ,SQ4852,SIN,FRA,error: undefined method `first' for nil:NilClass,error: undefined method `first' for nil:NilClass,error: undefined method `first' for nil:NilClass,9/4/2024,11/22/2025,12.99,5233,829.17
29,Qatar Airways,QR,QR6840,DOH,ADD,error: undefined method `first' for nil:NilClass,error: undefined method `first' for nil:NilClass,error: undefined method `first' for nil:NilClass,2/18/2026,9/10/2022,4.07,6347,2257.08
30,Air New Zealand,NZ,NZ3445,AKL,EZE,error: undefined method `first' for nil:NilClass,error: undefined method `first' for nil:NilClass,error: undefined method `first' for nil:NilClass,2/19/2024,9/28/2022,10.57,5910,218.53
31,KLM Royal Dutch Airlines,KL,KL8106,AMS,CDG,error: undefined method `first' for nil:NilClass,error: undefined method `first' for nil:NilClass,error: undefined method `first' for nil:NilClass,10/4/2024,9/16/2024,14.08,2791,2166.44
32,Air France,AF,AF2465,CDG,FRA,error: undefined method `first' for nil:NilClass,error: undefined method `first' for nil:NilClass,error: undefined method `first' for nil:NilClass,9/8/2023,10/19/2025,14.67,621,3267.93
33,All Nippon Airways,NH,NH2315,HND,ICN,error: undefined method `first' for nil:NilClass,error: undefined method `first' for nil:NilClass,error: undefined method `first' for nil:NilClass,4/5/2025,1/6/2023,12.89,5022,1128.63
34,Air France,AF,AF7434,CDG,FRA,error: undefined method `first' for nil:NilClass,error: undefined method `first' for nil:NilClass,error: undefined method `first' for nil:NilClass,2/2/2025,9/10/2026,1.29,5959,1446.97
35,LATAM Airlines,LA,LA5961,GRU,EZE,error: undefined method `first' for nil:NilClass,error: undefined method `first' for nil:NilClass,error: undefined method `first' for nil:NilClass,6/29/2024,4/3/2024,11.08,5266,3425.08
36,Thai Airways,TG,TG9224,BKK,SIN,error: undefined method `first' for nil:NilClass,error: undefined method `first' for nil:NilClass,error: undefined method `first' for nil:NilClass,3/21/2022,3/28/2023,15.08,1942,888.55
37,Alitalia,AZ,AZ1933,FCO,DEL,error: undefined method `first' for nil:NilClass,error: undefined method `first' for nil:NilClass,error: undefined method `first' for nil:NilClass,4/10/2025,12/17/2025,7.03,6261,127.47
38,Air Canada,AC,AC6946,YYZ,JFK,error: undefined method `first' for nil:NilClass,error: undefined method `first' for nil:NilClass,error: undefined method `first' for nil:NilClass,11/30/2022,9/25/2024,17.35,5360,2482.72
39,British Airways,BA,BA8735,LHR,CDG,error: undefined method `first' for nil:NilClass,error: undefined method `first' for nil:NilClass,error: undefined method `first' for nil:NilClass,3/25/2025,2/7/2022,5.62,1092,117.29
40,British Airways,BA,BA2226,LHR,ZRH,error: undefined method `first' for nil:NilClass,error: undefined method `first' for nil:NilClass,error: undefined method `first' for nil:NilClass,4/27/2025,11/21/2022,16.5,6016,1554.8
41,Ethiopian Airlines,ET,ET3233,ADD,DOH,error: undefined method `first' for nil:NilClass,error: undefined method `first' for nil:NilClass,error: undefined method `first' for nil:NilClass,1/14/2025,9/14/2024,2.25,3155,1468.38
42,Alitalia,AZ,AZ6461,FCO,CDG,error: undefined method `first' for nil:NilClass,error: undefined method `first' for nil:NilClass,error: undefined method `first' for nil:NilClass,1/26/2026,2/17/2023,9.18,707,1372.03
43,Emirates,EK,EK7294,DXB,DOH,error: undefined method `first' for nil:NilClass,error: undefined method `first' for nil:NilClass,error: undefined method `first' for nil:NilClass,5/1/2022,10/20/2026,2.93,167,3497.87
44,British Airways,BA,BA2801,LHR,MAD,error: undefined method `first' for nil:NilClass,error: undefined method `first' for nil:NilClass,error: undefined method `first' for nil:NilClass,3/23/2026,1/17/2022,5.42,5471,2912.63
45,Delta Air Lines,DL,DL8835,JFK,SCL,error: undefined method `first' for nil:NilClass,error: undefined method `first' for nil:NilClass,error: undefined method `first' for nil:NilClass,5/28/2024,8/13/2024,5.72,2169,653.94
46,Air New Zealand,NZ,NZ2181,AKL,SYD,error: undefined method `first' for nil:NilClass,error: undefined method `first' for nil:NilClass,error: undefined method `first' for nil:NilClass,10/25/2023,5/19/2025,14.02,2140,3079.3
47,Singapore Airlines,SQ,SQ1240,SIN,MAD,error: undefined method `first' for nil:NilClass,error: undefined method `first' for nil:NilClass,error: undefined method `first' for nil:NilClass,6/15/2024,1/23/2023,1.16,3918,1998.72
48,Emirates,EK,EK6905,DXB,NBO,error: undefined method `first' for nil:NilClass,error: undefined method `first' for nil:NilClass,error: undefined method `first' for nil:NilClass,7/6/2023,3/26/2022,6.41,7351,3137.66
49,LATAM Airlines,LA,LA1124,GRU,EZE,error: undefined method `first' for nil:NilClass,error: undefined method `first' for nil:NilClass,error: undefined method `first' for nil:NilClass,8/5/2022,6/30/2026,7.3,990,1286.74
50,Ethiopian Airlines,ET,ET5433,ADD,FRA,error: undefined method `first' for nil:NilClass,error: undefined method `first' for nil:NilClass,error: undefined method `first' for nil:NilClass,5/22/2022,1/5/2025,13.67,4650,2306.59
51,United Airlines,UA,UA1770,LAX,DXB,error: undefined method `first' for nil:NilClass,error: undefined method `first' for nil:NilClass,error: undefined method `first' for nil:NilClass,11/30/2024,6/6/2025,3.21,4284,3373.26
52,Southwest Airlines,WN,WN9680,LAX,SFO,error: undefined method `first' for nil:NilClass,error: undefined method `first' for nil:NilClass,error: undefined method `first' for nil:NilClass,10/6/2023,4/30/2024,11.51,7130,1536.42
53,Southwest Airlines,WN,WN9686,LAX,DFW,error: undefined method `first' for nil:NilClass,error: undefined method `first' for nil:NilClass,error: undefined method `first' for nil:NilClass,7/5/2026,11/29/2023,16.95,5544,2588.24
54,South African Airways,SA,SA6084,JNB,CDG,error: undefined method `first' for nil:NilClass,error: undefined method `first' for nil:NilClass,error: undefined method `first' for nil:NilClass,8/24/2026,1/8/2025,10.54,3658,863.61
55,Southwest Airlines,WN,WN3907,LAX,SFO,error: undefined method `first' for nil:NilClass,error: undefined method `first' for nil:NilClass,error: undefined method `first' for nil:NilClass,4/25/2024,4/6/2024,16.24,3056,2563.73
56,Qatar Airways,QR,QR2909,DOH,ADD,error: undefined method `first' for nil:NilClass,error: undefined method `first' for nil:NilClass,error: undefined method `first' for nil:NilClass,5/23/2024,2/1/2026,3.61,6977,112.35
57,KLM Royal Dutch Airlines,KL,KL6990,AMS,CDG,error: undefined method `first' for nil:NilClass,error: undefined method `first' for nil:NilClass,error: undefined method `first' for nil:NilClass,7/24/2024,8/1/2026,3.2,1454,2450.63
58,Air New Zealand,NZ,NZ1420,AKL,SYD,error: undefined method `first' for nil:NilClass,error: undefined method `first' for nil:NilClass,error: undefined method `first' for nil:NilClass,11/19/2025,4/10/2025,12.13,508,1192.17
59,Air New Zealand,NZ,NZ9763,AKL,BOG,error: undefined method `first' for nil:NilClass,error: undefined method `first' for nil:NilClass,error: undefined method `first' for nil:NilClass,11/13/2026,4/22/2026,3.15,2363,521.39
60,Iberia,IB,IB8460,MAD,CDG,error: undefined method `first' for nil:NilClass,error: undefined method `first' for nil:NilClass,error: undefined method `first' for nil:NilClass,11/22/2023,3/20/2024,5.5,1855,1900.47
61,Singapore Airlines,SQ,SQ5486,SIN,KUL,error: undefined method `first' for nil:NilClass,error: undefined method `first' for nil:NilClass,error: undefined method `first' for nil:NilClass,2/3/2025,3/22/2022,15.61,8842,3298.18
62,Qantas,QF,QF3938,SYD,MEL,error: undefined method `first' for nil:NilClass,error: undefined method `first' for nil:NilClass,error: undefined method `first' for nil:NilClass,11/9/2022,3/31/2026,9.25,2625,1563.35
63,Air New Zealand,NZ,NZ4615,AKL,MUC,error: undefined method `first' for nil:NilClass,error: undefined method `first' for nil:NilClass,error: undefined method `first' for nil:NilClass,3/20/2025,10/16/2023,2.02,3390,1147.15
64,British Airways,BA,BA4142,LHR,CDG,error: undefined method `first' for nil:NilClass,error: undefined method `first' for nil:NilClass,error: undefined method `first' for nil:NilClass,4/9/2025,4/22/2026,7.24,3137,1566.65
65,Thai Airways,TG,TG3007,BKK,SIN,error: undefined method `first' for nil:NilClass,error: undefined method `first' for nil:NilClass,error: undefined method `first' for nil:NilClass,7/4/2026,3/26/2022,14.78,4956,994.08
66,SAS Scandinavian,SK,SK5933,CPH,MUC,error: undefined method `first' for nil:NilClass,error: undefined method `first' for nil:NilClass,error: undefined method `first' for nil:NilClass,6/6/2025,2/7/2026,14.75,4345,1652.63
67,Alitalia,AZ,AZ1329,FCO,CDG,error: undefined method `first' for nil:NilClass,error: undefined method `first' for nil:NilClass,error: undefined method `first' for nil:NilClass,9/4/2026,11/26/2024,1.6,1191,2134.69
68,Air France,AF,AF4149,CDG,FRA,error: undefined method `first' for nil:NilClass,error: undefined method `first' for nil:NilClass,error: undefined method `first' for nil:NilClass,4/27/2026,4/27/2022,9.02,7640,459.19
69,South African Airways,SA,SA2908,JNB,CDG,error: undefined method `first' for nil:NilClass,error: undefined method `first' for nil:NilClass,error: undefined method `first' for nil:NilClass,12/23/2023,11/6/2026,5.03,7088,2595.38
70,Thai Airways,TG,TG6220,BKK,PEK,error: undefined method `first' for nil:NilClass,error: undefined method `first' for nil:NilClass,error: undefined method `first' for nil:NilClass,9/17/2022,11/12/2023,10.23,8520,1863.52
71,United Airlines,UA,UA2406,LAX,SFO,error: undefined method `first' for nil:NilClass,error: undefined method `first' for nil:NilClass,error: undefined method `first' for nil:NilClass,5/10/2022,12/1/2023,15.56,5118,1930.16
72,KLM Royal Dutch Airlines,KL,KL2077,AMS,CDG,error: undefined method `first' for nil:NilClass,error: undefined method `first' for nil:NilClass,error: undefined method `first' for nil:NilClass,9/13/2024,6/21/2023,12.15,5095,1743.07
73,Air India,AI,AI2578,DEL,VIE,error: undefined method `first' for nil:NilClass,error: undefined method `first' for nil:NilClass,error: undefined method `first' for nil:NilClass,10/18/2026,11/11/2022,10.04,3283,1627.65
74,Korean Air,KE,KE3049,ICN,FCO,error: undefined method `first' for nil:NilClass,error: undefined method `first' for nil:NilClass,error: undefined method `first' for nil:NilClass,11/16/2026,6/18/2022,4.54,8844,142.9
75,Lufthansa,LH,LH4911,FRA,CDG,error: undefined method `first' for nil:NilClass,error: undefined method `first' for nil:NilClass,error: undefined method `first' for nil:NilClass,5/22/2025,7/16/2025,6.08,1445,2323.56
76,Qatar Airways,QR,QR6001,DOH,ADD,error: undefined method `first' for nil:NilClass,error: undefined method `first' for nil:NilClass,error: undefined method `first' for nil:NilClass,1/12/2022,10/18/2024,15.38,5556,2867.98
77,Qantas,QF,QF7728,SYD,ORD,error: undefined method `first' for nil:NilClass,error: undefined method `first' for nil:NilClass,error: undefined method `first' for nil:NilClass,6/21/2023,4/14/2024,9.89,234,2187.99
78,KLM Royal Dutch Airlines,KL,KL6990,AMS,CDG,error: undefined method `first' for nil:NilClass,error: undefined method `first' for nil:NilClass,error: undefined method `first' for nil:NilClass,2/8/2025,11/13/2024,6.56,1654,1762.43
79,Air Canada,AC,AC6451,YYZ,JFK,error: undefined method `first' for nil:NilClass,error: undefined method `first' for nil:NilClass,error: undefined method `first' for nil:NilClass,8/9/2024,11/2/2022,3.66,1911,1594.36
80,Aeroméxico,AM,AM6507,MEX,ORD,error: undefined method `first' for nil:NilClass,error: undefined method `first' for nil:NilClass,error: undefined method `first' for nil:NilClass,10/15/2024,6/26/2024,17.93,5816,656.85
81,LATAM Airlines,LA,LA5518,GRU,ATL,error: undefined method `first' for nil:NilClass,error: undefined method `first' for nil:NilClass,error: undefined method `first' for nil:NilClass,9/16/2024,10/4/2022,15.1,1796,3120.54
82,Air France,AF,AF2649,CDG,FRA,error: undefined method `first' for nil:NilClass,error: undefined method `first' for nil:NilClass,error: undefined method `first' for nil:NilClass,1/31/2024,3/18/2025,14.15,611,1634.51
83,Emirates,EK,EK1275,DXB,DOH,error: undefined method `first' for nil:NilClass,error: undefined method `first' for nil:NilClass,error: undefined method `first' for nil:NilClass,9/23/2022,6/25/2025,14.86,2112,1364.37
84,British Airways,BA,BA1149,LHR,CDG,error: undefined method `first' for nil:NilClass,error: undefined method `first' for nil:NilClass,error: undefined method `first' for nil:NilClass,8/15/2026,10/1/2022,13.25,6236,2771.46
85,Lufthansa,LH,LH6315,FRA,JNB,error: undefined method `first' for nil:NilClass,error: undefined method `first' for nil:NilClass,error: undefined method `first' for nil:NilClass,12/12/2023,8/29/2023,8.41,308,1528.86
86,Aeroméxico,AM,AM7520,MEX,ORD,error: undefined method `first' for nil:NilClass,error: undefined method `first' for nil:NilClass,error: undefined method `first' for nil:NilClass,9/8/2022,5/19/2025,5.45,1302,360.07
87,SAS Scandinavian,SK,SK9831,CPH,CDG,error: undefined method `first' for nil:NilClass,error: undefined method `first' for nil:NilClass,error: undefined method `first' for nil:NilClass,12/9/2022,3/18/2026,12.11,5247,2107.71
88,Qantas,QF,QF3681,SYD,BOS,error: undefined method `first' for nil:NilClass,error: undefined method `first' for nil:NilClass,error: undefined method `first' for nil:NilClass,10/22/2025,9/29/2024,13.48,4830,2110.73
89,Aeroméxico,AM,AM5776,MEX,ORD,error: undefined method `first' for nil:NilClass,error: undefined method `first' for nil:NilClass,error: undefined method `first' for nil:NilClass,5/30/2026,12/31/2025,17.41,7018,2245.99
90,LATAM Airlines,LA,LA4240,GRU,JFK,error: undefined method `first' for nil:NilClass,error: undefined method `first' for nil:NilClass,error: undefined method `first' for nil:NilClass,7/3/2025,2/19/2022,1.66,900,1367.81
91,Air New Zealand,NZ,NZ5451,AKL,SYD,error: undefined method `first' for nil:NilClass,error: undefined method `first' for nil:NilClass,error: undefined method `first' for nil:NilClass,12/6/2023,4/6/2023,16.86,5448,3060.38
92,Aeroméxico,AM,AM9126,MEX,ORD,error: undefined method `first' for nil:NilClass,error: undefined method `first' for nil:NilClass,error: undefined method `first' for nil:NilClass,4/30/2023,3/23/2025,14.27,2825,2375.45
93,Qantas,QF,QF5669,SYD,HND,error: undefined method `first' for nil:NilClass,error: undefined method `first' for nil:NilClass,error: undefined method `first' for nil:NilClass,7/26/2023,8/5/2022,17.78,3103,3485.12
94,Qantas,QF,QF1365,SYD,MEL,error: undefined method `first' for nil:NilClass,error: undefined method `first' for nil:NilClass,error: undefined method `first' for nil:NilClass,9/14/2025,11/18/2026,13.63,7640,467.59
95,British Airways,BA,BA7461,LHR,ADD,error: undefined method `first' for nil:NilClass,error: undefined method `first' for nil:NilClass,error: undefined method `first' for nil:NilClass,1/2/2024,12/1/2026,6.95,1871,2669.44
96,Thai Airways,TG,TG4154,BKK,SIN,error: undefined method `first' for nil:NilClass,error: undefined method `first' for nil:NilClass,error: undefined method `first' for nil:NilClass,6/26/2024,2/21/2023,11.27,2306,3029.05
97,Air New Zealand,NZ,NZ7733,AKL,SYD,error: undefined method `first' for nil:NilClass,error: undefined method `first' for nil:NilClass,error: undefined method `first' for nil:NilClass,8/12/2025,8/17/2025,11.81,905,1581.55
98,Delta Air Lines,DL,DL1467,JFK,SCL,error: undefined method `first' for nil:NilClass,error: undefined method `first' for nil:NilClass,error: undefined method `first' for nil:NilClass,5/16/2024,11/9/2025,12.81,8834,635.3
99,Air India,AI,AI5535,DEL,BOM,error: undefined method `first' for nil:NilClass,error: undefined method `first' for nil:NilClass,error: undefined method `first' for nil:NilClass,6/14/2023,9/2/2025,11.36,7727,2450.95
100,Korean Air,KE,KE3468,ICN,HND,error: undefined method `first' for nil:NilClass,error: undefined method `first' for nil:NilClass,error: undefined method `first' for nil:NilClass,12/2/2022,5/28/2023,3.27,6518,1529.33
101,Cathay Pacific,CX,CX4113,HKG,SIN,error: undefined method `first' for nil:NilClass,error: undefined method `first' for nil:NilClass,error: undefined method `first' for nil:NilClass,4/27/2024,8/31/2026,4.86,2871,238.89
102,Air India,AI,AI7579,DEL,BOM,error: undefined method `first' for nil:NilClass,error: undefined method `first' for nil:NilClass,error: undefined method `first' for nil:NilClass,1/16/2025,3/16/2026,14.63,135,2326.62
103,Avianca,AV,AV4539,BOG,SIN,error: undefined method `first' for nil:NilClass,error: undefined method `first' for nil:NilClass,error: undefined method `first' for nil:NilClass,7/3/2025,10/27/2023,15.14,7203,1426.64
104,Cathay Pacific,CX,CX6613,HKG,SIN,error: undefined method `first' for nil:NilClass,error: undefined method `first' for nil:NilClass,error: undefined method `first' for nil:NilClass,3/14/2026,6/4/2023,10.79,8607,1950.39
105,Delta Air Lines,DL,DL2477,JFK,ATL,error: undefined method `first' for nil:NilClass,error: undefined method `first' for nil:NilClass,error: undefined method `first' for nil:NilClass,12/11/2025,4/10/2026,14.08,7083,1415.01
106,Air France,AF,AF6961,CDG,FRA,error: undefined method `first' for nil:NilClass,error: undefined method `first' for nil:NilClass,error: undefined method `first' for nil:NilClass,8/5/2022,8/24/2022,12.24,6214,516.84
107,Emirates,EK,EK7011,DXB,DOH,error: undefined method `first' for nil:NilClass,error: undefined method `first' for nil:NilClass,error: undefined method `first' for nil:NilClass,7/14/2022,5/14/2025,11.69,7185,2908.67
108,United Airlines,UA,UA3003,LAX,DFW,error: undefined method `first' for nil:NilClass,error: undefined method `first' for nil:NilClass,error: undefined method `first' for nil:NilClass,10/19/2024,7/18/2023,0.35,781,3154.62
109,Thai Airways,TG,TG8477,BKK,SIN,error: undefined method `first' for nil:NilClass,error: undefined method `first' for nil:NilClass,error: undefined method `first' for nil:NilClass,8/25/2026,12/6/2022,10.54,7865,343.04
110,United Airlines,UA,UA9619,LAX,SFO,error: undefined method `first' for nil:NilClass,error: undefined method `first' for nil:NilClass,error: undefined method `first' for nil:NilClass,11/23/2024,9/4/2025,2.74,7875,1034.3
111,American Airlines,AA,AA4958,JFK,ATL,error: undefined method `first' for nil:NilClass,error: undefined method `first' for nil:NilClass,error: undefined method `first' for nil:NilClass,5/18/2025,11/28/2026,6.02,5739,612.7
112,LATAM Airlines,LA,LA1925,GRU,YYZ,error: undefined method `first' for nil:NilClass,error: undefined method `first' for nil:NilClass,error: undefined method `first' for nil:NilClass,3/21/2026,5/29/2023,10.07,1380,1193.9
113,American Airlines,AA,AA2376,JFK,ATL,error: undefined method `first' for nil:NilClass,error: undefined method `first' for nil:NilClass,error: undefined method `first' for nil:NilClass,12/10/2026,5/25/2024,16.84,1888,3364.33
114,SAS Scandinavian,SK,SK4970,CPH,CDG,error: undefined method `first' for nil:NilClass,error: undefined method `first' for nil:NilClass,error: undefined method `first' for nil:NilClass,11/18/2025,4/22/2023,1.76,1849,3178.82
115,Air France,AF,AF9603,CDG,FRA,error: undefined method `first' for nil:NilClass,error: undefined method `first' for nil:NilClass,error: undefined method `first' for nil:NilClass,9/7/2024,1/13/2023,3.74,5387,2356.9
116,Southwest Airlines,WN,WN5098,LAX,SFO,error: undefined method `first' for nil:NilClass,error: undefined method `first' for nil:NilClass,error: undefined method `first' for nil:NilClass,3/14/2026,1/24/2025,14.64,3273,2984.81
117,Cathay Pacific,CX,CX4721,HKG,SIN,error: undefined method `first' for nil:NilClass,error: undefined method `first' for nil:NilClass,error: undefined method `first' for nil:NilClass,8/3/2025,10/1/2023,17.58,1191,1647.38
118,South African Airways,SA,SA3713,JNB,FRA,error: undefined method `first' for nil:NilClass,error: undefined method `first' for nil:NilClass,error: undefined method `first' for nil:NilClass,2/22/2024,6/7/2022,11.13,5495,2925.47
119,Air India,AI,AI1979,DEL,BOM,error: undefined method `first' for nil:NilClass,error: undefined method `first' for nil:NilClass,error: undefined method `first' for nil:NilClass,2/23/2022,8/22/2023,8.98,3431,1711.87
120,KLM Royal Dutch Airlines,KL,KL1861,AMS,CDG,error: undefined method `first' for nil:NilClass,error: undefined method `first' for nil:NilClass,error: undefined method `first' for nil:NilClass,8/10/2026,9/13/2023,5.36,5835,3073.15
121,Lufthansa,LH,LH3957,FRA,CDG,error: undefined method `first' for nil:NilClass,error: undefined method `first' for nil:NilClass,error: undefined method `first' for nil:NilClass,8/23/2022,12/12/2023,9.13,8628,1641.59
122,Ethiopian Airlines,ET,ET5120,ADD,DOH,error: undefined method `first' for nil:NilClass,error: undefined method `first' for nil:NilClass,error: undefined method `first' for nil:NilClass,9/24/2025,2/3/2024,17.08,3045,1545.49
123,LATAM Airlines,LA,LA4064,GRU,EZE,error: undefined method `first' for nil:NilClass,error: undefined method `first' for nil:NilClass,error: undefined method `first' for nil:NilClass,5/24/2026,5/2/2023,7.13,3502,1235.34
124,Lufthansa,LH,LH2095,FRA,CDG,error: undefined method `first' for nil:NilClass,error: undefined method `first' for nil:NilClass,error: undefined method `first' for nil:NilClass,8/7/2022,10/18/2023,0.92,6338,1818.72
125,Southwest Airlines,WN,WN1209,LAX,SFO,error: undefined method `first' for nil:NilClass,error: undefined method `first' for nil:NilClass,error: undefined method `first' for nil:NilClass,11/25/2022,2/15/2025,8.83,817,3387.92
126,All Nippon Airways,NH,NH3833,HND,CPT,error: undefined method `first' for nil:NilClass,error: undefined method `first' for nil:NilClass,error: undefined method `first' for nil:NilClass,5/9/2025,5/8/2025,6.94,1822,2470.54
127,Air India,AI,AI2581,DEL,BOM,error: undefined method `first' for nil:NilClass,error: undefined method `first' for nil:NilClass,error: undefined method `first' for nil:NilClass,9/25/2025,11/8/2022,2.64,178,2724.13
128,Air New Zealand,NZ,NZ4960,AKL,SYD,error: undefined method `first' for nil:NilClass,error: undefined method `first' for nil:NilClass,error: undefined method `first' for nil:NilClass,9/6/2025,3/3/2026,16.57,856,3326.85
129,British Airways,BA,BA6869,LHR,CDG,error: undefined method `first' for nil:NilClass,error: undefined method `first' for nil:NilClass,error: undefined method `first' for nil:NilClass,7/28/2022,6/13/2022,2.44,7399,2317.4
130,Southwest Airlines,WN,WN2849,LAX,ORD,error: undefined method `first' for nil:NilClass,error: undefined method `first' for nil:NilClass,error: undefined method `first' for nil:NilClass,1/18/2025,12/7/2025,12.34,6902,1846.27
131,Singapore Airlines,SQ,SQ5996,SIN,PEK,error: undefined method `first' for nil:NilClass,error: undefined method `first' for nil:NilClass,error: undefined method `first' for nil:NilClass,6/3/2024,11/19/2024,6.04,8740,3010.77
132,All Nippon Airways,NH,NH8158,HND,ICN,error: undefined method `first' for nil:NilClass,error: undefined method `first' for nil:NilClass,error: undefined method `first' for nil:NilClass,6/10/2025,2/10/2026,2.96,2586,3321.04
133,Singapore Airlines,SQ,SQ6136,SIN,PEK,error: undefined method `first' for nil:NilClass,error: undefined method `first' for nil:NilClass,error: undefined method `first' for nil:NilClass,8/31/2026,10/26/2026,14.81,5085,2628.37
134,SAS Scandinavian,SK,SK7338,CPH,CDG,error: undefined method `first' for nil:NilClass,error: undefined method `first' for nil:NilClass,error: undefined method `first' for nil:NilClass,8/9/2022,8/14/2026,5.71,5132,866.0
135,Air India,AI,AI1710,DEL,BOM,error: undefined method `first' for nil:NilClass,error: undefined method `first' for nil:NilClass,error: undefined method `first' for nil:NilClass,7/7/2025,1/15/2024,12.99,622,1482.15
136,Emirates,EK,EK3996,DXB,DOH,error: undefined method `first' for nil:NilClass,error: undefined method `first' for nil:NilClass,error: undefined method `first' for nil:NilClass,1/17/2024,1/7/2025,3.44,2553,2320.34
137,Ethiopian Airlines,ET,ET8511,ADD,DOH,error: undefined method `first' for nil:NilClass,error: undefined method `first' for nil:NilClass,error: undefined method `first' for nil:NilClass,9/8/2024,7/30/2025,0.37,4001,2081.9
138,South African Airways,SA,SA8756,JNB,CDG,error: undefined method `first' for nil:NilClass,error: undefined method `first' for nil:NilClass,error: undefined method `first' for nil:NilClass,3/26/2023,2/18/2026,1.2,535,1789.8
139,Aeroméxico,AM,AM4741,MEX,ORD,error: undefined method `first' for nil:NilClass,error: undefined method `first' for nil:NilClass,error: undefined method `first' for nil:NilClass,2/10/2023,9/23/2022,13.96,5849,446.12
140,British Airways,BA,BA3470,LHR,CDG,error: undefined method `first' for nil:NilClass,error: undefined method `first' for nil:NilClass,error: undefined method `first' for nil:NilClass,7/13/2023,7/9/2023,14.54,4829,2194.2
141,Air New Zealand,NZ,NZ7379,AKL,SYD,error: undefined method `first' for nil:NilClass,error: undefined method `first' for nil:NilClass,error: undefined method `first' for nil:NilClass,7/10/2026,1/10/2024,2.54,6747,2932.62
142,Air India,AI,AI2709,DEL,BOM,error: undefined method `first' for nil:NilClass,error: undefined method `first' for nil:NilClass,error: undefined method `first' for nil:NilClass,12/6/2024,2/1/2023,15.89,6123,962.28
143,Air Canada,AC,AC6946,YYZ,JFK,error: undefined method `first' for nil:NilClass,error: undefined method `first' for nil:NilClass,error: undefined method `first' for nil:NilClass,1/8/2026,5/15/2024,10.76,7291,1198.01
144,Southwest Airlines,WN,WN7860,LAX,SFO,error: undefined method `first' for nil:NilClass,error: undefined method `first' for nil:NilClass,error: undefined method `first' for nil:NilClass,4/2/2024,7/9/2022,4.35,4791,2538.07
145,LATAM Airlines,LA,LA3448,GRU,EZE,error: undefined method `first' for nil:NilClass,error: undefined method `first' for nil:NilClass,error: undefined method `first' for nil:NilClass,10/5/2023,3/16/2023,4.28,1981,2853.91
146,Lufthansa,LH,LH7839,FRA,ZRH,error: undefined method `first' for nil:NilClass,error: undefined method `first' for nil:NilClass,error: undefined method `first' for nil:NilClass,3/15/2023,9/11/2022,3.33,5392,2939.26
147,Air France,AF,AF1424,CDG,CPH,error: undefined method `first' for nil:NilClass,error: undefined method `first' for nil:NilClass,error: undefined method `first' for nil:NilClass,3/16/2022,1/21/2023,15.19,2894,1840.82
148,Qantas,QF,QF1141,SYD,MEL,error: undefined method `first' for nil:NilClass,error: undefined method `first' for nil:NilClass,error: undefined method `first' for nil:NilClass,8/6/2022,12/2/2024,8.44,272,1396.53
149,Avianca,AV,AV3679,BOG,LAX,error: undefined method `first' for nil:NilClass,error: undefined method `first' for nil:NilClass,error: undefined method `first' for nil:NilClass,9/19/2026,12/2/2026,17.37,2417,3081.06
150,Southwest Airlines,WN,WN2810,LAX,SFO,error: undefined method `first' for nil:NilClass,error: undefined method `first' for nil:NilClass,error: undefined method `first' for nil:NilClass,12/6/2023,6/26/2023,8.04,6390,1780.29
151,Southwest Airlines,WN,WN8141,LAX,SFO,error: undefined method `first' for nil:NilClass,error: undefined method `first' for nil:NilClass,error: undefined method `first' for nil:NilClass,11/10/2024,4/19/2025,0.62,7872,689.77
152,Thai Airways,TG,TG7029,BKK,SIN,error: undefined method `first' for nil:NilClass,error: undefined method `first' for nil:NilClass,error: undefined method `first' for nil:NilClass,5/17/2023,12/19/2025,15.33,4440,447.51
153,Air France,AF,AF1252,CDG,AMS,error: undefined method `first' for nil:NilClass,error: undefined method `first' for nil:NilClass,error: undefined method `first' for nil:NilClass,11/2/2022,1/13/2026,11.52,6275,322.78
154,LATAM Airlines,LA,LA3325,GRU,EZE,error: undefined method `first' for nil:NilClass,error: undefined method `first' for nil:NilClass,error: undefined method `first' for nil:NilClass,8/13/2022,9/28/2025,0.46,7043,2380.96
155,All Nippon Airways,NH,NH6266,HND,SYD,error: undefined method `first' for nil:NilClass,error: undefined method `first' for nil:NilClass,error: undefined method `first' for nil:NilClass,9/12/2026,4/3/2025,6.77,4384,2866.06
156,British Airways,BA,BA2476,LHR,MAD,error: undefined method `first' for nil:NilClass,error: undefined method `first' for nil:NilClass,error: undefined method `first' for nil:NilClass,5/5/2022,5/2/2026,8.16,8391,1593.29
157,KLM Royal Dutch Airlines,KL,KL5197,AMS,CDG,error: undefined method `first' for nil:NilClass,error: undefined method `first' for nil:NilClass,error: undefined method `first' for nil:NilClass,2/18/2025,3/12/2024,0.61,3626,774.61
158,Cathay Pacific,CX,CX7350,HKG,BOM,error: undefined method `first' for nil:NilClass,error: undefined method `first' for nil:NilClass,error: undefined method `first' for nil:NilClass,1/2/2026,5/17/2024,10.48,147,1171.95
159,Avianca,AV,AV4401,BOG,ORD,error: undefined method `first' for nil:NilClass,error: undefined method `first' for nil:NilClass,error: undefined method `first' for nil:NilClass,5/6/2025,1/14/2026,10.56,6655,2042.05
160,Lufthansa,LH,LH2394,FRA,SYD,error: undefined method `first' for nil:NilClass,error: undefined method `first' for nil:NilClass,error: undefined method `first' for nil:NilClass,8/8/2023,2/28/2022,6.67,1677,3334.66
161,Air France,AF,AF4017,CDG,FRA,error: undefined method `first' for nil:NilClass,error: undefined method `first' for nil:NilClass,error: undefined method `first' for nil:NilClass,10/28/2023,5/3/2022,8.93,4063,197.21
162,Delta Air Lines,DL,DL7685,JFK,ATL,error: undefined method `first' for nil:NilClass,error: undefined method `first' for nil:NilClass,error: undefined method `first' for nil:NilClass,11/15/2022,3/1/2025,7.92,3699,3287.92
163,United Airlines,UA,UA5308,LAX,LIM,error: undefined method `first' for nil:NilClass,error: undefined method `first' for nil:NilClass,error: undefined method `first' for nil:NilClass,4/9/2023,2/24/2024,3.56,3252,1015.48
164,American Airlines,AA,AA4754,JFK,ATL,error: undefined method `first' for nil:NilClass,error: undefined method `first' for nil:NilClass,error: undefined method `first' for nil:NilClass,6/3/2024,12/6/2025,7.51,107,3478.99
165,Emirates,EK,EK6023,DXB,DOH,error: undefined method `first' for nil:NilClass,error: undefined method `first' for nil:NilClass,error: undefined method `first' for nil:NilClass,1/12/2022,12/4/2022,16.94,6205,2330.18
166,Aeroméxico,AM,AM3107,MEX,ORD,error: undefined method `first' for nil:NilClass,error: undefined method `first' for nil:NilClass,error: undefined method `first' for nil:NilClass,6/29/2025,11/11/2024,2.47,8244,115.63
167,Southwest Airlines,WN,WN2179,LAX,CAI,error: undefined method `first' for nil:NilClass,error: undefined method `first' for nil:NilClass,error: undefined method `first' for nil:NilClass,2/1/2023,5/23/2024,5.14,2758,1703.58
168,Southwest Airlines,WN,WN5147,LAX,SFO,error: undefined method `first' for nil:NilClass,error: undefined method `first' for nil:NilClass,error: undefined method `first' for nil:NilClass,6/20/2023,6/10/2024,12.12,2744,3485.6
169,Air India,AI,AI4651,DEL,BOM,error: undefined method `first' for nil:NilClass,error: undefined method `first' for nil:NilClass,error: undefined method `first' for nil:NilClass,3/31/2024,11/12/2024,7.8,2621,3198.57
170,South African Airways,SA,SA7437,JNB,CDG,error: undefined method `first' for nil:NilClass,error: undefined method `first' for nil:NilClass,error: undefined method `first' for nil:NilClass,5/17/2022,10/29/2023,14.05,788,2209.98
171,Air New Zealand,NZ,NZ8966,AKL,BOS,error: undefined method `first' for nil:NilClass,error: undefined method `first' for nil:NilClass,error: undefined method `first' for nil:NilClass,8/11/2024,10/15/2024,9.73,5440,768.82
172,Emirates,EK,EK1205,DXB,SYD,error: undefined method `first' for nil:NilClass,error: undefined method `first' for nil:NilClass,error: undefined method `first' for nil:NilClass,11/3/2022,10/10/2026,9.18,5278,3336.03
173,Singapore Airlines,SQ,SQ7261,SIN,PEK,error: undefined method `first' for nil:NilClass,error: undefined method `first' for nil:NilClass,error: undefined method `first' for nil:NilClass,4/6/2023,1/6/2022,16.08,1522,2273.19
174,Thai Airways,TG,TG4764,BKK,SIN,error: undefined method `first' for nil:NilClass,error: undefined method `first' for nil:NilClass,error: undefined method `first' for nil:NilClass,12/30/2022,9/21/2025,12.59,2193,1344.62
175,United Airlines,UA,UA6894,LAX,SFO,error: undefined method `first' for nil:NilClass,error: undefined method `first' for nil:NilClass,error: undefined method `first' for nil:NilClass,11/2/2022,9/3/2026,6.57,1964,875.14
176,Qantas,QF,QF5171,SYD,MEL,error: undefined method `first' for nil:NilClass,error: undefined method `first' for nil:NilClass,error: undefined method `first' for nil:NilClass,7/22/2026,9/2/2024,6.06,1708,2348.75
177,SAS Scandinavian,SK,SK5109,CPH,CDG,error: undefined method `first' for nil:NilClass,error: undefined method `first' for nil:NilClass,error: undefined method `first' for nil:NilClass,1/22/2026,5/8/2026,10.24,1884,409.87
178,Avianca,AV,AV8325,BOG,MEX,error: undefined method `first' for nil:NilClass,error: undefined method `first' for nil:NilClass,error: undefined method `first' for nil:NilClass,11/6/2024,11/3/2026,8.13,6873,1648.76
179,Singapore Airlines,SQ,SQ5675,SIN,PEK,error: undefined method `first' for nil:NilClass,error: undefined method `first' for nil:NilClass,error: undefined method `first' for nil:NilClass,7/21/2025,9/23/2025,4.39,2746,2509.56
180,KLM Royal Dutch Airlines,KL,KL9443,AMS,CDG,error: undefined method `first' for nil:NilClass,error: undefined method `first' for nil:NilClass,error: undefined method `first' for nil:NilClass,10/6/2023,5/31/2022,7.43,7539,2637.36
181,Qatar Airways,QR,QR4230,DOH,ADD,error: undefined method `first' for nil:NilClass,error: undefined method `first' for nil:NilClass,error: undefined method `first' for nil:NilClass,4/29/2026,3/5/2024,2.82,4516,2601.41
182,Lufthansa,LH,LH3297,FRA,CDG,error: undefined method `first' for nil:NilClass,error: undefined method `first' for nil:NilClass,error: undefined method `first' for nil:NilClass,9/14/2024,12/29/2023,7.6,1969,525.85
183,Aeroméxico,AM,AM1859,MEX,ORD,error: undefined method `first' for nil:NilClass,error: undefined method `first' for nil:NilClass,error: undefined method `first' for nil:NilClass,9/4/2024,2/24/2026,13.3,539,587.81
184,Air Canada,AC,AC5480,YYZ,JFK,error: undefined method `first' for nil:NilClass,error: undefined method `first' for nil:NilClass,error: undefined method `first' for nil:NilClass,7/3/2025,6/4/2023,11.88,7780,2887.41
185,Delta Air Lines,DL,DL9121,JFK,ATL,error: undefined method `first' for nil:NilClass,error: undefined method `first' for nil:NilClass,error: undefined method `first' for nil:NilClass,11/20/2023,11/5/2025,16.98,8905,2723.39
186,Southwest Airlines,WN,WN2114,LAX,SFO,error: undefined method `first' for nil:NilClass,error: undefined method `first' for nil:NilClass,error: undefined method `first' for nil:NilClass,5/5/2022,10/23/2024,6.5,3163,2853.1
187,Aeroméxico,AM,AM6955,MEX,JFK,error: undefined method `first' for nil:NilClass,error: undefined method `first' for nil:NilClass,error: undefined method `first' for nil:NilClass,1/19/2024,10/19/2023,12.94,7490,1402.0
188,LATAM Airlines,LA,LA8742,GRU,EZE,error: undefined method `first' for nil:NilClass,error: undefined method `first' for nil:NilClass,error: undefined method `first' for nil:NilClass,4/13/2025,11/26/2026,4.11,7172,2254.65
189,Southwest Airlines,WN,WN6588,LAX,SFO,error: undefined method `first' for nil:NilClass,error: undefined method `first' for nil:NilClass,error: undefined method `first' for nil:NilClass,11/6/2022,3/30/2024,6.79,5453,2568.52
190,American Airlines,AA,AA5562,JFK,ATL,error: undefined method `first' for nil:NilClass,error: undefined method `first' for nil:NilClass,error: undefined method `first' for nil:NilClass,9/19/2022,12/26/2024,17.27,4034,2466.22
191,SAS Scandinavian,SK,SK9731,CPH,CDG,error: undefined method `first' for nil:NilClass,error: undefined method `first' for nil:NilClass,error: undefined method `first' for nil:NilClass,6/16/2024,12/23/2025,4.98,3563,290.97
192,Air New Zealand,NZ,NZ6454,AKL,SYD,error: undefined method `first' for nil:NilClass,error: undefined method `first' for nil:NilClass,error: undefined method `first' for nil:NilClass,6/12/2023,10/12/2025,16.28,8958,2943.68
193,United Airlines,UA,UA1658,LAX,SEA,error: undefined method `first' for nil:NilClass,error: undefined method `first' for nil:NilClass,error: undefined method `first' for nil:NilClass,7/19/2022,11/3/2023,9.51,6308,1879.62
194,Emirates,EK,EK9505,DXB,ADD,error: undefined method `first' for nil:NilClass,error: undefined method `first' for nil:NilClass,error: undefined method `first' for nil:NilClass,6/29/2022,7/9/2024,16.4,6810,2802.77
195,Lufthansa,LH,LH3993,FRA,CDG,error: undefined method `first' for nil:NilClass,error: undefined method `first' for nil:NilClass,error: undefined method `first' for nil:NilClass,7/10/2026,2/22/2026,10.58,7880,2986.22
196,Avianca,AV,AV8856,BOG,ORD,error: undefined method `first' for nil:NilClass,error: undefined method `first' for nil:NilClass,error: undefined method `first' for nil:NilClass,11/28/2025,4/10/2026,11.68,8209,282.74
197,Lufthansa,LH,LH8821,FRA,FCO,error: undefined method `first' for nil:NilClass,error: undefined method `first' for nil:NilClass,error: undefined method `first' for nil:NilClass,6/14/2024,8/8/2022,5.4,1221,1474.54
198,Avianca,AV,AV7144,BOG,ORD,error: undefined method `first' for nil:NilClass,error: undefined method `first' for nil:NilClass,error: undefined method `first' for nil:NilClass,6/23/2022,9/8/2025,13.23,2762,3499.42
199,Cathay Pacific,CX,CX7797,HKG,SIN,error: undefined method `first' for nil:NilClass,error: undefined method `first' for nil:NilClass,error: undefined method `first' for nil:NilClass,10/3/2025,2/11/2024,8.18,7694,742.0
200,Delta Air Lines,DL,DL9974,JFK,HKG,error: undefined method `first' for nil:NilClass,error: undefined method `first' for nil:NilClass,error: undefined method `first' for nil:NilClass,7/5/2024,7/29/2026,3.61,1408,1122.73
201,Delta Air Lines,DL,DL4692,JFK,ATL,error: undefined method `first' for nil:NilClass,error: undefined method `first' for nil:NilClass,error: undefined method `first' for nil:NilClass,5/23/2024,2/22/2025,9.77,4696,1741.37
202,Avianca,AV,AV9918,BOG,LAX,error: undefined method `first' for nil:NilClass,error: undefined method `first' for nil:NilClass,error: undefined method `first' for nil:NilClass,6/17/2023,2/3/2026,3.76,6547,3256.73
203,Cathay Pacific,CX,CX7980,HKG,SIN,error: undefined method `first' for nil:NilClass,error: undefined method `first' for nil:NilClass,error: undefined method `first' for nil:NilClass,1/1/2025,2/2/2025,8.86,2580,2716.59
204,Qantas,QF,QF4886,SYD,BNE,error: undefined method `first' for nil:NilClass,error: undefined method `first' for nil:NilClass,error: undefined method `first' for nil:NilClass,1/31/2026,9/27/2025,1.88,2337,889.51
205,Air New Zealand,NZ,NZ6357,AKL,SYD,error: undefined method `first' for nil:NilClass,error: undefined method `first' for nil:NilClass,error: undefined method `first' for nil:NilClass,9/29/2024,9/27/2022,0.88,7935,1715.83
206,South African Airways,SA,SA7416,JNB,ZRH,error: undefined method `first' for nil:NilClass,error: undefined method `first' for nil:NilClass,error: undefined method `first' for nil:NilClass,10/9/2022,12/20/2024,1.53,1268,742.63
207,Iberia,IB,IB7668,MAD,CDG,error: undefined method `first' for nil:NilClass,error: undefined method `first' for nil:NilClass,error: undefined method `first' for nil:NilClass,7/4/2025,7/23/2024,2.28,5209,2810.07
208,Iberia,IB,IB6399,MAD,MEX,error: undefined method `first' for nil:NilClass,error: undefined method `first' for nil:NilClass,error: undefined method `first' for nil:NilClass,4/14/2026,12/15/2022,3.03,8623,526.34
209,Singapore Airlines,SQ,SQ7616,SIN,PEK,error: undefined method `first' for nil:NilClass,error: undefined method `first' for nil:NilClass,error: undefined method `first' for nil:NilClass,9/3/2024,10/29/2025,16.97,1303,1962.02
210,South African Airways,SA,SA2417,JNB,CDG,error: undefined method `first' for nil:NilClass,error: undefined method `first' for nil:NilClass,error: undefined method `first' for nil:NilClass,4/4/2026,8/15/2024,8.76,3282,3399.34
211,British Airways,BA,BA6647,LHR,MAD,error: undefined method `first' for nil:NilClass,error: undefined method `first' for nil:NilClass,error: undefined method `first' for nil:NilClass,12/4/2025,3/23/2025,0.88,3855,1216.81
212,Thai Airways,TG,TG2523,BKK,SIN,error: undefined method `first' for nil:NilClass,error: undefined method `first' for nil:NilClass,error: undefined method `first' for nil:NilClass,2/14/2025,2/18/2026,3.81,4211,3019.79
213,Air New Zealand,NZ,NZ4073,AKL,SYD,error: undefined method `first' for nil:NilClass,error: undefined method `first' for nil:NilClass,error: undefined method `first' for nil:NilClass,1/11/2023,7/12/2025,11.13,3121,914.41
214,Singapore Airlines,SQ,SQ4020,SIN,PEK,error: undefined method `first' for nil:NilClass,error: undefined method `first' for nil:NilClass,error: undefined method `first' for nil:NilClass,2/28/2026,5/27/2026,7.66,6405,236.91
215,LATAM Airlines,LA,LA5271,GRU,EZE,error: undefined method `first' for nil:NilClass,error: undefined method `first' for nil:NilClass,error: undefined method `first' for nil:NilClass,6/2/2023,9/20/2022,1.85,1443,1678.75
216,Aeroméxico,AM,AM3278,MEX,ORD,error: undefined method `first' for nil:NilClass,error: undefined method `first' for nil:NilClass,error: undefined method `first' for nil:NilClass,8/20/2026,12/7/2024,4.2,6347,342.71
217,SAS Scandinavian,SK,SK9059,CPH,SFO,error: undefined method `first' for nil:NilClass,error: undefined method `first' for nil:NilClass,error: undefined method `first' for nil:NilClass,4/20/2024,11/7/2025,14.55,3544,205.12
218,Iberia,IB,IB1115,MAD,CDG,error: undefined method `first' for nil:NilClass,error: undefined method `first' for nil:NilClass,error: undefined method `first' for nil:NilClass,10/31/2026,3/12/2024,4.07,3660,2109.47
219,Air France,AF,AF7307,CDG,FRA,error: undefined method `first' for nil:NilClass,error: undefined method `first' for nil:NilClass,error: undefined method `first' for nil:NilClass,1/19/2025,4/18/2022,14.39,4455,2856.25
220,Korean Air,KE,KE7613,ICN,HND,error: undefined method `first' for nil:NilClass,error: undefined method `first' for nil:NilClass,error: undefined method `first' for nil:NilClass,10/25/2023,2/14/2026,17.36,7881,1318.34
221,Thai Airways,TG,TG7299,BKK,SIN,error: undefined method `first' for nil:NilClass,error: undefined method `first' for nil:NilClass,error: undefined method `first' for nil:NilClass,2/3/2024,6/11/2026,16.99,4434,2369.72
222,Lufthansa,LH,LH3657,FRA,CDG,error: undefined method `first' for nil:NilClass,error: undefined method `first' for nil:NilClass,error: undefined method `first' for nil:NilClass,10/23/2025,10/29/2025,7.66,2971,3015.22
223,SAS Scandinavian,SK,SK3209,CPH,CDG,error: undefined method `first' for nil:NilClass,error: undefined method `first' for nil:NilClass,error: undefined method `first' for nil:NilClass,9/11/2024,9/30/2023,12.32,7847,2389.91
224,Singapore Airlines,SQ,SQ9635,SIN,PEK,error: undefined method `first' for nil:NilClass,error: undefined method `first' for nil:NilClass,error: undefined method `first' for nil:NilClass,4/1/2023,9/26/2024,3.43,5840,2567.71
225,Air New Zealand,NZ,NZ7909,AKL,SYD,error: undefined method `first' for nil:NilClass,error: undefined method `first' for nil:NilClass,error: undefined method `first' for nil:NilClass,12/28/2024,1/4/2022,16.91,8800,1643.01
226,British Airways,BA,BA8830,LHR,CPH,error: undefined method `first' for nil:NilClass,error: undefined method `first' for nil:NilClass,error: undefined method `first' for nil:NilClass,7/23/2025,4/10/2025,15.42,6977,1393.96
227,Southwest Airlines,WN,WN4007,LAX,SFO,error: undefined method `first' for nil:NilClass,error: undefined method `first' for nil:NilClass,error: undefined method `first' for nil:NilClass,12/3/2026,1/4/2022,15.6,5220,264.71
228,Air France,AF,AF5186,CDG,FRA,error: undefined method `first' for nil:NilClass,error: undefined method `first' for nil:NilClass,error: undefined method `first' for nil:NilClass,4/8/2026,6/9/2024,4.53,6907,1887.79
229,KLM Royal Dutch Airlines,KL,KL2216,AMS,CDG,error: undefined method `first' for nil:NilClass,error: undefined method `first' for nil:NilClass,error: undefined method `first' for nil:NilClass,6/19/2026,8/7/2022,16.62,6199,1663.97
230,Lufthansa,LH,LH9130,FRA,CDG,error: undefined method `first' for nil:NilClass,error: undefined method `first' for nil:NilClass,error: undefined method `first' for nil:NilClass,12/24/2022,5/25/2022,6.66,1276,2345.98
231,British Airways,BA,BA6353,LHR,CDG,error: undefined method `first' for nil:NilClass,error: undefined method `first' for nil:NilClass,error: undefined method `first' for nil:NilClass,10/3/2026,5/14/2022,12.49,2805,2968.98
232,Emirates,EK,EK9530,DXB,ADD,error: undefined method `first' for nil:NilClass,error: undefined method `first' for nil:NilClass,error: undefined method `first' for nil:NilClass,5/26/2026,9/12/2023,5.66,4870,3226.09
233,Delta Air Lines,DL,DL2527,JFK,ATL,error: undefined method `first' for nil:NilClass,error: undefined method `first' for nil:NilClass,error: undefined method `first' for nil:NilClass,4/7/2023,5/8/2025,16.28,82,2761.65
234,Air New Zealand,NZ,NZ8173,AKL,SYD,error: undefined method `first' for nil:NilClass,error: undefined method `first' for nil:NilClass,error: undefined method `first' for nil:NilClass,5/15/2026,12/1/2023,15.83,1750,2585.41
235,South African Airways,SA,SA4830,JNB,ADD,error: undefined method `first' for nil:NilClass,error: undefined method `first' for nil:NilClass,error: undefined method `first' for nil:NilClass,5/2/2025,10/24/2022,17.43,6641,1648.95
236,Ethiopian Airlines,ET,ET5433,ADD,FRA,error: undefined method `first' for nil:NilClass,error: undefined method `first' for nil:NilClass,error: undefined method `first' for nil:NilClass,7/21/2025,11/30/2022,5.81,7352,2563.65
237,Delta Air Lines,DL,DL7893,JFK,ATL,error: undefined method `first' for nil:NilClass,error: undefined method `first' for nil:NilClass,error: undefined method `first' for nil:NilClass,10/14/2023,1/29/2022,6.07,5071,309.74
238,Qantas,QF,QF7248,SYD,PEK,error: undefined method `first' for nil:NilClass,error: undefined method `first' for nil:NilClass,error: undefined method `first' for nil:NilClass,12/2/2024,9/15/2023,8.6,5571,2470.83
239,Ethiopian Airlines,ET,ET5032,ADD,DOH,error: undefined method `first' for nil:NilClass,error: undefined method `first' for nil:NilClass,error: undefined method `first' for nil:NilClass,2/10/2024,3/24/2024,3.8,1933,682.56
240,Cathay Pacific,CX,CX9286,HKG,SIN,error: undefined method `first' for nil:NilClass,error: undefined method `first' for nil:NilClass,error: undefined method `first' for nil:NilClass,10/28/2022,2/9/2026,17.35,605,444.07
241,Qantas,QF,QF2015,SYD,MEL,error: undefined method `first' for nil:NilClass,error: undefined method `first' for nil:NilClass,error: undefined method `first' for nil:NilClass,7/28/2024,8/17/2024,14.11,7312,2210.76
242,British Airways,BA,BA2226,LHR,ZRH,error: undefined method `first' for nil:NilClass,error: undefined method `first' for nil:NilClass,error: undefined method `first' for nil:NilClass,5/22/2022,12/8/2025,4.49,4487,1188.34
243,Cathay Pacific,CX,CX2864,HKG,HND,error: undefined method `first' for nil:NilClass,error: undefined method `first' for nil:NilClass,error: undefined method `first' for nil:NilClass,10/27/2024,11/5/2024,3.48,6861,2080.93
244,LATAM Airlines,LA,LA5271,GRU,EZE,error: undefined method `first' for nil:NilClass,error: undefined method `first' for nil:NilClass,error: undefined method `first' for nil:NilClass,8/25/2024,8/31/2023,14.63,2492,510.65
245,British Airways,BA,BA6693,LHR,CDG,error: undefined method `first' for nil:NilClass,error: undefined method `first' for nil:NilClass,error: undefined method `first' for nil:NilClass,12/4/2022,9/25/2024,15.39,2048,2072.24
246,Aeroméxico,AM,AM3648,MEX,CDG,error: undefined method `first' for nil:NilClass,error: undefined method `first' for nil:NilClass,error: undefined method `first' for nil:NilClass,9/16/2025,10/2/2025,9.99,7462,1541.64
247,Southwest Airlines,WN,WN5788,LAX,SFO,error: undefined method `first' for nil:NilClass,error: undefined method `first' for nil:NilClass,error: undefined method `first' for nil:NilClass,7/4/2023,5/31/2025,10.74,5103,2487.87
248,Korean Air,KE,KE3610,ICN,NBO,error: undefined method `first' for nil:NilClass,error: undefined method `first' for nil:NilClass,error: undefined method `first' for nil:NilClass,12/24/2025,11/9/2024,12.96,1731,1187.24
249,Emirates,EK,EK5372,DXB,ADD,error: undefined method `first' for nil:NilClass,error: undefined method `first' for nil:NilClass,error: undefined method `first' for nil:NilClass,8/8/2026,2/11/2024,8.09,8639,1146.79
250,Avianca,AV,AV2942,BOG,MEX,error: undefined method `first' for nil:NilClass,error: undefined method `first' for nil:NilClass,error: undefined method `first' for nil:NilClass,10/14/2023,8/2/2026,2.17,8001,276.27
251,Cathay Pacific,CX,CX5129,HKG,DXB,error: undefined method `first' for nil:NilClass,error: undefined method `first' for nil:NilClass,error: undefined method `first' for nil:NilClass,10/15/2024,6/23/2024,3.14,2200,3060.96
252,Lufthansa,LH,LH3446,FRA,CDG,error: undefined method `first' for nil:NilClass,error: undefined method `first' for nil:NilClass,error: undefined method `first' for nil:NilClass,9/14/2026,10/15/2026,1.69,5594,1303.61
253,LATAM Airlines,LA,LA9924,GRU,EZE,error: undefined method `first' for nil:NilClass,error: undefined method `first' for nil:NilClass,error: undefined method `first' for nil:NilClass,11/2/2026,10/25/2025,15.42,833,701.04
254,Qatar Airways,QR,QR1958,DOH,EZE,error: undefined method `first' for nil:NilClass,error: undefined method `first' for nil:NilClass,error: undefined method `first' for nil:NilClass,8/19/2025,8/9/2025,3.3,4290,1371.97
255,Iberia,IB,IB8895,MAD,EZE,error: undefined method `first' for nil:NilClass,error: undefined method `first' for nil:NilClass,error: undefined method `first' for nil:NilClass,8/16/2025,4/24/2026,9.44,623,3003.65
256,Thai Airways,TG,TG6855,BKK,SIN,error: undefined method `first' for nil:NilClass,error: undefined method `first' for nil:NilClass,error: undefined method `first' for nil:NilClass,6/20/2025,6/23/2026,8.64,4189,369.84
257,Air Canada,AC,AC2055,YYZ,JFK,error: undefined method `first' for nil:NilClass,error: undefined method `first' for nil:NilClass,error: undefined method `first' for nil:NilClass,4/10/2026,7/10/2023,1.18,8129,1379.94
258,Cathay Pacific,CX,CX5049,HKG,SIN,error: undefined method `first' for nil:NilClass,error: undefined method `first' for nil:NilClass,error: undefined method `first' for nil:NilClass,2/15/2022,8/9/2023,12.06,3022,1024.25
259,Qatar Airways,QR,QR8829,DOH,ADD,error: undefined method `first' for nil:NilClass,error: undefined method `first' for nil:NilClass,error: undefined method `first' for nil:NilClass,10/21/2025,4/16/2024,8.78,7107,3216.72
260,Aeroméxico,AM,AM5855,MEX,ORD,error: undefined method `first' for nil:NilClass,error: undefined method `first' for nil:NilClass,error: undefined method `first' for nil:NilClass,5/1/2026,6/29/2025,15.79,813,57.45
261,Delta Air Lines,DL,DL7036,JFK,ATL,error: undefined method `first' for nil:NilClass,error: undefined method `first' for nil:NilClass,error: undefined method `first' for nil:NilClass,1/7/2022,5/7/2023,2.93,5365,2523.37
262,KLM Royal Dutch Airlines,KL,KL2423,AMS,LAX,error: undefined method `first' for nil:NilClass,error: undefined method `first' for nil:NilClass,error: undefined method `first' for nil:NilClass,12/2/2024,7/17/2023,5.71,1780,755.31
263,Qatar Airways,QR,QR4593,DOH,ADD,error: undefined method `first' for nil:NilClass,error: undefined method `first' for nil:NilClass,error: undefined method `first' for nil:NilClass,9/15/2025,8/1/2025,14.12,3287,706.22
264,Air France,AF,AF1830,CDG,FRA,error: undefined method `first' for nil:NilClass,error: undefined method `first' for nil:NilClass,error: undefined method `first' for nil:NilClass,2/18/2026,6/26/2025,5.04,2579,359.87
265,Alitalia,AZ,AZ6460,FCO,CDG,error: undefined method `first' for nil:NilClass,error: undefined method `first' for nil:NilClass,error: undefined method `first' for nil:NilClass,10/13/2022,9/25/2023,9.16,530,3477.2
266,Korean Air,KE,KE3360,ICN,HND,error: undefined method `first' for nil:NilClass,error: undefined method `first' for nil:NilClass,error: undefined method `first' for nil:NilClass,12/5/2026,6/18/2025,2.96,3534,1627.34
267,Cathay Pacific,CX,CX8450,HKG,SIN,error: undefined method `first' for nil:NilClass,error: undefined method `first' for nil:NilClass,error: undefined method `first' for nil:NilClass,10/29/2022,3/7/2025,17.46,2858,3017.03
268,KLM Royal Dutch Airlines,KL,KL3810,AMS,ARN,error: undefined method `first' for nil:NilClass,error: undefined method `first' for nil:NilClass,error: undefined method `first' for nil:NilClass,12/19/2023,7/22/2023,2.44,7605,2588.49
269,Aeroméxico,AM,AM5743,MEX,NBO,error: undefined method `first' for nil:NilClass,error: undefined method `first' for nil:NilClass,error: undefined method `first' for nil:NilClass,9/6/2026,7/1/2022,5.49,7573,1613.54
270,Qantas,QF,QF8880,SYD,MEL,error: undefined method `first' for nil:NilClass,error: undefined method `first' for nil:NilClass,error: undefined method `first' for nil:NilClass,5/6/2025,12/1/2022,10.34,1355,511.31
271,Cathay Pacific,CX,CX3838,HKG,SIN,error: undefined method `first' for nil:NilClass,error: undefined method `first' for nil:NilClass,error: undefined method `first' for nil:NilClass,5/20/2022,11/12/2024,7.77,1278,522.8
272,Korean Air,KE,KE4039,ICN,AKL,error: undefined method `first' for nil:NilClass,error: undefined method `first' for nil:NilClass,error: undefined method `first' for nil:NilClass,9/21/2023,3/31/2022,6.8,4670,3099.52
273,Avianca,AV,AV4168,BOG,ORD,error: undefined method `first' for nil:NilClass,error: undefined method `first' for nil:NilClass,error: undefined method `first' for nil:NilClass,7/21/2023,8/11/2025,13.03,2279,351.04
274,All Nippon Airways,NH,NH8283,HND,ICN,error: undefined method `first' for nil:NilClass,error: undefined method `first' for nil:NilClass,error: undefined method `first' for nil:NilClass,4/3/2025,11/3/2022,3.46,1359,2446.76
275,Qantas,QF,QF7218,SYD,MEL,error: undefined method `first' for nil:NilClass,error: undefined method `first' for nil:NilClass,error: undefined method `first' for nil:NilClass,12/16/2023,7/20/2023,15.26,1556,3051.95
276,Qatar Airways,QR,QR3629,DOH,ADD,error: undefined method `first' for nil:NilClass,error: undefined method `first' for nil:NilClass,error: undefined method `first' for nil:NilClass,5/31/2022,11/10/2023,12.83,5457,1518.91
277,Avianca,AV,AV3966,BOG,ORD,error: undefined method `first' for nil:NilClass,error: undefined method `first' for nil:NilClass,error: undefined method `first' for nil:NilClass,10/19/2025,9/8/2023,8.6,719,1213.14
278,Lufthansa,LH,LH8100,FRA,CDG,error: undefined method `first' for nil:NilClass,error: undefined method `first' for nil:NilClass,error: undefined method `first' for nil:NilClass,2/26/2026,9/1/2025,6.44,1547,2251.49
279,Air Canada,AC,AC8831,YYZ,JFK,error: undefined method `first' for nil:NilClass,error: undefined method `first' for nil:NilClass,error: undefined method `first' for nil:NilClass,6/7/2026,6/13/2024,10.92,8604,2758.32
280,Air Canada,AC,AC6229,YYZ,ADD,error: undefined method `first' for nil:NilClass,error: undefined method `first' for nil:NilClass,error: undefined method `first' for nil:NilClass,1/2/2023,2/28/2023,14.66,7793,882.94
281,Avianca,AV,AV4964,BOG,ORD,error: undefined method `first' for nil:NilClass,error: undefined method `first' for nil:NilClass,error: undefined method `first' for nil:NilClass,6/16/2026,6/11/2022,8.62,2237,2874.43
282,Korean Air,KE,KE6156,ICN,SIN,error: undefined method `first' for nil:NilClass,error: undefined method `first' for nil:NilClass,error: undefined method `first' for nil:NilClass,4/11/2026,4/14/2023,13.42,5795,881.16
283,United Airlines,UA,UA9240,LAX,MAD,error: undefined method `first' for nil:NilClass,error: undefined method `first' for nil:NilClass,error: undefined method `first' for nil:NilClass,5/22/2024,6/6/2026,3.85,1691,1326.75
284,Ethiopian Airlines,ET,ET5683,ADD,DOH,error: undefined method `first' for nil:NilClass,error: undefined method `first' for nil:NilClass,error: undefined method `first' for nil:NilClass,1/6/2025,7/18/2024,2.4,1929,2419.52
285,South African Airways,SA,SA7221,JNB,NBO,error: undefined method `first' for nil:NilClass,error: undefined method `first' for nil:NilClass,error: undefined method `first' for nil:NilClass,7/26/2024,5/18/2024,2.32,6143,96.35
286,Air Canada,AC,AC5785,YYZ,JFK,error: undefined method `first' for nil:NilClass,error: undefined method `first' for nil:NilClass,error: undefined method `first' for nil:NilClass,11/19/2024,4/16/2022,1.2,467,3434.49
287,Delta Air Lines,DL,DL2266,JFK,ATL,error: undefined method `first' for nil:NilClass,error: undefined method `first' for nil:NilClass,error: undefined method `first' for nil:NilClass,10/16/2025,1/24/2023,17.15,2422,3038.18
288,Qatar Airways,QR,QR9747,DOH,ADD,error: undefined method `first' for nil:NilClass,error: undefined method `first' for nil:NilClass,error: undefined method `first' for nil:NilClass,2/21/2023,11/6/2023,7.23,7879,328.06
289,South African Airways,SA,SA4782,JNB,CDG,error: undefined method `first' for nil:NilClass,error: undefined method `first' for nil:NilClass,error: undefined method `first' for nil:NilClass,8/21/2025,1/12/2025,17.54,5646,2703.67
290,Qantas,QF,QF7905,SYD,MEL,error: undefined method `first' for nil:NilClass,error: undefined method `first' for nil:NilClass,error: undefined method `first' for nil:NilClass,1/12/2022,12/24/2025,17.46,7596,602.48
291,Air India,AI,AI5591,DEL,BOM,error: undefined method `first' for nil:NilClass,error: undefined method `first' for nil:NilClass,error: undefined method `first' for nil:NilClass,10/9/2026,8/25/2023,2.33,8788,3134.21
292,American Airlines,AA,AA1730,JFK,SCL,error: undefined method `first' for nil:NilClass,error: undefined method `first' for nil:NilClass,error: undefined method `first' for nil:NilClass,9/3/2026,2/8/2022,13.45,2303,3195.93
293,Aeroméxico,AM,AM7321,MEX,NBO,error: undefined method `first' for nil:NilClass,error: undefined method `first' for nil:NilClass,error: undefined method `first' for nil:NilClass,6/18/2023,2/7/2025,15.29,2439,1661.89
294,Thai Airways,TG,TG7509,BKK,DEL,error: undefined method `first' for nil:NilClass,error: undefined method `first' for nil:NilClass,error: undefined method `first' for nil:NilClass,10/1/2026,1/2/2025,13.91,6704,1213.01
295,American Airlines,AA,AA2173,JFK,ATL,error: undefined method `first' for nil:NilClass,error: undefined method `first' for nil:NilClass,error: undefined method `first' for nil:NilClass,5/18/2022,3/7/2023,5.94,7222,1858.86
296,Aeroméxico,AM,AM5515,MEX,ORD,error: undefined method `first' for nil:NilClass,error: undefined method `first' for nil:NilClass,error: undefined method `first' for nil:NilClass,9/16/2024,10/14/2024,4.46,2755,1962.0
297,Aeroméxico,AM,AM7520,MEX,ORD,error: undefined method `first' for nil:NilClass,error: undefined method `first' for nil:NilClass,error: undefined method `first' for nil:NilClass,8/26/2025,5/21/2025,1.95,2474,2580.71
298,Air France,AF,AF8413,CDG,FRA,error: undefined method `first' for nil:NilClass,error: undefined method `first' for nil:NilClass,error: undefined method `first' for nil:NilClass,4/10/2025,4/10/2026,7.32,8740,1456.19
299,Southwest Airlines,WN,WN7802,LAX,SFO,error: undefined method `first' for nil:NilClass,error: undefined method `first' for nil:NilClass,error: undefined method `first' for nil:NilClass,11/20/2026,5/18/2024,10.86,4936,3065.07
300,Ethiopian Airlines,ET,ET5683,ADD,DOH,error: undefined method `first' for nil:NilClass,error: undefined method `first' for nil:NilClass,error: undefined method `first' for nil:NilClass,2/26/2022,3/31/2023,5.55,1050,2313.09
301,Qatar Airways,QR,QR5659,DOH,ADD,error: undefined method `first' for nil:NilClass,error: undefined method `first' for nil:NilClass,error: undefined method `first' for nil:NilClass,8/2/2024,6/27/2025,10.05,3436,1799.91
302,American Airlines,AA,AA9066,JFK,ATL,error: undefined method `first' for nil:NilClass,error: undefined method `first' for nil:NilClass,error: undefined method `first' for nil:NilClass,8/17/2024,10/17/2024,9.28,6212,3464.38
303,Korean Air,KE,KE8563,ICN,HND,error: undefined method `first' for nil:NilClass,error: undefined method `first' for nil:NilClass,error: undefined method `first' for nil:NilClass,9/5/2024,8/22/2025,5.79,4188,1055.81
304,KLM Royal Dutch Airlines,KL,KL7370,AMS,CDG,error: undefined method `first' for nil:NilClass,error: undefined method `first' for nil:NilClass,error: undefined method `first' for nil:NilClass,3/20/2024,5/19/2025,11.61,7873,1329.9
305,Cathay Pacific,CX,CX2556,HKG,SIN,error: undefined method `first' for nil:NilClass,error: undefined method `first' for nil:NilClass,error: undefined method `first' for nil:NilClass,3/27/2022,9/16/2022,8.37,5666,2436.77
306,LATAM Airlines,LA,LA4554,GRU,EZE,error: undefined method `first' for nil:NilClass,error: undefined method `first' for nil:NilClass,error: undefined method `first' for nil:NilClass,9/3/2022,6/24/2026,10.45,3503,775.73
307,Lufthansa,LH,LH6305,FRA,CDG,error: undefined method `first' for nil:NilClass,error: undefined method `first' for nil:NilClass,error: undefined method `first' for nil:NilClass,8/21/2024,7/21/2022,4.65,2267,1165.24
308,Qatar Airways,QR,QR7618,DOH,ADD,error: undefined method `first' for nil:NilClass,error: undefined method `first' for nil:NilClass,error: undefined method `first' for nil:NilClass,6/10/2024,5/17/2022,6.3,2477,54.51
309,Air Canada,AC,AC2475,YYZ,JFK,error: undefined method `first' for nil:NilClass,error: undefined method `first' for nil:NilClass,error: undefined method `first' for nil:NilClass,11/5/2024,2/19/2025,1.33,6608,2653.31
310,Lufthansa,LH,LH3929,FRA,MUC,error: undefined method `first' for nil:NilClass,error: undefined method `first' for nil:NilClass,error: undefined method `first' for nil:NilClass,8/16/2022,1/2/2023,13.44,3204,785.36
311,British Airways,BA,BA8910,LHR,JFK,error: undefined method `first' for nil:NilClass,error: undefined method `first' for nil:NilClass,error: undefined method `first' for nil:NilClass,7/8/2022,5/14/2026,16.15,7255,2519.48
312,South African Airways,SA,SA4032,JNB,CDG,error: undefined method `first' for nil:NilClass,error: undefined method `first' for nil:NilClass,error: undefined method `first' for nil:NilClass,5/29/2022,5/4/2022,2.01,8776,319.73
313,Emirates,EK,EK5011,DXB,BKK,error: undefined method `first' for nil:NilClass,error: undefined method `first' for nil:NilClass,error: undefined method `first' for nil:NilClass,10/24/2026,8/24/2026,15.36,8618,1401.2
314,Korean Air,KE,KE7203,ICN,HND,error: undefined method `first' for nil:NilClass,error: undefined method `first' for nil:NilClass,error: undefined method `first' for nil:NilClass,2/25/2024,6/6/2024,6.09,5977,1421.6
315,Cathay Pacific,CX,CX9679,HKG,SIN,error: undefined method `first' for nil:NilClass,error: undefined method `first' for nil:NilClass,error: undefined method `first' for nil:NilClass,1/12/2025,8/13/2025,8.34,4620,1980.92
316,Qatar Airways,QR,QR4989,DOH,ADD,error: undefined method `first' for nil:NilClass,error: undefined method `first' for nil:NilClass,error: undefined method `first' for nil:NilClass,6/1/2024,6/14/2022,10.8,8418,290.94
317,American Airlines,AA,AA8464,JFK,ATL,error: undefined method `first' for nil:NilClass,error: undefined method `first' for nil:NilClass,error: undefined method `first' for nil:NilClass,10/8/2023,7/9/2023,6.27,3822,347.96
318,Air India,AI,AI6534,DEL,BOM,error: undefined method `first' for nil:NilClass,error: undefined method `first' for nil:NilClass,error: undefined method `first' for nil:NilClass,2/12/2022,6/29/2023,17.14,7859,2838.57
319,Avianca,AV,AV9242,BOG,ORD,error: undefined method `first' for nil:NilClass,error: undefined method `first' for nil:NilClass,error: undefined method `first' for nil:NilClass,12/2/2023,11/9/2026,9.51,3084,3143.86
320,Emirates,EK,EK1519,DXB,CPT,error: undefined method `first' for nil:NilClass,error: undefined method `first' for nil:NilClass,error: undefined method `first' for nil:NilClass,1/23/2023,6/15/2026,4.45,4543,2943.71
321,South African Airways,SA,SA7853,JNB,CDG,error: undefined method `first' for nil:NilClass,error: undefined method `first' for nil:NilClass,error: undefined method `first' for nil:NilClass,5/10/2024,11/13/2025,14.22,920,428.1
322,American Airlines,AA,AA4410,JFK,FCO,error: undefined method `first' for nil:NilClass,error: undefined method `first' for nil:NilClass,error: undefined method `first' for nil:NilClass,11/4/2023,3/7/2023,4.48,5512,2814.77
323,American Airlines,AA,AA1542,JFK,ATL,error: undefined method `first' for nil:NilClass,error: undefined method `first' for nil:NilClass,error: undefined method `first' for nil:NilClass,5/22/2026,7/28/2026,16.75,5065,410.99
324,Southwest Airlines,WN,WN6141,LAX,SFO,error: undefined method `first' for nil:NilClass,error: undefined method `first' for nil:NilClass,error: undefined method `first' for nil:NilClass,3/10/2023,2/28/2025,17.51,4263,2011.62
325,Korean Air,KE,KE5284,ICN,HND,error: undefined method `first' for nil:NilClass,error: undefined method `first' for nil:NilClass,error: undefined method `first' for nil:NilClass,9/26/2023,8/4/2025,8.02,6812,1867.62
326,Air New Zealand,NZ,NZ6764,AKL,SYD,error: undefined method `first' for nil:NilClass,error: undefined method `first' for nil:NilClass,error: undefined method `first' for nil:NilClass,10/22/2025,7/31/2024,5.29,2774,3462.63
327,Qantas,QF,QF5533,SYD,MEL,error: undefined method `first' for nil:NilClass,error: undefined method `first' for nil:NilClass,error: undefined method `first' for nil:NilClass,4/3/2025,7/7/2023,3.99,8047,2107.52
328,LATAM Airlines,LA,LA7277,GRU,AMS,error: undefined method `first' for nil:NilClass,error: undefined method `first' for nil:NilClass,error: undefined method `first' for nil:NilClass,1/4/2025,6/11/2023,17.72,7992,3340.04
329,LATAM Airlines,LA,LA5926,GRU,EZE,error: undefined method `first' for nil:NilClass,error: undefined method `first' for nil:NilClass,error: undefined method `first' for nil:NilClass,1/22/2023,5/2/2023,6.01,2832,1027.81
330,Alitalia,AZ,AZ5181,FCO,CDG,error: undefined method `first' for nil:NilClass,error: undefined method `first' for nil:NilClass,error: undefined method `first' for nil:NilClass,9/3/2023,11/4/2026,11.86,4134,3188.72
331,Delta Air Lines,DL,DL7004,JFK,LAX,error: undefined method `first' for nil:NilClass,error: undefined method `first' for nil:NilClass,error: undefined method `first' for nil:NilClass,12/14/2022,5/26/2026,2.31,5928,3253.35
332,Air New Zealand,NZ,NZ5311,AKL,SYD,error: undefined method `first' for nil:NilClass,error: undefined method `first' for nil:NilClass,error: undefined method `first' for nil:NilClass,4/27/2024,10/30/2023,4.03,3620,2440.57
333,Aeroméxico,AM,AM6576,MEX,LAX,error: undefined method `first' for nil:NilClass,error: undefined method `first' for nil:NilClass,error: undefined method `first' for nil:NilClass,5/3/2022,10/30/2024,16.63,7092,689.0
334,Thai Airways,TG,TG4753,BKK,VIE,error: undefined method `first' for nil:NilClass,error: undefined method `first' for nil:NilClass,error: undefined method `first' for nil:NilClass,5/22/2026,10/6/2025,13.18,4988,2902.04
335,Lufthansa,LH,LH6965,FRA,CDG,error: undefined method `first' for nil:NilClass,error: undefined method `first' for nil:NilClass,error: undefined method `first' for nil:NilClass,12/30/2025,8/21/2025,13.39,8772,450.01
336,SAS Scandinavian,SK,SK7103,CPH,DXB,error: undefined method `first' for nil:NilClass,error: undefined method `first' for nil:NilClass,error: undefined method `first' for nil:NilClass,6/18/2025,3/3/2025,6.22,5994,2338.26
337,Air France,AF,AF6128,CDG,MUC,error: undefined method `first' for nil:NilClass,error: undefined method `first' for nil:NilClass,error: undefined method `first' for nil:NilClass,6/29/2023,7/17/2022,17.65,3876,1982.96
338,Qatar Airways,QR,QR2115,DOH,ADD,error: undefined method `first' for nil:NilClass,error: undefined method `first' for nil:NilClass,error: undefined method `first' for nil:NilClass,6/9/2026,2/8/2022,16.56,3001,2801.8
339,British Airways,BA,BA6099,LHR,DOH,error: undefined method `first' for nil:NilClass,error: undefined method `first' for nil:NilClass,error: undefined method `first' for nil:NilClass,3/8/2024,12/15/2024,2.1,4070,1214.3
340,Cathay Pacific,CX,CX4520,HKG,SIN,error: undefined method `first' for nil:NilClass,error: undefined method `first' for nil:NilClass,error: undefined method `first' for nil:NilClass,5/22/2026,2/28/2023,7.72,8014,2572.43
341,Ethiopian Airlines,ET,ET4601,ADD,DOH,error: undefined method `first' for nil:NilClass,error: undefined method `first' for nil:NilClass,error: undefined method `first' for nil:NilClass,4/25/2023,6/24/2024,3.13,2763,1867.03
342,United Airlines,UA,UA5552,LAX,HKG,error: undefined method `first' for nil:NilClass,error: undefined method `first' for nil:NilClass,error: undefined method `first' for nil:NilClass,12/25/2024,5/24/2023,11.2,5435,854.94
343,SAS Scandinavian,SK,SK3891,CPH,CDG,error: undefined method `first' for nil:NilClass,error: undefined method `first' for nil:NilClass,error: undefined method `first' for nil:NilClass,8/4/2024,12/26/2026,8.61,2535,72.38
344,Ethiopian Airlines,ET,ET6441,ADD,DOH,error: undefined method `first' for nil:NilClass,error: undefined method `first' for nil:NilClass,error: undefined method `first' for nil:NilClass,3/21/2024,11/30/2025,5.55,2593,1347.47
345,Air Canada,AC,AC6293,YYZ,JFK,error: undefined method `first' for nil:NilClass,error: undefined method `first' for nil:NilClass,error: undefined method `first' for nil:NilClass,6/16/2026,12/10/2026,10.4,7280,3377.08
346,Emirates,EK,EK1409,DXB,ADD,error: undefined method `first' for nil:NilClass,error: undefined method `first' for nil:NilClass,error: undefined method `first' for nil:NilClass,12/28/2026,8/7/2026,9.53,3554,2765.76
347,Air France,AF,AF4156,CDG,FRA,error: undefined method `first' for nil:NilClass,error: undefined method `first' for nil:NilClass,error: undefined method `first' for nil:NilClass,3/1/2026,9/22/2024,0.33,1279,2979.23
348,Air Canada,AC,AC9772,YYZ,JFK,error: undefined method `first' for nil:NilClass,error: undefined method `first' for nil:NilClass,error: undefined method `first' for nil:NilClass,10/13/2023,7/24/2025,6.38,3547,3154.57
349,Aeroméxico,AM,AM9560,MEX,MAD,error: undefined method `first' for nil:NilClass,error: undefined method `first' for nil:NilClass,error: undefined method `first' for nil:NilClass,5/18/2023,7/17/2026,11.57,2084,2335.74
350,Singapore Airlines,SQ,SQ9811,SIN,KUL,error: undefined method `first' for nil:NilClass,error: undefined method `first' for nil:NilClass,error: undefined method `first' for nil:NilClass,9/13/2026,11/1/2026,10.02,4243,1211.91
351,Avianca,AV,AV4401,BOG,ORD,error: undefined method `first' for nil:NilClass,error: undefined method `first' for nil:NilClass,error: undefined method `first' for nil:NilClass,12/5/2026,2/22/2026,8.57,5802,2935.3
352,All Nippon Airways,NH,NH5222,HND,ADD,error: undefined method `first' for nil:NilClass,error: undefined method `first' for nil:NilClass,error: undefined method `first' for nil:NilClass,12/20/2026,7/1/2025,17.23,4906,623.17
353,Delta Air Lines,DL,DL2731,JFK,ATL,error: undefined method `first' for nil:NilClass,error: undefined method `first' for nil:NilClass,error: undefined method `first' for nil:NilClass,2/24/2024,1/19/2026,10.4,1124,1692.34
354,Emirates,EK,EK2062,DXB,DOH,error: undefined method `first' for nil:NilClass,error: undefined method `first' for nil:NilClass,error: undefined method `first' for nil:NilClass,11/4/2023,12/5/2024,11.71,8124,1180.22
355,Thai Airways,TG,TG1360,BKK,SIN,error: undefined method `first' for nil:NilClass,error: undefined method `first' for nil:NilClass,error: undefined method `first' for nil:NilClass,10/1/2023,11/14/2025,1.06,6587,555.14
356,South African Airways,SA,SA8685,JNB,CDG,error: undefined method `first' for nil:NilClass,error: undefined method `first' for nil:NilClass,error: undefined method `first' for nil:NilClass,10/22/2025,10/2/2022,5.44,6907,3119.73
357,Air New Zealand,NZ,NZ1915,AKL,BNE,error: undefined method `first' for nil:NilClass,error: undefined method `first' for nil:NilClass,error: undefined method `first' for nil:NilClass,5/4/2022,11/19/2024,2.6,7747,2824.85
358,Iberia,IB,IB8524,MAD,CDG,error: undefined method `first' for nil:NilClass,error: undefined method `first' for nil:NilClass,error: undefined method `first' for nil:NilClass,9/9/2024,4/1/2023,10.97,7256,3189.08
359,South African Airways,SA,SA2638,JNB,CDG,error: undefined method `first' for nil:NilClass,error: undefined method `first' for nil:NilClass,error: undefined method `first' for nil:NilClass,1/7/2022,11/20/2022,14.31,96,3024.26
360,Delta Air Lines,DL,DL3294,JFK,ATL,error: undefined method `first' for nil:NilClass,error: undefined method `first' for nil:NilClass,error: undefined method `first' for nil:NilClass,10/29/2026,5/1/2026,12.19,4023,167.03
361,American Airlines,AA,AA2814,JFK,MEX,error: undefined method `first' for nil:NilClass,error: undefined method `first' for nil:NilClass,error: undefined method `first' for nil:NilClass,7/31/2022,3/5/2023,1.31,8751,812.32
362,South African Airways,SA,SA8652,JNB,CDG,error: undefined method `first' for nil:NilClass,error: undefined method `first' for nil:NilClass,error: undefined method `first' for nil:NilClass,9/15/2026,11/30/2026,10.92,413,333.26
363,Avianca,AV,AV3620,BOG,YYZ,error: undefined method `first' for nil:NilClass,error: undefined method `first' for nil:NilClass,error: undefined method `first' for nil:NilClass,12/23/2022,5/23/2024,3.24,2495,1923.02
364,Delta Air Lines,DL,DL8815,JFK,EZE,error: undefined method `first' for nil:NilClass,error: undefined method `first' for nil:NilClass,error: undefined method `first' for nil:NilClass,8/26/2022,11/2/2023,14.9,902,2641.98
365,Aeroméxico,AM,AM7878,MEX,ORD,error: undefined method `first' for nil:NilClass,error: undefined method `first' for nil:NilClass,error: undefined method `first' for nil:NilClass,4/11/2023,3/7/2024,2.58,8489,1739.86
366,Qatar Airways,QR,QR5179,DOH,ADD,error: undefined method `first' for nil:NilClass,error: undefined method `first' for nil:NilClass,error: undefined method `first' for nil:NilClass,4/24/2024,7/31/2024,14.03,5111,1505.41
367,Ethiopian Airlines,ET,ET1457,ADD,DOH,error: undefined method `first' for nil:NilClass,error: undefined method `first' for nil:NilClass,error: undefined method `first' for nil:NilClass,8/31/2023,10/3/2024,14.65,1276,1748.29
368,British Airways,BA,BA3159,LHR,CDG,error: undefined method `first' for nil:NilClass,error: undefined method `first' for nil:NilClass,error: undefined method `first' for nil:NilClass,7/31/2024,4/2/2024,5.46,1795,857.8
369,Qatar Airways,QR,QR1780,DOH,ADD,error: undefined method `first' for nil:NilClass,error: undefined method `first' for nil:NilClass,error: undefined method `first' for nil:NilClass,12/12/2024,2/24/2026,17.47,7006,2607.62
370,South African Airways,SA,SA1461,JNB,DEL,error: undefined method `first' for nil:NilClass,error: undefined method `first' for nil:NilClass,error: undefined method `first' for nil:NilClass,3/6/2026,3/7/2026,8.98,4267,558.16
371,Air New Zealand,NZ,NZ3507,AKL,SIN,error: undefined method `first' for nil:NilClass,error: undefined method `first' for nil:NilClass,error: undefined method `first' for nil:NilClass,5/12/2025,3/15/2026,15.29,3046,381.27
372,Southwest Airlines,WN,WN4815,LAX,SFO,error: undefined method `first' for nil:NilClass,error: undefined method `first' for nil:NilClass,error: undefined method `first' for nil:NilClass,5/21/2025,3/28/2023,4.66,7794,2297.99
373,Qatar Airways,QR,QR7340,DOH,ADD,error: undefined method `first' for nil:NilClass,error: undefined method `first' for nil:NilClass,error: undefined method `first' for nil:NilClass,1/10/2026,7/22/2023,4.95,6801,3150.41
374,LATAM Airlines,LA,LA5926,GRU,EZE,error: undefined method `first' for nil:NilClass,error: undefined method `first' for nil:NilClass,error: undefined method `first' for nil:NilClass,4/19/2023,10/3/2026,1.88,6777,1827.92
375,Avianca,AV,AV8136,BOG,ORD,error: undefined method `first' for nil:NilClass,error: undefined method `first' for nil:NilClass,error: undefined method `first' for nil:NilClass,4/5/2022,8/21/2023,7.74,6008,1297.13
376,Cathay Pacific,CX,CX6654,HKG,SIN,error: undefined method `first' for nil:NilClass,error: undefined method `first' for nil:NilClass,error: undefined method `first' for nil:NilClass,8/5/2025,9/21/2024,16.74,2806,2406.03
377,Southwest Airlines,WN,WN2211,LAX,SFO,error: undefined method `first' for nil:NilClass,error: undefined method `first' for nil:NilClass,error: undefined method `first' for nil:NilClass,12/17/2026,7/6/2025,6.92,4859,1384.14
378,United Airlines,UA,UA6061,LAX,YVR,error: undefined method `first' for nil:NilClass,error: undefined method `first' for nil:NilClass,error: undefined method `first' for nil:NilClass,6/1/2023,4/17/2022,1.98,2653,2739.35
379,Korean Air,KE,KE2453,ICN,HND,error: undefined method `first' for nil:NilClass,error: undefined method `first' for nil:NilClass,error: undefined method `first' for nil:NilClass,9/12/2022,10/31/2023,16.41,6928,257.23
380,Emirates,EK,EK5144,DXB,BNE,error: undefined method `first' for nil:NilClass,error: undefined method `first' for nil:NilClass,error: undefined method `first' for nil:NilClass,11/29/2026,4/1/2025,17.45,2711,1492.96
381,LATAM Airlines,LA,LA7850,GRU,EZE,error: undefined method `first' for nil:NilClass,error: undefined method `first' for nil:NilClass,error: undefined method `first' for nil:NilClass,8/24/2025,6/27/2022,5.82,1302,2073.44
382,KLM Royal Dutch Airlines,KL,KL5385,AMS,CDG,error: undefined method `first' for nil:NilClass,error: undefined method `first' for nil:NilClass,error: undefined method `first' for nil:NilClass,6/25/2024,8/9/2025,4.64,2834,548.75
383,Air New Zealand,NZ,NZ7014,AKL,SYD,error: undefined method `first' for nil:NilClass,error: undefined method `first' for nil:NilClass,error: undefined method `first' for nil:NilClass,11/18/2022,6/10/2023,4.89,5630,1211.81
384,Aeroméxico,AM,AM9674,MEX,ORD,error: undefined method `first' for nil:NilClass,error: undefined method `first' for nil:NilClass,error: undefined method `first' for nil:NilClass,12/6/2025,9/25/2022,15.34,284,1866.4
385,Air New Zealand,NZ,NZ7946,AKL,SYD,error: undefined method `first' for nil:NilClass,error: undefined method `first' for nil:NilClass,error: undefined method `first' for nil:NilClass,3/25/2026,6/26/2026,13.34,1931,2700.85
386,Delta Air Lines,DL,DL5525,JFK,ATL,error: undefined method `first' for nil:NilClass,error: undefined method `first' for nil:NilClass,error: undefined method `first' for nil:NilClass,4/1/2023,2/21/2023,16.59,59,466.39
387,British Airways,BA,BA5939,LHR,CPT,error: undefined method `first' for nil:NilClass,error: undefined method `first' for nil:NilClass,error: undefined method `first' for nil:NilClass,3/2/2022,5/21/2024,2.81,7981,2939.84
388,Air New Zealand,NZ,NZ1648,AKL,SYD,error: undefined method `first' for nil:NilClass,error: undefined method `first' for nil:NilClass,error: undefined method `first' for nil:NilClass,4/28/2024,1/1/2022,9.27,4166,1664.14
389,Korean Air,KE,KE2522,ICN,HND,error: undefined method `first' for nil:NilClass,error: undefined method `first' for nil:NilClass,error: undefined method `first' for nil:NilClass,12/28/2026,10/24/2023,13.04,5929,940.67
390,Lufthansa,LH,LH6097,FRA,FCO,error: undefined method `first' for nil:NilClass,error: undefined method `first' for nil:NilClass,error: undefined method `first' for nil:NilClass,2/13/2024,8/10/2023,16.37,4210,1512.44
391,Lufthansa,LH,LH1504,FRA,CDG,error: undefined method `first' for nil:NilClass,error: undefined method `first' for nil:NilClass,error: undefined method `first' for nil:NilClass,4/12/2024,5/1/2025,14.27,3398,202.1
392,Ethiopian Airlines,ET,ET4205,ADD,DOH,error: undefined method `first' for nil:NilClass,error: undefined method `first' for nil:NilClass,error: undefined method `first' for nil:NilClass,12/11/2025,7/11/2026,5.65,8176,2411.53
393,Lufthansa,LH,LH4336,FRA,ADD,error: undefined method `first' for nil:NilClass,error: undefined method `first' for nil:NilClass,error: undefined method `first' for nil:NilClass,12/10/2023,5/14/2023,14.62,4073,2970.64
394,Singapore Airlines,SQ,SQ9811,SIN,KUL,error: undefined method `first' for nil:NilClass,error: undefined method `first' for nil:NilClass,error: undefined method `first' for nil:NilClass,11/8/2025,1/14/2026,17.13,8451,3003.92
395,Iberia,IB,IB1120,MAD,CDG,error: undefined method `first' for nil:NilClass,error: undefined method `first' for nil:NilClass,error: undefined method `first' for nil:NilClass,8/18/2024,8/21/2025,9.92,7536,771.86
396,Avianca,AV,AV9282,BOG,LIM,error: undefined method `first' for nil:NilClass,error: undefined method `first' for nil:NilClass,error: undefined method `first' for nil:NilClass,11/21/2024,9/5/2025,15.48,5090,1348.19
397,Ethiopian Airlines,ET,ET3932,ADD,FCO,error: undefined method `first' for nil:NilClass,error: undefined method `first' for nil:NilClass,error: undefined method `first' for nil:NilClass,8/15/2025,8/21/2025,13.74,8354,2855.95
398,Delta Air Lines,DL,DL5099,JFK,ATL,error: undefined method `first' for nil:NilClass,error: undefined method `first' for nil:NilClass,error: undefined method `first' for nil:NilClass,8/3/2023,2/20/2026,9.92,5889,1584.18
399,Delta Air Lines,DL,DL2142,JFK,ATL,error: undefined method `first' for nil:NilClass,error: undefined method `first' for nil:NilClass,error: undefined method `first' for nil:NilClass,11/24/2022,3/23/2025,17.58,7832,234.49
400,Emirates,EK,EK9741,DXB,DOH,error: undefined method `first' for nil:NilClass,error: undefined method `first' for nil:NilClass,error: undefined method `first' for nil:NilClass,9/10/2023,1/11/2023,16.75,847,188.67
401,All Nippon Airways,NH,NH9718,HND,ICN,error: undefined method `first' for nil:NilClass,error: undefined method `first' for nil:NilClass,error: undefined method `first' for nil:NilClass,7/21/2026,1/19/2025,3.09,8829,71.25
402,South African Airways,SA,SA2814,JNB,CDG,error: undefined method `first' for nil:NilClass,error: undefined method `first' for nil:NilClass,error: undefined method `first' for nil:NilClass,7/3/2026,12/13/2025,3.5,7464,801.05
403,Ethiopian Airlines,ET,ET6876,ADD,DOH,error: undefined method `first' for nil:NilClass,error: undefined method `first' for nil:NilClass,error: undefined method `first' for nil:NilClass,11/2/2026,8/5/2024,9.98,1827,1827.79
404,Emirates,EK,EK1268,DXB,DEL,error: undefined method `first' for nil:NilClass,error: undefined method `first' for nil:NilClass,error: undefined method `first' for nil:NilClass,1/7/2026,6/5/2024,8.23,6349,2478.38
405,Aeroméxico,AM,AM1425,MEX,ORD,error: undefined method `first' for nil:NilClass,error: undefined method `first' for nil:NilClass,error: undefined method `first' for nil:NilClass,11/11/2026,9/10/2024,14.58,5869,721.73
406,Qatar Airways,QR,QR2054,DOH,ADD,error: undefined method `first' for nil:NilClass,error: undefined method `first' for nil:NilClass,error: undefined method `first' for nil:NilClass,1/5/2025,4/15/2025,17.33,4588,3122.26
407,United Airlines,UA,UA3991,LAX,SEA,error: undefined method `first' for nil:NilClass,error: undefined method `first' for nil:NilClass,error: undefined method `first' for nil:NilClass,10/18/2026,11/5/2026,12.18,2876,94.62
408,Air France,AF,AF8349,CDG,FRA,error: undefined method `first' for nil:NilClass,error: undefined method `first' for nil:NilClass,error: undefined method `first' for nil:NilClass,3/15/2025,4/23/2022,15.78,5086,2273.05
409,Emirates,EK,EK2108,DXB,DOH,error: undefined method `first' for nil:NilClass,error: undefined method `first' for nil:NilClass,error: undefined method `first' for nil:NilClass,3/31/2025,11/21/2024,11.0,3583,2278.86
410,Qatar Airways,QR,QR5179,DOH,ADD,error: undefined method `first' for nil:NilClass,error: undefined method `first' for nil:NilClass,error: undefined method `first' for nil:NilClass,5/4/2022,8/25/2022,15.68,2029,2422.21
411,Korean Air,KE,KE2630,ICN,HND,error: undefined method `first' for nil:NilClass,error: undefined method `first' for nil:NilClass,error: undefined method `first' for nil:NilClass,7/8/2022,10/20/2024,9.75,5099,227.04
412,All Nippon Airways,NH,NH7338,HND,ICN,error: undefined method `first' for nil:NilClass,error: undefined method `first' for nil:NilClass,error: undefined method `first' for nil:NilClass,1/5/2026,11/8/2025,0.64,8848,608.19
413,KLM Royal Dutch Airlines,KL,KL4572,AMS,CDG,error: undefined method `first' for nil:NilClass,error: undefined method `first' for nil:NilClass,error: undefined method `first' for nil:NilClass,4/13/2022,4/4/2025,3.68,5640,1720.27
414,KLM Royal Dutch Airlines,KL,KL3076,AMS,CPT,error: undefined method `first' for nil:NilClass,error: undefined method `first' for nil:NilClass,error: undefined method `first' for nil:NilClass,1/30/2025,8/9/2025,4.16,4622,2785.25
415,United Airlines,UA,UA9984,LAX,SFO,error: undefined method `first' for nil:NilClass,error: undefined method `first' for nil:NilClass,error: undefined method `first' for nil:NilClass,1/24/2023,9/10/2026,4.28,3256,46.08
416,Air New Zealand,NZ,NZ4231,AKL,SYD,error: undefined method `first' for nil:NilClass,error: undefined method `first' for nil:NilClass,error: undefined method `first' for nil:NilClass,12/11/2026,11/1/2026,5.86,7381,2021.8
417,SAS Scandinavian,SK,SK5933,CPH,MUC,error: undefined method `first' for nil:NilClass,error: undefined method `first' for nil:NilClass,error: undefined method `first' for nil:NilClass,9/24/2026,8/28/2025,11.09,7579,579.39
418,Air New Zealand,NZ,NZ3854,AKL,SYD,error: undefined method `first' for nil:NilClass,error: undefined method `first' for nil:NilClass,error: undefined method `first' for nil:NilClass,4/14/2023,5/16/2024,1.95,5274,481.92
419,Lufthansa,LH,LH6097,FRA,FCO,error: undefined method `first' for nil:NilClass,error: undefined method `first' for nil:NilClass,error: undefined method `first' for nil:NilClass,10/3/2024,1/1/2024,14.26,4855,568.93
420,Alitalia,AZ,AZ5224,FCO,CDG,error: undefined method `first' for nil:NilClass,error: undefined method `first' for nil:NilClass,error: undefined method `first' for nil:NilClass,4/28/2022,8/26/2023,5.33,1123,1892.75
421,Southwest Airlines,WN,WN2879,LAX,SFO,error: undefined method `first' for nil:NilClass,error: undefined method `first' for nil:NilClass,error: undefined method `first' for nil:NilClass,1/23/2023,1/16/2022,13.82,8431,1341.07
422,South African Airways,SA,SA2954,JNB,CDG,error: undefined method `first' for nil:NilClass,error: undefined method `first' for nil:NilClass,error: undefined method `first' for nil:NilClass,2/25/2025,7/30/2024,11.8,1027,2373.5
423,Delta Air Lines,DL,DL8502,JFK,ATL,error: undefined method `first' for nil:NilClass,error: undefined method `first' for nil:NilClass,error: undefined method `first' for nil:NilClass,7/14/2022,9/3/2022,9.07,2325,560.93
424,Qatar Airways,QR,QR1777,DOH,ZRH,error: undefined method `first' for nil:NilClass,error: undefined method `first' for nil:NilClass,error: undefined method `first' for nil:NilClass,12/29/2026,8/29/2025,14.57,2941,535.53
425,Lufthansa,LH,LH6057,FRA,MAD,error: undefined method `first' for nil:NilClass,error: undefined method `first' for nil:NilClass,error: undefined method `first' for nil:NilClass,10/3/2025,6/24/2023,11.59,8042,1793.73
426,Ethiopian Airlines,ET,ET8685,ADD,MAD,error: undefined method `first' for nil:NilClass,error: undefined method `first' for nil:NilClass,error: undefined method `first' for nil:NilClass,10/2/2024,12/17/2022,7.57,6798,1476.17
427,Iberia,IB,IB4654,MAD,CDG,error: undefined method `first' for nil:NilClass,error: undefined method `first' for nil:NilClass,error: undefined method `first' for nil:NilClass,10/31/2025,9/25/2024,10.41,6041,1701.98
428,Korean Air,KE,KE4361,ICN,HND,error: undefined method `first' for nil:NilClass,error: undefined method `first' for nil:NilClass,error: undefined method `first' for nil:NilClass,10/27/2022,7/29/2022,15.05,4670,2985.0
429,Air India,AI,AI9853,DEL,BOM,error: undefined method `first' for nil:NilClass,error: undefined method `first' for nil:NilClass,error: undefined method `first' for nil:NilClass,9/25/2026,10/31/2026,4.27,8845,3230.97
430,Cathay Pacific,CX,CX1836,HKG,SIN,error: undefined method `first' for nil:NilClass,error: undefined method `first' for nil:NilClass,error: undefined method `first' for nil:NilClass,3/14/2026,1/21/2023,11.21,3250,3141.14
431,Iberia,IB,IB1036,MAD,CDG,error: undefined method `first' for nil:NilClass,error: undefined method `first' for nil:NilClass,error: undefined method `first' for nil:NilClass,3/19/2026,4/20/2026,4.47,1565,2958.22
432,Korean Air,KE,KE7908,ICN,HND,error: undefined method `first' for nil:NilClass,error: undefined method `first' for nil:NilClass,error: undefined method `first' for nil:NilClass,5/28/2026,4/8/2023,10.23,3885,978.55
433,SAS Scandinavian,SK,SK5172,CPH,CDG,error: undefined method `first' for nil:NilClass,error: undefined method `first' for nil:NilClass,error: undefined method `first' for nil:NilClass,7/4/2026,10/28/2026,11.26,5507,628.51
434,Air New Zealand,NZ,NZ7721,AKL,SYD,error: undefined method `first' for nil:NilClass,error: undefined method `first' for nil:NilClass,error: undefined method `first' for nil:NilClass,6/2/2022,7/19/2023,16.91,4385,2658.98
435,Aeroméxico,AM,AM8303,MEX,ORD,error: undefined method `first' for nil:NilClass,error: undefined method `first' for nil:NilClass,error: undefined method `first' for nil:NilClass,6/23/2024,5/20/2025,0.64,7417,1408.04
436,SAS Scandinavian,SK,SK3409,CPH,VIE,error: undefined method `first' for nil:NilClass,error: undefined method `first' for nil:NilClass,error: undefined method `first' for nil:NilClass,4/4/2026,3/16/2024,4.82,4584,2933.14
437,South African Airways,SA,SA5534,JNB,CDG,error: undefined method `first' for nil:NilClass,error: undefined method `first' for nil:NilClass,error: undefined method `first' for nil:NilClass,1/17/2026,1/13/2025,13.53,8860,2285.85
438,Cathay Pacific,CX,CX5129,HKG,DXB,error: undefined method `first' for nil:NilClass,error: undefined method `first' for nil:NilClass,error: undefined method `first' for nil:NilClass,8/9/2026,12/10/2026,14.54,1746,114.67
439,Thai Airways,TG,TG7327,BKK,SIN,error: undefined method `first' for nil:NilClass,error: undefined method `first' for nil:NilClass,error: undefined method `first' for nil:NilClass,11/19/2026,2/22/2022,7.62,2228,991.44
440,Cathay Pacific,CX,CX9649,HKG,SIN,error: undefined method `first' for nil:NilClass,error: undefined method `first' for nil:NilClass,error: undefined method `first' for nil:NilClass,7/31/2026,12/7/2023,10.35,8803,1878.77
441,Qantas,QF,QF4866,SYD,MEL,error: undefined method `first' for nil:NilClass,error: undefined method `first' for nil:NilClass,error: undefined method `first' for nil:NilClass,8/25/2023,8/20/2023,10.4,5151,2644.05
442,Air New Zealand,NZ,NZ7374,AKL,SYD,error: undefined method `first' for nil:NilClass,error: undefined method `first' for nil:NilClass,error: undefined method `first' for nil:NilClass,10/9/2023,11/16/2026,8.8,395,272.19
443,Thai Airways,TG,TG2437,BKK,SIN,error: undefined method `first' for nil:NilClass,error: undefined method `first' for nil:NilClass,error: undefined method `first' for nil:NilClass,5/3/2025,6/28/2024,17.6,5314,1742.23
444,LATAM Airlines,LA,LA4744,GRU,EZE,error: undefined method `first' for nil:NilClass,error: undefined method `first' for nil:NilClass,error: undefined method `first' for nil:NilClass,8/18/2025,7/28/2025,12.43,7488,386.53
445,Singapore Airlines,SQ,SQ3533,SIN,BKK,error: undefined method `first' for nil:NilClass,error: undefined method `first' for nil:NilClass,error: undefined method `first' for nil:NilClass,10/9/2025,12/8/2024,15.59,6692,105.94
446,British Airways,BA,BA4570,LHR,YVR,error: undefined method `first' for nil:NilClass,error: undefined method `first' for nil:NilClass,error: undefined method `first' for nil:NilClass,8/16/2025,4/12/2022,11.74,4428,1590.02
447,Alitalia,AZ,AZ3705,FCO,CDG,error: undefined method `first' for nil:NilClass,error: undefined method `first' for nil:NilClass,error: undefined method `first' for nil:NilClass,4/10/2025,8/15/2023,2.5,612,2241.65
448,Ethiopian Airlines,ET,ET5125,ADD,DOH,error: undefined method `first' for nil:NilClass,error: undefined method `first' for nil:NilClass,error: undefined method `first' for nil:NilClass,4/8/2024,4/22/2023,5.38,8519,2547.5
449,Cathay Pacific,CX,CX9990,HKG,SIN,error: undefined method `first' for nil:NilClass,error: undefined method `first' for nil:NilClass,error: undefined method `first' for nil:NilClass,6/4/2022,6/22/2022,15.72,3942,485.06
450,Qantas,QF,QF4801,SYD,MEL,error: undefined method `first' for nil:NilClass,error: undefined method `first' for nil:NilClass,error: undefined method `first' for nil:NilClass,9/11/2025,9/3/2025,0.34,7836,3197.94
451,Qatar Airways,QR,QR9262,DOH,ADD,error: undefined method `first' for nil:NilClass,error: undefined method `first' for nil:NilClass,error: undefined method `first' for nil:NilClass,9/19/2026,5/22/2023,14.06,4063,3448.98
452,Cathay Pacific,CX,CX1637,HKG,SIN,error: undefined method `first' for nil:NilClass,error: undefined method `first' for nil:NilClass,error: undefined method `first' for nil:NilClass,7/25/2022,2/18/2025,13.37,3362,3356.52
453,Ethiopian Airlines,ET,ET8518,ADD,DOH,error: undefined method `first' for nil:NilClass,error: undefined method `first' for nil:NilClass,error: undefined method `first' for nil:NilClass,7/8/2024,2/9/2026,6.73,7960,2420.71
454,Air Canada,AC,AC5997,YYZ,BOG,error: undefined method `first' for nil:NilClass,error: undefined method `first' for nil:NilClass,error: undefined method `first' for nil:NilClass,11/23/2025,10/31/2023,10.28,5239,2440.49
455,South African Airways,SA,SA7154,JNB,CDG,error: undefined method `first' for nil:NilClass,error: undefined method `first' for nil:NilClass,error: undefined method `first' for nil:NilClass,6/9/2025,12/24/2026,4.01,8016,1186.92
456,British Airways,BA,BA1599,LHR,CDG,error: undefined method `first' for nil:NilClass,error: undefined method `first' for nil:NilClass,error: undefined method `first' for nil:NilClass,12/30/2024,12/23/2025,3.99,5669,2659.18
457,Thai Airways,TG,TG7280,BKK,ICN,error: undefined method `first' for nil:NilClass,error: undefined method `first' for nil:NilClass,error: undefined method `first' for nil:NilClass,1/22/2026,6/14/2025,12.07,4749,690.84
458,Air India,AI,AI3641,DEL,CAI,error: undefined method `first' for nil:NilClass,error: undefined method `first' for nil:NilClass,error: undefined method `first' for nil:NilClass,6/21/2025,2/11/2026,7.55,1379,1494.05
459,Delta Air Lines,DL,DL8321,JFK,ATL,error: undefined method `first' for nil:NilClass,error: undefined method `first' for nil:NilClass,error: undefined method `first' for nil:NilClass,2/5/2024,3/17/2024,5.97,7715,903.51
460,Southwest Airlines,WN,WN2418,LAX,SFO,error: undefined method `first' for nil:NilClass,error: undefined method `first' for nil:NilClass,error: undefined method `first' for nil:NilClass,6/16/2022,1/29/2026,14.13,119,1976.6
461,Delta Air Lines,DL,DL3070,JFK,ZRH,error: undefined method `first' for nil:NilClass,error: undefined method `first' for nil:NilClass,error: undefined method `first' for nil:NilClass,7/1/2024,3/8/2022,3.91,735,589.07
462,Cathay Pacific,CX,CX1465,HKG,SIN,error: undefined method `first' for nil:NilClass,error: undefined method `first' for nil:NilClass,error: undefined method `first' for nil:NilClass,12/27/2026,9/27/2025,9.71,7245,3404.76
463,Delta Air Lines,DL,DL4495,JFK,MIA,error: undefined method `first' for nil:NilClass,error: undefined method `first' for nil:NilClass,error: undefined method `first' for nil:NilClass,8/7/2026,1/9/2024,9.77,6342,2615.63
464,Air France,AF,AF6961,CDG,FRA,error: undefined method `first' for nil:NilClass,error: undefined method `first' for nil:NilClass,error: undefined method `first' for nil:NilClass,12/7/2022,11/11/2025,11.2,2996,3255.87
465,Air New Zealand,NZ,NZ8876,AKL,SYD,error: undefined method `first' for nil:NilClass,error: undefined method `first' for nil:NilClass,error: undefined method `first' for nil:NilClass,6/6/2026,5/10/2025,2.19,3498,1191.14
466,American Airlines,AA,AA3879,JFK,ATL,error: undefined method `first' for nil:NilClass,error: undefined method `first' for nil:NilClass,error: undefined method `first' for nil:NilClass,4/28/2025,8/6/2022,17.12,1644,640.22
467,SAS Scandinavian,SK,SK4698,CPH,CDG,error: undefined method `first' for nil:NilClass,error: undefined method `first' for nil:NilClass,error: undefined method `first' for nil:NilClass,7/8/2023,8/22/2022,10.12,158,1572.48
468,South African Airways,SA,SA8899,JNB,CDG,error: undefined method `first' for nil:NilClass,error: undefined method `first' for nil:NilClass,error: undefined method `first' for nil:NilClass,3/5/2024,6/11/2022,15.96,2089,1661.58
469,Southwest Airlines,WN,WN8701,LAX,SFO,error: undefined method `first' for nil:NilClass,error: undefined method `first' for nil:NilClass,error: undefined method `first' for nil:NilClass,8/15/2026,3/21/2022,7.27,3348,984.05
470,Lufthansa,LH,LH2858,FRA,CDG,error: undefined method `first' for nil:NilClass,error: undefined method `first' for nil:NilClass,error: undefined method `first' for nil:NilClass,9/27/2025,3/22/2022,17.63,4126,2310.45
471,Thai Airways,TG,TG5210,BKK,PEK,error: undefined method `first' for nil:NilClass,error: undefined method `first' for nil:NilClass,error: undefined method `first' for nil:NilClass,2/9/2026,6/19/2024,0.71,162,2199.91
472,Southwest Airlines,WN,WN7221,LAX,SFO,error: undefined method `first' for nil:NilClass,error: undefined method `first' for nil:NilClass,error: undefined method `first' for nil:NilClass,4/21/2022,11/29/2026,6.51,2145,3368.2
473,Singapore Airlines,SQ,SQ6358,SIN,PEK,error: undefined method `first' for nil:NilClass,error: undefined method `first' for nil:NilClass,error: undefined method `first' for nil:NilClass,9/12/2022,8/10/2024,0.51,3093,2474.26
474,Singapore Airlines,SQ,SQ1946,SIN,PEK,error: undefined method `first' for nil:NilClass,error: undefined method `first' for nil:NilClass,error: undefined method `first' for nil:NilClass,7/31/2023,12/18/2024,1.08,8177,3375.99
475,Emirates,EK,EK7800,DXB,ADD,error: undefined method `first' for nil:NilClass,error: undefined method `first' for nil:NilClass,error: undefined method `first' for nil:NilClass,12/23/2025,4/29/2025,9.08,6915,455.27
476,Alitalia,AZ,AZ4787,FCO,MIA,error: undefined method `first' for nil:NilClass,error: undefined method `first' for nil:NilClass,error: undefined method `first' for nil:NilClass,10/16/2022,2/15/2024,3.85,6079,264.86
477,Korean Air,KE,KE7076,ICN,HND,error: undefined method `first' for nil:NilClass,error: undefined method `first' for nil:NilClass,error: undefined method `first' for nil:NilClass,3/15/2024,3/10/2023,1.19,685,3110.01
478,South African Airways,SA,SA1461,JNB,DEL,error: undefined method `first' for nil:NilClass,error: undefined method `first' for nil:NilClass,error: undefined method `first' for nil:NilClass,8/26/2023,10/2/2022,6.0,7609,1807.45
479,Avianca,AV,AV7276,BOG,ORD,error: undefined method `first' for nil:NilClass,error: undefined method `first' for nil:NilClass,error: undefined method `first' for nil:NilClass,6/29/2023,12/22/2026,12.62,7813,349.91
480,United Airlines,UA,UA5518,LAX,SFO,error: undefined method `first' for nil:NilClass,error: undefined method `first' for nil:NilClass,error: undefined method `first' for nil:NilClass,8/8/2024,7/31/2022,6.07,5179,2721.95
481,Thai Airways,TG,TG7191,BKK,SIN,error: undefined method `first' for nil:NilClass,error: undefined method `first' for nil:NilClass,error: undefined method `first' for nil:NilClass,7/23/2026,1/22/2023,15.71,2675,2939.89
482,Air New Zealand,NZ,NZ6242,AKL,SYD,error: undefined method `first' for nil:NilClass,error: undefined method `first' for nil:NilClass,error: undefined method `first' for nil:NilClass,1/3/2026,5/1/2025,7.0,7523,857.39
483,Alitalia,AZ,AZ2159,FCO,CDG,error: undefined method `first' for nil:NilClass,error: undefined method `first' for nil:NilClass,error: undefined method `first' for nil:NilClass,3/2/2024,4/5/2023,17.25,2231,742.46
484,Southwest Airlines,WN,WN4159,LAX,SFO,error: undefined method `first' for nil:NilClass,error: undefined method `first' for nil:NilClass,error: undefined method `first' for nil:NilClass,8/28/2025,12/14/2022,0.97,872,2340.26
485,Air New Zealand,NZ,NZ4614,AKL,SYD,error: undefined method `first' for nil:NilClass,error: undefined method `first' for nil:NilClass,error: undefined method `first' for nil:NilClass,1/29/2025,11/5/2023,3.99,7202,1735.75
486,United Airlines,UA,UA3806,LAX,SEA,error: undefined method `first' for nil:NilClass,error: undefined method `first' for nil:NilClass,error: undefined method `first' for nil:NilClass,11/25/2025,11/30/2024,5.2,4506,2636.19
487,SAS Scandinavian,SK,SK4116,CPH,CDG,error: undefined method `first' for nil:NilClass,error: undefined method `first' for nil:NilClass,error: undefined method `first' for nil:NilClass,9/8/2024,11/1/2023,5.99,1186,1051.01
488,Cathay Pacific,CX,CX4778,HKG,GRU,error: undefined method `first' for nil:NilClass,error: undefined method `first' for nil:NilClass,error: undefined method `first' for nil:NilClass,11/25/2025,7/27/2025,6.3,5702,682.18
489,LATAM Airlines,LA,LA7277,GRU,AMS,error: undefined method `first' for nil:NilClass,error: undefined method `first' for nil:NilClass,error: undefined method `first' for nil:NilClass,1/12/2022,2/26/2026,14.86,3866,3353.02
490,Qatar Airways,QR,QR3399,DOH,ADD,error: undefined method `first' for nil:NilClass,error: undefined method `first' for nil:NilClass,error: undefined method `first' for nil:NilClass,3/4/2026,9/4/2026,4.72,2854,2202.6
491,British Airways,BA,BA7617,LHR,CDG,error: undefined method `first' for nil:NilClass,error: undefined method `first' for nil:NilClass,error: undefined method `first' for nil:NilClass,3/1/2026,6/3/2022,13.39,4279,521.74
492,KLM Royal Dutch Airlines,KL,KL8992,AMS,CDG,error: undefined method `first' for nil:NilClass,error: undefined method `first' for nil:NilClass,error: undefined method `first' for nil:NilClass,3/25/2022,4/24/2026,17.75,4399,291.37
493,Singapore Airlines,SQ,SQ5593,SIN,DOH,error: undefined method `first' for nil:NilClass,error: undefined method `first' for nil:NilClass,error: undefined method `first' for nil:NilClass,8/19/2024,7/18/2024,3.2,8289,3374.54
494,Southwest Airlines,WN,WN3122,LAX,SFO,error: undefined method `first' for nil:NilClass,error: undefined method `first' for nil:NilClass,error: undefined method `first' for nil:NilClass,9/11/2024,3/9/2024,3.89,8744,1680.48
495,Cathay Pacific,CX,CX1637,HKG,SIN,error: undefined method `first' for nil:NilClass,error: undefined method `first' for nil:NilClass,error: undefined method `first' for nil:NilClass,6/11/2025,2/20/2024,2.03,257,633.82
496,United Airlines,UA,UA5586,LAX,SFO,error: undefined method `first' for nil:NilClass,error: undefined method `first' for nil:NilClass,error: undefined method `first' for nil:NilClass,1/11/2025,9/4/2023,0.9,7027,2203.1
497,United Airlines,UA,UA8491,LAX,SFO,error: undefined method `first' for nil:NilClass,error: undefined method `first' for nil:NilClass,error: undefined method `first' for nil:NilClass,2/11/2026,11/13/2025,2.6,8730,1803.94
498,All Nippon Airways,NH,NH7368,HND,ICN,error: undefined method `first' for nil:NilClass,error: undefined method `first' for nil:NilClass,error: undefined method `first' for nil:NilClass,3/26/2026,12/31/2025,16.18,5743,696.4
499,All Nippon Airways,NH,NH4392,HND,ICN,error: undefined method `first' for nil:NilClass,error: undefined method `first' for nil:NilClass,error: undefined method `first' for nil:NilClass,9/15/2023,3/28/2022,17.61,4774,1424.18
500,LATAM Airlines,LA,LA4220,GRU,EZE,error: undefined method `first' for nil:NilClass,error: undefined method `first' for nil:NilClass,error: undefined method `first' for nil:NilClass,1/29/2023,1/6/2022,14.76,2102,1552.36
501,Aeroméxico,AM,AM4164,MEX,ORD,error: undefined method `first' for nil:NilClass,error: undefined method `first' for nil:NilClass,error: undefined method `first' for nil:NilClass,6/22/2025,5/17/2025,4.57,2344,785.25
502,Lufthansa,LH,LH7839,FRA,ZRH,error: undefined method `first' for nil:NilClass,error: undefined method `first' for nil:NilClass,error: undefined method `first' for nil:NilClass,12/14/2024,1/9/2025,4.9,204,1595.15
503,Delta Air Lines,DL,DL7685,JFK,ATL,error: undefined method `first' for nil:NilClass,error: undefined method `first' for nil:NilClass,error: undefined method `first' for nil:NilClass,4/23/2024,6/29/2023,5.95,1582,443.1
504,South African Airways,SA,SA8756,JNB,CDG,error: undefined method `first' for nil:NilClass,error: undefined method `first' for nil:NilClass,error: undefined method `first' for nil:NilClass,12/18/2026,6/4/2024,16.85,1349,1927.21
505,Qatar Airways,QR,QR9685,DOH,CDG,error: undefined method `first' for nil:NilClass,error: undefined method `first' for nil:NilClass,error: undefined method `first' for nil:NilClass,9/27/2025,7/6/2024,8.79,6815,2403.45
506,Delta Air Lines,DL,DL7930,JFK,MIA,error: undefined method `first' for nil:NilClass,error: undefined method `first' for nil:NilClass,error: undefined method `first' for nil:NilClass,7/22/2024,1/17/2025,0.53,4276,1041.31
507,Cathay Pacific,CX,CX9264,HKG,SIN,error: undefined method `first' for nil:NilClass,error: undefined method `first' for nil:NilClass,error: undefined method `first' for nil:NilClass,2/8/2025,7/24/2023,3.69,4584,251.79
508,Avianca,AV,AV8487,BOG,ORD,error: undefined method `first' for nil:NilClass,error: undefined method `first' for nil:NilClass,error: undefined method `first' for nil:NilClass,2/22/2025,1/8/2023,10.55,8710,1453.46
509,KLM Royal Dutch Airlines,KL,KL4801,AMS,CDG,error: undefined method `first' for nil:NilClass,error: undefined method `first' for nil:NilClass,error: undefined method `first' for nil:NilClass,3/26/2025,1/21/2026,5.33,5333,266.44
510,United Airlines,UA,UA8290,LAX,SFO,error: undefined method `first' for nil:NilClass,error: undefined method `first' for nil:NilClass,error: undefined method `first' for nil:NilClass,10/17/2023,10/11/2022,6.28,161,3350.35
511,Ethiopian Airlines,ET,ET5945,ADD,DOH,error: undefined method `first' for nil:NilClass,error: undefined method `first' for nil:NilClass,error: undefined method `first' for nil:NilClass,3/24/2026,8/8/2025,11.92,6861,1480.42
512,Thai Airways,TG,TG3624,BKK,PEK,error: undefined method `first' for nil:NilClass,error: undefined method `first' for nil:NilClass,error: undefined method `first' for nil:NilClass,3/15/2022,5/10/2024,15.22,2781,1082.25
513,British Airways,BA,BA2476,LHR,MAD,error: undefined method `first' for nil:NilClass,error: undefined method `first' for nil:NilClass,error: undefined method `first' for nil:NilClass,3/5/2024,10/2/2023,13.18,8069,1887.28
514,Air India,AI,AI6971,DEL,AMS,error: undefined method `first' for nil:NilClass,error: undefined method `first' for nil:NilClass,error: undefined method `first' for nil:NilClass,3/3/2022,3/28/2025,10.74,6095,2332.58
515,Air Canada,AC,AC2732,YYZ,JFK,error: undefined method `first' for nil:NilClass,error: undefined method `first' for nil:NilClass,error: undefined method `first' for nil:NilClass,5/27/2026,9/26/2024,1.18,6055,3230.86
516,LATAM Airlines,LA,LA1124,GRU,EZE,error: undefined method `first' for nil:NilClass,error: undefined method `first' for nil:NilClass,error: undefined method `first' for nil:NilClass,8/31/2023,8/4/2022,0.67,3343,591.29
517,Air India,AI,AI8171,DEL,BOM,error: undefined method `first' for nil:NilClass,error: undefined method `first' for nil:NilClass,error: undefined method `first' for nil:NilClass,5/11/2025,9/6/2024,14.06,2433,2565.29
518,Qatar Airways,QR,QR5704,DOH,NBO,error: undefined method `first' for nil:NilClass,error: undefined method `first' for nil:NilClass,error: undefined method `first' for nil:NilClass,2/2/2026,4/28/2024,11.79,8022,2432.5
519,Singapore Airlines,SQ,SQ8523,SIN,KUL,error: undefined method `first' for nil:NilClass,error: undefined method `first' for nil:NilClass,error: undefined method `first' for nil:NilClass,10/24/2022,1/27/2024,14.11,7816,1968.36
520,Air Canada,AC,AC4413,YYZ,NBO,error: undefined method `first' for nil:NilClass,error: undefined method `first' for nil:NilClass,error: undefined method `first' for nil:NilClass,7/5/2023,9/13/2023,13.59,7661,832.52
521,Air India,AI,AI5732,DEL,BOM,error: undefined method `first' for nil:NilClass,error: undefined method `first' for nil:NilClass,error: undefined method `first' for nil:NilClass,3/13/2022,4/18/2022,5.85,5663,454.62
522,Iberia,IB,IB4707,MAD,CDG,error: undefined method `first' for nil:NilClass,error: undefined method `first' for nil:NilClass,error: undefined method `first' for nil:NilClass,12/4/2023,12/15/2024,11.74,2205,2914.87
523,Qatar Airways,QR,QR1441,DOH,ADD,error: undefined method `first' for nil:NilClass,error: undefined method `first' for nil:NilClass,error: undefined method `first' for nil:NilClass,5/15/2022,10/5/2024,3.69,1213,1110.23
524,Delta Air Lines,DL,DL7689,JFK,ATL,error: undefined method `first' for nil:NilClass,error: undefined method `first' for nil:NilClass,error: undefined method `first' for nil:NilClass,12/3/2025,11/4/2025,4.05,1414,2916.2
525,Avianca,AV,AV2744,BOG,ORD,error: undefined method `first' for nil:NilClass,error: undefined method `first' for nil:NilClass,error: undefined method `first' for nil:NilClass,10/28/2022,6/27/2022,1.71,4587,3473.48
526,LATAM Airlines,LA,LA7165,GRU,MIA,error: undefined method `first' for nil:NilClass,error: undefined method `first' for nil:NilClass,error: undefined method `first' for nil:NilClass,9/29/2026,7/10/2022,12.13,8995,633.39
527,South African Airways,SA,SA5810,JNB,CDG,error: undefined method `first' for nil:NilClass,error: undefined method `first' for nil:NilClass,error: undefined method `first' for nil:NilClass,6/4/2025,2/8/2023,0.86,1402,3404.43
528,Alitalia,AZ,AZ8666,FCO,CDG,error: undefined method `first' for nil:NilClass,error: undefined method `first' for nil:NilClass,error: undefined method `first' for nil:NilClass,1/8/2026,4/2/2024,0.4,3691,1388.89
529,Southwest Airlines,WN,WN9630,LAX,SFO,error: undefined method `first' for nil:NilClass,error: undefined method `first' for nil:NilClass,error: undefined method `first' for nil:NilClass,11/1/2024,7/23/2022,4.82,2295,1993.21
530,LATAM Airlines,LA,LA6600,GRU,EZE,error: undefined method `first' for nil:NilClass,error: undefined method `first' for nil:NilClass,error: undefined method `first' for nil:NilClass,7/14/2025,6/17/2026,16.03,4815,1241.28
531,SAS Scandinavian,SK,SK4698,CPH,CDG,error: undefined method `first' for nil:NilClass,error: undefined method `first' for nil:NilClass,error: undefined method `first' for nil:NilClass,7/16/2024,6/10/2024,3.54,2905,802.24
532,Avianca,AV,AV3966,BOG,ORD,error: undefined method `first' for nil:NilClass,error: undefined method `first' for nil:NilClass,error: undefined method `first' for nil:NilClass,7/26/2023,9/10/2022,3.0,666,2976.91
533,Singapore Airlines,SQ,SQ4474,SIN,PEK,error: undefined method `first' for nil:NilClass,error: undefined method `first' for nil:NilClass,error: undefined method `first' for nil:NilClass,12/20/2022,12/4/2025,16.71,3559,1877.26
534,Air Canada,AC,AC3888,YYZ,DXB,error: undefined method `first' for nil:NilClass,error: undefined method `first' for nil:NilClass,error: undefined method `first' for nil:NilClass,2/4/2022,11/24/2025,7.32,216,1706.8
535,LATAM Airlines,LA,LA3026,GRU,EZE,error: undefined method `first' for nil:NilClass,error: undefined method `first' for nil:NilClass,error: undefined method `first' for nil:NilClass,4/15/2026,1/14/2025,1.05,7443,44.83
536,All Nippon Airways,NH,NH2007,HND,ICN,error: undefined method `first' for nil:NilClass,error: undefined method `first' for nil:NilClass,error: undefined method `first' for nil:NilClass,10/19/2026,12/29/2022,14.24,693,2563.58
537,Air New Zealand,NZ,NZ7014,AKL,SYD,error: undefined method `first' for nil:NilClass,error: undefined method `first' for nil:NilClass,error: undefined method `first' for nil:NilClass,1/23/2023,10/27/2023,4.44,2404,1963.23
538,Air New Zealand,NZ,NZ1432,AKL,SYD,error: undefined method `first' for nil:NilClass,error: undefined method `first' for nil:NilClass,error: undefined method `first' for nil:NilClass,10/1/2024,3/15/2026,4.18,4894,108.92
539,Avianca,AV,AV3056,BOG,ORD,error: undefined method `first' for nil:NilClass,error: undefined method `first' for nil:NilClass,error: undefined method `first' for nil:NilClass,1/24/2023,1/27/2024,17.16,8364,913.79
540,Lufthansa,LH,LH8573,FRA,CDG,error: undefined method `first' for nil:NilClass,error: undefined method `first' for nil:NilClass,error: undefined method `first' for nil:NilClass,12/10/2025,5/4/2024,13.54,6049,1909.76
541,Air New Zealand,NZ,NZ8173,AKL,SYD,error: undefined method `first' for nil:NilClass,error: undefined method `first' for nil:NilClass,error: undefined method `first' for nil:NilClass,1/4/2024,7/28/2025,17.62,8927,1248.24
542,American Airlines,AA,AA2833,JFK,ATL,error: undefined method `first' for nil:NilClass,error: undefined method `first' for nil:NilClass,error: undefined method `first' for nil:NilClass,6/26/2023,4/1/2022,9.88,5004,3239.28
543,Singapore Airlines,SQ,SQ4272,SIN,BNE,error: undefined method `first' for nil:NilClass,error: undefined method `first' for nil:NilClass,error: undefined method `first' for nil:NilClass,8/7/2025,5/26/2025,15.0,5520,1892.56
544,Southwest Airlines,WN,WN9434,LAX,SFO,error: undefined method `first' for nil:NilClass,error: undefined method `first' for nil:NilClass,error: undefined method `first' for nil:NilClass,9/29/2023,7/22/2022,3.11,2520,2484.43
545,LATAM Airlines,LA,LA6492,GRU,EZE,error: undefined method `first' for nil:NilClass,error: undefined method `first' for nil:NilClass,error: undefined method `first' for nil:NilClass,4/9/2026,12/8/2024,2.86,5851,380.95
546,Avianca,AV,AV3392,BOG,ORD,error: undefined method `first' for nil:NilClass,error: undefined method `first' for nil:NilClass,error: undefined method `first' for nil:NilClass,3/4/2023,4/19/2026,15.28,2693,1085.52
547,KLM Royal Dutch Airlines,KL,KL8773,AMS,CDG,error: undefined method `first' for nil:NilClass,error: undefined method `first' for nil:NilClass,error: undefined method `first' for nil:NilClass,4/15/2026,2/17/2022,15.76,528,1387.44
548,Air Canada,AC,AC5211,YYZ,DFW,error: undefined method `first' for nil:NilClass,error: undefined method `first' for nil:NilClass,error: undefined method `first' for nil:NilClass,7/4/2022,11/19/2026,11.47,4045,3192.39
549,All Nippon Airways,NH,NH1625,HND,ICN,error: undefined method `first' for nil:NilClass,error: undefined method `first' for nil:NilClass,error: undefined method `first' for nil:NilClass,5/22/2023,4/7/2025,6.48,3258,3101.56
550,Aeroméxico,AM,AM8243,MEX,CDG,error: undefined method `first' for nil:NilClass,error: undefined method `first' for nil:NilClass,error: undefined method `first' for nil:NilClass,11/23/2026,1/30/2026,12.39,7508,108.36
551,All Nippon Airways,NH,NH3030,HND,ICN,error: undefined method `first' for nil:NilClass,error: undefined method `first' for nil:NilClass,error: undefined method `first' for nil:NilClass,4/18/2025,1/14/2025,14.57,5307,1153.27
552,Lufthansa,LH,LH3233,FRA,CDG,error: undefined method `first' for nil:NilClass,error: undefined method `first' for nil:NilClass,error: undefined method `first' for nil:NilClass,10/19/2024,3/7/2022,4.69,1433,2564.37
553,Thai Airways,TG,TG7094,BKK,SIN,error: undefined method `first' for nil:NilClass,error: undefined method `first' for nil:NilClass,error: undefined method `first' for nil:NilClass,10/21/2026,2/25/2025,16.09,5409,2805.37
554,Iberia,IB,IB4766,MAD,CDG,error: undefined method `first' for nil:NilClass,error: undefined method `first' for nil:NilClass,error: undefined method `first' for nil:NilClass,8/19/2026,1/8/2025,9.54,4207,1755.99
555,Southwest Airlines,WN,WN2195,LAX,SFO,error: undefined method `first' for nil:NilClass,error: undefined method `first' for nil:NilClass,error: undefined method `first' for nil:NilClass,8/29/2023,7/3/2024,13.67,7944,1974.01
556,Iberia,IB,IB4476,MAD,CDG,error: undefined method `first' for nil:NilClass,error: undefined method `first' for nil:NilClass,error: undefined method `first' for nil:NilClass,12/22/2022,11/24/2026,5.08,282,151.76
557,Ethiopian Airlines,ET,ET4833,ADD,DOH,error: undefined method `first' for nil:NilClass,error: undefined method `first' for nil:NilClass,error: undefined method `first' for nil:NilClass,11/12/2024,10/13/2022,15.6,2995,505.31
558,All Nippon Airways,NH,NH4286,HND,SFO,error: undefined method `first' for nil:NilClass,error: undefined method `first' for nil:NilClass,error: undefined method `first' for nil:NilClass,9/24/2022,4/29/2023,4.34,400,3489.79
559,British Airways,BA,BA7961,LHR,CDG,error: undefined method `first' for nil:NilClass,error: undefined method `first' for nil:NilClass,error: undefined method `first' for nil:NilClass,9/11/2025,10/16/2023,5.16,7106,657.97
560,Iberia,IB,IB4766,MAD,CDG,error: undefined method `first' for nil:NilClass,error: undefined method `first' for nil:NilClass,error: undefined method `first' for nil:NilClass,12/3/2024,10/27/2025,15.72,6321,3034.85
561,Lufthansa,LH,LH1978,FRA,CDG,error: undefined method `first' for nil:NilClass,error: undefined method `first' for nil:NilClass,error: undefined method `first' for nil:NilClass,12/17/2023,7/25/2022,13.06,2408,1844.38
562,Emirates,EK,EK4479,DXB,DOH,error: undefined method `first' for nil:NilClass,error: undefined method `first' for nil:NilClass,error: undefined method `first' for nil:NilClass,11/1/2022,4/26/2023,12.56,3101,3008.48
563,United Airlines,UA,UA4283,LAX,SFO,error: undefined method `first' for nil:NilClass,error: undefined method `first' for nil:NilClass,error: undefined method `first' for nil:NilClass,5/13/2026,9/23/2023,15.4,3589,1871.89
564,Qantas,QF,QF1039,SYD,MEL,error: undefined method `first' for nil:NilClass,error: undefined method `first' for nil:NilClass,error: undefined method `first' for nil:NilClass,6/11/2024,9/12/2026,0.93,1162,1293.77
565,South African Airways,SA,SA7749,JNB,CDG,error: undefined method `first' for nil:NilClass,error: undefined method `first' for nil:NilClass,error: undefined method `first' for nil:NilClass,2/18/2026,8/18/2022,12.41,2596,3363.7
566,Iberia,IB,IB4996,MAD,CDG,error: undefined method `first' for nil:NilClass,error: undefined method `first' for nil:NilClass,error: undefined method `first' for nil:NilClass,10/4/2022,10/3/2022,2.15,5980,1956.48
567,British Airways,BA,BA8519,LHR,BOM,error: undefined method `first' for nil:NilClass,error: undefined method `first' for nil:NilClass,error: undefined method `first' for nil:NilClass,6/20/2022,7/11/2024,1.95,1685,2270.07
568,Delta Air Lines,DL,DL6886,JFK,ADD,error: undefined method `first' for nil:NilClass,error: undefined method `first' for nil:NilClass,error: undefined method `first' for nil:NilClass,7/12/2023,3/8/2023,11.71,546,663.88
569,Iberia,IB,IB7772,MAD,CDG,error: undefined method `first' for nil:NilClass,error: undefined method `first' for nil:NilClass,error: undefined method `first' for nil:NilClass,11/1/2025,2/9/2024,7.11,7402,3181.7
570,Korean Air,KE,KE2030,ICN,HND,error: undefined method `first' for nil:NilClass,error: undefined method `first' for nil:NilClass,error: undefined method `first' for nil:NilClass,1/7/2022,5/1/2024,15.17,7920,166.33
571,LATAM Airlines,LA,LA7890,GRU,EZE,error: undefined method `first' for nil:NilClass,error: undefined method `first' for nil:NilClass,error: undefined method `first' for nil:NilClass,8/10/2025,1/15/2022,2.18,7514,624.54
572,LATAM Airlines,LA,LA1514,GRU,EZE,error: undefined method `first' for nil:NilClass,error: undefined method `first' for nil:NilClass,error: undefined method `first' for nil:NilClass,4/30/2026,12/7/2023,5.64,7661,3093.0
573,Air Canada,AC,AC1219,YYZ,MIA,error: undefined method `first' for nil:NilClass,error: undefined method `first' for nil:NilClass,error: undefined method `first' for nil:NilClass,2/17/2026,6/11/2025,11.85,5415,731.14
574,SAS Scandinavian,SK,SK5087,CPH,CDG,error: undefined method `first' for nil:NilClass,error: undefined method `first' for nil:NilClass,error: undefined method `first' for nil:NilClass,2/21/2026,1/1/2023,12.42,4761,3150.82
575,Ethiopian Airlines,ET,ET5973,ADD,DOH,error: undefined method `first' for nil:NilClass,error: undefined method `first' for nil:NilClass,error: undefined method `first' for nil:NilClass,5/12/2022,11/21/2026,6.72,6067,621.84
576,SAS Scandinavian,SK,SK3823,CPH,CDG,error: undefined method `first' for nil:NilClass,error: undefined method `first' for nil:NilClass,error: undefined method `first' for nil:NilClass,8/1/2022,6/17/2022,1.27,328,613.77
577,Cathay Pacific,CX,CX9836,HKG,SIN,error: undefined method `first' for nil:NilClass,error: undefined method `first' for nil:NilClass,error: undefined method `first' for nil:NilClass,11/19/2025,8/10/2023,13.56,4772,1542.01
578,Lufthansa,LH,LH6251,FRA,CDG,error: undefined method `first' for nil:NilClass,error: undefined method `first' for nil:NilClass,error: undefined method `first' for nil:NilClass,1/30/2026,6/7/2025,5.12,6515,317.28
579,British Airways,BA,BA4184,LHR,CDG,error: undefined method `first' for nil:NilClass,error: undefined method `first' for nil:NilClass,error: undefined method `first' for nil:NilClass,11/17/2023,9/25/2025,8.25,4491,1383.35
580,Southwest Airlines,WN,WN8168,LAX,SFO,error: undefined method `first' for nil:NilClass,error: undefined method `first' for nil:NilClass,error: undefined method `first' for nil:NilClass,5/11/2022,5/29/2026,12.64,3481,2793.0
581,Qatar Airways,QR,QR6336,DOH,ADD,error: undefined method `first' for nil:NilClass,error: undefined method `first' for nil:NilClass,error: undefined method `first' for nil:NilClass,1/31/2025,11/20/2025,7.58,6130,685.54
582,SAS Scandinavian,SK,SK4238,CPH,CDG,error: undefined method `first' for nil:NilClass,error: undefined method `first' for nil:NilClass,error: undefined method `first' for nil:NilClass,5/12/2024,8/28/2026,17.1,8913,1429.76
583,Korean Air,KE,KE2503,ICN,HND,error: undefined method `first' for nil:NilClass,error: undefined method `first' for nil:NilClass,error: undefined method `first' for nil:NilClass,8/3/2023,8/31/2022,9.78,4816,2788.96
584,Delta Air Lines,DL,DL1701,JFK,ATL,error: undefined method `first' for nil:NilClass,error: undefined method `first' for nil:NilClass,error: undefined method `first' for nil:NilClass,5/4/2023,12/3/2024,3.07,3549,3322.14
585,All Nippon Airways,NH,NH6266,HND,SYD,error: undefined method `first' for nil:NilClass,error: undefined method `first' for nil:NilClass,error: undefined method `first' for nil:NilClass,9/11/2023,11/2/2026,1.12,7373,3002.18
586,Qantas,QF,QF8486,SYD,HND,error: undefined method `first' for nil:NilClass,error: undefined method `first' for nil:NilClass,error: undefined method `first' for nil:NilClass,10/4/2025,9/2/2022,15.11,2413,2146.46
587,Aeroméxico,AM,AM9145,MEX,ORD,error: undefined method `first' for nil:NilClass,error: undefined method `first' for nil:NilClass,error: undefined method `first' for nil:NilClass,7/23/2022,2/16/2026,8.35,2184,2995.93
588,Air Canada,AC,AC8831,YYZ,JFK,error: undefined method `first' for nil:NilClass,error: undefined method `first' for nil:NilClass,error: undefined method `first' for nil:NilClass,11/30/2022,2/23/2022,5.74,3410,1600.04
589,Thai Airways,TG,TG4778,BKK,SIN,error: undefined method `first' for nil:NilClass,error: undefined method `first' for nil:NilClass,error: undefined method `first' for nil:NilClass,7/27/2024,2/5/2023,16.48,4429,2795.55
590,Ethiopian Airlines,ET,ET7435,ADD,DOH,error: undefined method `first' for nil:NilClass,error: undefined method `first' for nil:NilClass,error: undefined method `first' for nil:NilClass,4/26/2023,4/27/2024,1.17,3640,735.44
591,Delta Air Lines,DL,DL5304,JFK,DEL,error: undefined method `first' for nil:NilClass,error: undefined method `first' for nil:NilClass,error: undefined method `first' for nil:NilClass,8/17/2023,1/4/2022,12.09,1471,2648.55
592,LATAM Airlines,LA,LA2799,GRU,EZE,error: undefined method `first' for nil:NilClass,error: undefined method `first' for nil:NilClass,error: undefined method `first' for nil:NilClass,6/25/2025,10/28/2023,14.94,4481,763.41
593,Delta Air Lines,DL,DL3408,JFK,ATL,error: undefined method `first' for nil:NilClass,error: undefined method `first' for nil:NilClass,error: undefined method `first' for nil:NilClass,11/28/2022,7/16/2023,4.56,1357,2032.23
594,South African Airways,SA,SA5492,JNB,ADD,error: undefined method `first' for nil:NilClass,error: undefined method `first' for nil:NilClass,error: undefined method `first' for nil:NilClass,4/6/2022,1/20/2022,3.44,4740,2735.35
595,Ethiopian Airlines,ET,ET9810,ADD,DOH,error: undefined method `first' for nil:NilClass,error: undefined method `first' for nil:NilClass,error: undefined method `first' for nil:NilClass,7/19/2023,9/12/2022,16.36,1146,2450.52
596,Aeroméxico,AM,AM5332,MEX,ORD,error: undefined method `first' for nil:NilClass,error: undefined method `first' for nil:NilClass,error: undefined method `first' for nil:NilClass,8/11/2022,2/23/2024,5.24,5077,1565.62
597,Thai Airways,TG,TG1611,BKK,SIN,error: undefined method `first' for nil:NilClass,error: undefined method `first' for nil:NilClass,error: undefined method `first' for nil:NilClass,10/7/2023,7/20/2025,0.9,2545,2393.16
598,United Airlines,UA,UA8751,LAX,SFO,error: undefined method `first' for nil:NilClass,error: undefined method `first' for nil:NilClass,error: undefined method `first' for nil:NilClass,5/9/2022,12/21/2024,16.73,6981,3080.43
599,Qatar Airways,QR,QR4818,DOH,ADD,error: undefined method `first' for nil:NilClass,error: undefined method `first' for nil:NilClass,error: undefined method `first' for nil:NilClass,1/23/2026,1/19/2024,11.14,8791,2705.73
600,American Airlines,AA,AA3895,JFK,ATL,error: undefined method `first' for nil:NilClass,error: undefined method `first' for nil:NilClass,error: undefined method `first' for nil:NilClass,12/25/2024,6/4/2025,6.75,8292,1558.17
601,KLM Royal Dutch Airlines,KL,KL4094,AMS,CDG,error: undefined method `first' for nil:NilClass,error: undefined method `first' for nil:NilClass,error: undefined method `first' for nil:NilClass,10/11/2022,10/5/2023,7.24,8673,2797.14
602,Korean Air,KE,KE1190,ICN,HND,error: undefined method `first' for nil:NilClass,error: undefined method `first' for nil:NilClass,error: undefined method `first' for nil:NilClass,8/2/2026,7/17/2025,7.15,6392,2622.57
603,British Airways,BA,BA2574,LHR,CDG,error: undefined method `first' for nil:NilClass,error: undefined method `first' for nil:NilClass,error: undefined method `first' for nil:NilClass,8/15/2023,2/6/2026,1.42,6956,1077.64
604,Qantas,QF,QF2364,SYD,MEL,error: undefined method `first' for nil:NilClass,error: undefined method `first' for nil:NilClass,error: undefined method `first' for nil:NilClass,5/20/2026,4/17/2022,11.9,8368,3093.52
605,Lufthansa,LH,LH3478,FRA,CDG,error: undefined method `first' for nil:NilClass,error: undefined method `first' for nil:NilClass,error: undefined method `first' for nil:NilClass,2/16/2026,7/31/2022,16.85,1882,1684.53
606,British Airways,BA,BA2913,LHR,CDG,error: undefined method `first' for nil:NilClass,error: undefined method `first' for nil:NilClass,error: undefined method `first' for nil:NilClass,10/3/2025,7/25/2025,12.77,8222,1683.1
607,Air India,AI,AI1565,DEL,BOM,error: undefined method `first' for nil:NilClass,error: undefined method `first' for nil:NilClass,error: undefined method `first' for nil:NilClass,5/15/2022,9/22/2026,14.26,5212,2802.64
608,Korean Air,KE,KE1438,ICN,SIN,error: undefined method `first' for nil:NilClass,error: undefined method `first' for nil:NilClass,error: undefined method `first' for nil:NilClass,9/17/2023,2/19/2026,5.42,834,3392.05
609,American Airlines,AA,AA7813,JFK,ATL,error: undefined method `first' for nil:NilClass,error: undefined method `first' for nil:NilClass,error: undefined method `first' for nil:NilClass,1/28/2023,8/18/2025,3.38,4968,388.48
610,Aeroméxico,AM,AM4317,MEX,ORD,error: undefined method `first' for nil:NilClass,error: undefined method `first' for nil:NilClass,error: undefined method `first' for nil:NilClass,10/11/2026,5/23/2022,6.66,1431,3136.46
611,Singapore Airlines,SQ,SQ6788,SIN,PEK,error: undefined method `first' for nil:NilClass,error: undefined method `first' for nil:NilClass,error: undefined method `first' for nil:NilClass,6/22/2024,12/18/2022,10.79,1106,402.42
612,Qatar Airways,QR,QR5078,DOH,EZE,error: undefined method `first' for nil:NilClass,error: undefined method `first' for nil:NilClass,error: undefined method `first' for nil:NilClass,4/2/2025,11/23/2022,0.44,2545,1657.0
613,Air France,AF,AF2406,CDG,ZRH,error: undefined method `first' for nil:NilClass,error: undefined method `first' for nil:NilClass,error: undefined method `first' for nil:NilClass,9/18/2025,9/20/2023,16.79,8032,141.61
614,Air Canada,AC,AC3846,YYZ,AKL,error: undefined method `first' for nil:NilClass,error: undefined method `first' for nil:NilClass,error: undefined method `first' for nil:NilClass,8/18/2026,6/11/2024,12.37,6892,2525.97
615,Delta Air Lines,DL,DL9764,JFK,ATL,error: undefined method `first' for nil:NilClass,error: undefined method `first' for nil:NilClass,error: undefined method `first' for nil:NilClass,4/19/2026,7/26/2024,9.5,1155,234.74
616,American Airlines,AA,AA6633,JFK,ATL,error: undefined method `first' for nil:NilClass,error: undefined method `first' for nil:NilClass,error: undefined method `first' for nil:NilClass,10/7/2024,6/1/2022,13.2,3821,1235.53
617,United Airlines,UA,UA1878,LAX,DXB,error: undefined method `first' for nil:NilClass,error: undefined method `first' for nil:NilClass,error: undefined method `first' for nil:NilClass,11/23/2022,11/26/2026,15.48,8254,1142.69
618,British Airways,BA,BA2318,LHR,DEL,error: undefined method `first' for nil:NilClass,error: undefined method `first' for nil:NilClass,error: undefined method `first' for nil:NilClass,4/26/2025,2/2/2025,13.12,3840,1828.54
619,Lufthansa,LH,LH8063,FRA,MAD,error: undefined method `first' for nil:NilClass,error: undefined method `first' for nil:NilClass,error: undefined method `first' for nil:NilClass,8/1/2022,4/22/2025,17.7,1028,826.47
620,Avianca,AV,AV2514,BOG,ORD,error: undefined method `first' for nil:NilClass,error: undefined method `first' for nil:NilClass,error: undefined method `first' for nil:NilClass,4/14/2025,7/15/2025,15.7,4292,1193.97
621,Qatar Airways,QR,QR7949,DOH,NBO,error: undefined method `first' for nil:NilClass,error: undefined method `first' for nil:NilClass,error: undefined method `first' for nil:NilClass,1/25/2022,9/12/2025,17.21,4296,2041.9
622,All Nippon Airways,NH,NH2223,HND,SIN,error: undefined method `first' for nil:NilClass,error: undefined method `first' for nil:NilClass,error: undefined method `first' for nil:NilClass,4/28/2025,5/10/2023,9.84,4394,3161.37
623,Korean Air,KE,KE7505,ICN,HND,error: undefined method `first' for nil:NilClass,error: undefined method `first' for nil:NilClass,error: undefined method `first' for nil:NilClass,4/16/2025,7/14/2026,8.38,2219,205.84
624,Korean Air,KE,KE8393,ICN,HKG,error: undefined method `first' for nil:NilClass,error: undefined method `first' for nil:NilClass,error: undefined method `first' for nil:NilClass,8/27/2022,8/30/2026,10.32,1677,3221.83
625,Air New Zealand,NZ,NZ8723,AKL,SYD,error: undefined method `first' for nil:NilClass,error: undefined method `first' for nil:NilClass,error: undefined method `first' for nil:NilClass,10/19/2022,8/9/2023,17.32,4962,1719.52
626,Lufthansa,LH,LH3543,FRA,JNB,error: undefined method `first' for nil:NilClass,error: undefined method `first' for nil:NilClass,error: undefined method `first' for nil:NilClass,2/15/2022,2/1/2023,10.88,4140,1936.51
627,Delta Air Lines,DL,DL6952,JFK,ATL,error: undefined method `first' for nil:NilClass,error: undefined method `first' for nil:NilClass,error: undefined method `first' for nil:NilClass,6/2/2024,8/28/2026,2.83,4135,3472.11
628,Avianca,AV,AV3809,BOG,FRA,error: undefined method `first' for nil:NilClass,error: undefined method `first' for nil:NilClass,error: undefined method `first' for nil:NilClass,8/23/2023,10/9/2023,0.31,5791,1981.4
629,Korean Air,KE,KE9114,ICN,DEN,error: undefined method `first' for nil:NilClass,error: undefined method `first' for nil:NilClass,error: undefined method `first' for nil:NilClass,7/13/2025,8/26/2024,15.68,5701,2939.4
630,Air New Zealand,NZ,NZ2874,AKL,SYD,error: undefined method `first' for nil:NilClass,error: undefined method `first' for nil:NilClass,error: undefined method `first' for nil:NilClass,7/13/2023,6/1/2026,7.1,320,411.21
631,Air India,AI,AI5614,DEL,CDG,error: undefined method `first' for nil:NilClass,error: undefined method `first' for nil:NilClass,error: undefined method `first' for nil:NilClass,6/26/2022,11/7/2022,15.11,7045,2488.3
632,Air New Zealand,NZ,NZ9504,AKL,SYD,error: undefined method `first' for nil:NilClass,error: undefined method `first' for nil:NilClass,error: undefined method `first' for nil:NilClass,9/24/2023,9/11/2025,7.75,992,145.4
633,SAS Scandinavian,SK,SK3409,CPH,VIE,error: undefined method `first' for nil:NilClass,error: undefined method `first' for nil:NilClass,error: undefined method `first' for nil:NilClass,3/14/2025,7/26/2023,2.0,4609,3129.36
634,British Airways,BA,BA4947,LHR,CDG,error: undefined method `first' for nil:NilClass,error: undefined method `first' for nil:NilClass,error: undefined method `first' for nil:NilClass,10/6/2023,3/22/2022,16.45,5428,1539.61
635,Alitalia,AZ,AZ3288,FCO,CDG,error: undefined method `first' for nil:NilClass,error: undefined method `first' for nil:NilClass,error: undefined method `first' for nil:NilClass,8/8/2026,12/3/2024,8.89,5330,1469.27
636,LATAM Airlines,LA,LA9049,GRU,EZE,error: undefined method `first' for nil:NilClass,error: undefined method `first' for nil:NilClass,error: undefined method `first' for nil:NilClass,6/4/2024,3/29/2022,6.74,2320,137.81
637,Air India,AI,AI2823,DEL,PEK,error: undefined method `first' for nil:NilClass,error: undefined method `first' for nil:NilClass,error: undefined method `first' for nil:NilClass,12/24/2025,7/18/2025,13.01,837,1575.0
638,KLM Royal Dutch Airlines,KL,KL3239,AMS,CDG,error: undefined method `first' for nil:NilClass,error: undefined method `first' for nil:NilClass,error: undefined method `first' for nil:NilClass,5/4/2023,5/6/2022,14.43,5373,2761.75
639,Qatar Airways,QR,QR4841,DOH,ADD,error: undefined method `first' for nil:NilClass,error: undefined method `first' for nil:NilClass,error: undefined method `first' for nil:NilClass,3/4/2024,2/21/2026,8.13,4572,153.33
640,Air India,AI,AI5467,DEL,ICN,error: undefined method `first' for nil:NilClass,error: undefined method `first' for nil:NilClass,error: undefined method `first' for nil:NilClass,3/21/2024,7/24/2024,8.2,4505,2511.83
641,Alitalia,AZ,AZ2999,FCO,CDG,error: undefined method `first' for nil:NilClass,error: undefined method `first' for nil:NilClass,error: undefined method `first' for nil:NilClass,5/15/2022,8/21/2024,12.02,3407,1168.12
642,Alitalia,AZ,AZ1464,FCO,CDG,error: undefined method `first' for nil:NilClass,error: undefined method `first' for nil:NilClass,error: undefined method `first' for nil:NilClass,9/1/2022,10/31/2022,4.16,5653,195.85
643,United Airlines,UA,UA7694,LAX,YVR,error: undefined method `first' for nil:NilClass,error: undefined method `first' for nil:NilClass,error: undefined method `first' for nil:NilClass,2/22/2024,12/26/2024,12.52,8265,267.1
644,Lufthansa,LH,LH1276,FRA,CDG,error: undefined method `first' for nil:NilClass,error: undefined method `first' for nil:NilClass,error: undefined method `first' for nil:NilClass,3/25/2025,7/12/2024,5.47,924,2313.16
645,Avianca,AV,AV2787,BOG,ORD,error: undefined method `first' for nil:NilClass,error: undefined method `first' for nil:NilClass,error: undefined method `first' for nil:NilClass,6/11/2024,3/20/2024,1.91,330,979.16
646,South African Airways,SA,SA9741,JNB,CDG,error: undefined method `first' for nil:NilClass,error: undefined method `first' for nil:NilClass,error: undefined method `first' for nil:NilClass,7/9/2023,1/1/2025,7.41,90,1494.04
647,Air France,AF,AF4644,CDG,ARN,error: undefined method `first' for nil:NilClass,error: undefined method `first' for nil:NilClass,error: undefined method `first' for nil:NilClass,11/2/2026,3/7/2026,12.4,5693,2156.78
648,Iberia,IB,IB4790,MAD,CDG,error: undefined method `first' for nil:NilClass,error: undefined method `first' for nil:NilClass,error: undefined method `first' for nil:NilClass,10/13/2022,2/6/2022,8.98,7966,1316.83
649,Cathay Pacific,CX,CX3000,HKG,SIN,error: undefined method `first' for nil:NilClass,error: undefined method `first' for nil:NilClass,error: undefined method `first' for nil:NilClass,6/24/2022,1/23/2025,11.0,8140,2185.72
650,American Airlines,AA,AA9999,JFK,ATL,error: undefined method `first' for nil:NilClass,error: undefined method `first' for nil:NilClass,error: undefined method `first' for nil:NilClass,7/20/2026,11/27/2022,14.68,7600,2126.81
651,LATAM Airlines,LA,LA2284,GRU,EZE,error: undefined method `first' for nil:NilClass,error: undefined method `first' for nil:NilClass,error: undefined method `first' for nil:NilClass,10/9/2026,5/6/2022,12.93,3969,2348.72
652,Southwest Airlines,WN,WN9680,LAX,SFO,error: undefined method `first' for nil:NilClass,error: undefined method `first' for nil:NilClass,error: undefined method `first' for nil:NilClass,11/20/2025,1/3/2023,12.32,4546,216.9
653,Cathay Pacific,CX,CX7552,HKG,SIN,error: undefined method `first' for nil:NilClass,error: undefined method `first' for nil:NilClass,error: undefined method `first' for nil:NilClass,9/30/2025,10/7/2022,10.48,8460,2136.48
654,Southwest Airlines,WN,WN8753,LAX,SEA,error: undefined method `first' for nil:NilClass,error: undefined method `first' for nil:NilClass,error: undefined method `first' for nil:NilClass,2/5/2025,12/19/2025,15.13,6685,54.42
655,Southwest Airlines,WN,WN7180,LAX,SFO,error: undefined method `first' for nil:NilClass,error: undefined method `first' for nil:NilClass,error: undefined method `first' for nil:NilClass,4/8/2023,7/10/2026,3.39,4061,1764.62
656,Aeroméxico,AM,AM3096,MEX,ORD,error: undefined method `first' for nil:NilClass,error: undefined method `first' for nil:NilClass,error: undefined method `first' for nil:NilClass,2/25/2023,11/15/2025,2.03,8715,1389.07
657,Singapore Airlines,SQ,SQ2197,SIN,PEK,error: undefined method `first' for nil:NilClass,error: undefined method `first' for nil:NilClass,error: undefined method `first' for nil:NilClass,3/29/2022,7/27/2023,9.04,1010,3397.25
658,Qantas,QF,QF7905,SYD,MEL,error: undefined method `first' for nil:NilClass,error: undefined method `first' for nil:NilClass,error: undefined method `first' for nil:NilClass,4/5/2025,3/29/2024,17.36,4281,3042.07
659,Emirates,EK,EK3314,DXB,FCO,error: undefined method `first' for nil:NilClass,error: undefined method `first' for nil:NilClass,error: undefined method `first' for nil:NilClass,4/12/2023,1/8/2022,3.89,8171,585.25
660,Ethiopian Airlines,ET,ET4601,ADD,DOH,error: undefined method `first' for nil:NilClass,error: undefined method `first' for nil:NilClass,error: undefined method `first' for nil:NilClass,9/20/2024,4/12/2025,7.9,5859,2651.62
661,Air Canada,AC,AC7134,YYZ,JFK,error: undefined method `first' for nil:NilClass,error: undefined method `first' for nil:NilClass,error: undefined method `first' for nil:NilClass,10/18/2026,4/7/2025,7.57,2787,2535.83
662,British Airways,BA,BA4947,LHR,CDG,error: undefined method `first' for nil:NilClass,error: undefined method `first' for nil:NilClass,error: undefined method `first' for nil:NilClass,7/24/2022,12/7/2025,15.77,3364,1117.07
663,Air France,AF,AF2048,CDG,FRA,error: undefined method `first' for nil:NilClass,error: undefined method `first' for nil:NilClass,error: undefined method `first' for nil:NilClass,10/31/2026,1/2/2024,16.84,4614,1709.96
664,Ethiopian Airlines,ET,ET1878,ADD,AMS,error: undefined method `first' for nil:NilClass,error: undefined method `first' for nil:NilClass,error: undefined method `first' for nil:NilClass,10/25/2026,8/22/2023,15.79,7507,2444.24
665,United Airlines,UA,UA4308,LAX,SEA,error: undefined method `first' for nil:NilClass,error: undefined method `first' for nil:NilClass,error: undefined method `first' for nil:NilClass,7/22/2025,8/26/2024,13.01,4959,1260.25
666,Qantas,QF,QF6081,SYD,MEL,error: undefined method `first' for nil:NilClass,error: undefined method `first' for nil:NilClass,error: undefined method `first' for nil:NilClass,3/21/2023,2/4/2024,12.47,856,158.42
667,Cathay Pacific,CX,CX6238,HKG,SIN,error: undefined method `first' for nil:NilClass,error: undefined method `first' for nil:NilClass,error: undefined method `first' for nil:NilClass,11/9/2026,3/5/2025,5.1,2805,365.16
668,Air Canada,AC,AC7769,YYZ,MIA,error: undefined method `first' for nil:NilClass,error: undefined method `first' for nil:NilClass,error: undefined method `first' for nil:NilClass,11/11/2026,3/15/2022,6.41,8271,2164.76
669,Air Canada,AC,AC1080,YYZ,ORD,error: undefined method `first' for nil:NilClass,error: undefined method `first' for nil:NilClass,error: undefined method `first' for nil:NilClass,2/4/2024,5/5/2023,8.51,7358,943.79
670,United Airlines,UA,UA5241,LAX,SFO,error: undefined method `first' for nil:NilClass,error: undefined method `first' for nil:NilClass,error: undefined method `first' for nil:NilClass,10/21/2024,11/23/2026,17.46,7105,3490.46
671,KLM Royal Dutch Airlines,KL,KL4223,AMS,FCO,error: undefined method `first' for nil:NilClass,error: undefined method `first' for nil:NilClass,error: undefined method `first' for nil:NilClass,10/4/2026,3/25/2022,1.52,3354,3268.81
672,Southwest Airlines,WN,WN9468,LAX,SFO,error: undefined method `first' for nil:NilClass,error: undefined method `first' for nil:NilClass,error: undefined method `first' for nil:NilClass,5/12/2025,11/1/2022,7.82,8717,1566.22
673,Iberia,IB,IB8346,MAD,CDG,error: undefined method `first' for nil:NilClass,error: undefined method `first' for nil:NilClass,error: undefined method `first' for nil:NilClass,4/28/2022,6/20/2024,12.5,4586,3359.68
674,All Nippon Airways,NH,NH1887,HND,CPH,error: undefined method `first' for nil:NilClass,error: undefined method `first' for nil:NilClass,error: undefined method `first' for nil:NilClass,6/1/2023,6/14/2022,9.2,3453,1960.32
675,Singapore Airlines,SQ,SQ7311,SIN,PEK,error: undefined method `first' for nil:NilClass,error: undefined method `first' for nil:NilClass,error: undefined method `first' for nil:NilClass,2/22/2025,2/12/2022,2.21,7048,2501.76
676,Avianca,AV,AV6517,BOG,MEX,error: undefined method `first' for nil:NilClass,error: undefined method `first' for nil:NilClass,error: undefined method `first' for nil:NilClass,12/16/2024,2/21/2023,1.11,8519,1862.45
677,Emirates,EK,EK7596,DXB,DOH,error: undefined method `first' for nil:NilClass,error: undefined method `first' for nil:NilClass,error: undefined method `first' for nil:NilClass,6/20/2022,5/13/2025,1.59,4900,2124.75
678,Avianca,AV,AV4829,BOG,FCO,error: undefined method `first' for nil:NilClass,error: undefined method `first' for nil:NilClass,error: undefined method `first' for nil:NilClass,6/15/2025,9/6/2025,0.33,3572,1122.26
679,Air India,AI,AI2165,DEL,HKG,error: undefined method `first' for nil:NilClass,error: undefined method `first' for nil:NilClass,error: undefined method `first' for nil:NilClass,3/18/2024,5/5/2025,4.35,1816,556.82
680,Air India,AI,AI6534,DEL,BOM,error: undefined method `first' for nil:NilClass,error: undefined method `first' for nil:NilClass,error: undefined method `first' for nil:NilClass,5/23/2025,11/20/2024,5.01,7273,2451.84
681,British Airways,BA,BA9450,LHR,CDG,error: undefined method `first' for nil:NilClass,error: undefined method `first' for nil:NilClass,error: undefined method `first' for nil:NilClass,5/25/2024,2/20/2024,8.42,3044,2782.01
682,Lufthansa,LH,LH1697,FRA,CDG,error: undefined method `first' for nil:NilClass,error: undefined method `first' for nil:NilClass,error: undefined method `first' for nil:NilClass,1/14/2024,11/2/2025,12.22,3516,752.15
683,Avianca,AV,AV2507,BOG,ORD,error: undefined method `first' for nil:NilClass,error: undefined method `first' for nil:NilClass,error: undefined method `first' for nil:NilClass,3/28/2026,5/29/2026,16.06,5085,3421.61
684,Ethiopian Airlines,ET,ET2308,ADD,DOH,error: undefined method `first' for nil:NilClass,error: undefined method `first' for nil:NilClass,error: undefined method `first' for nil:NilClass,12/17/2022,6/8/2022,14.8,4678,1082.65
685,Air France,AF,AF6790,CDG,FRA,error: undefined method `first' for nil:NilClass,error: undefined method `first' for nil:NilClass,error: undefined method `first' for nil:NilClass,6/21/2026,5/9/2026,8.23,7290,152.12
686,Thai Airways,TG,TG1974,BKK,SIN,error: undefined method `first' for nil:NilClass,error: undefined method `first' for nil:NilClass,error: undefined method `first' for nil:NilClass,6/19/2022,8/25/2022,5.07,1559,2231.54
687,Avianca,AV,AV3423,BOG,ORD,error: undefined method `first' for nil:NilClass,error: undefined method `first' for nil:NilClass,error: undefined method `first' for nil:NilClass,10/27/2026,4/29/2024,15.21,7775,1059.13
688,South African Airways,SA,SA2806,JNB,CDG,error: undefined method `first' for nil:NilClass,error: undefined method `first' for nil:NilClass,error: undefined method `first' for nil:NilClass,5/7/2025,6/25/2026,5.11,5201,3197.59
689,Aeroméxico,AM,AM4620,MEX,ORD,error: undefined method `first' for nil:NilClass,error: undefined method `first' for nil:NilClass,error: undefined method `first' for nil:NilClass,6/21/2022,4/6/2022,9.31,6808,788.3
690,LATAM Airlines,LA,LA7557,GRU,EZE,error: undefined method `first' for nil:NilClass,error: undefined method `first' for nil:NilClass,error: undefined method `first' for nil:NilClass,4/3/2022,11/13/2023,15.96,7265,923.94
691,Korean Air,KE,KE4681,ICN,BKK,error: undefined method `first' for nil:NilClass,error: undefined method `first' for nil:NilClass,error: undefined method `first' for nil:NilClass,10/15/2023,11/4/2024,0.72,4605,1709.31
692,Cathay Pacific,CX,CX2774,HKG,SIN,error: undefined method `first' for nil:NilClass,error: undefined method `first' for nil:NilClass,error: undefined method `first' for nil:NilClass,2/8/2022,4/1/2022,6.87,8563,2490.07
693,Cathay Pacific,CX,CX9570,HKG,SIN,error: undefined method `first' for nil:NilClass,error: undefined method `first' for nil:NilClass,error: undefined method `first' for nil:NilClass,9/6/2026,1/13/2025,16.9,8005,2187.61
694,Air Canada,AC,AC3652,YYZ,MIA,error: undefined method `first' for nil:NilClass,error: undefined method `first' for nil:NilClass,error: undefined method `first' for nil:NilClass,5/6/2023,10/15/2023,14.44,6573,804.41
695,Emirates,EK,EK1778,DXB,MUC,error: undefined method `first' for nil:NilClass,error: undefined method `first' for nil:NilClass,error: undefined method `first' for nil:NilClass,4/6/2024,3/6/2026,15.08,195,1032.05
696,Air India,AI,AI4437,DEL,BOM,error: undefined method `first' for nil:NilClass,error: undefined method `first' for nil:NilClass,error: undefined method `first' for nil:NilClass,7/3/2026,11/3/2026,3.5,8942,1131.61
697,Lufthansa,LH,LH4335,FRA,CDG,error: undefined method `first' for nil:NilClass,error: undefined method `first' for nil:NilClass,error: undefined method `first' for nil:NilClass,8/11/2024,8/10/2026,6.15,5216,1425.97
698,American Airlines,AA,AA9007,JFK,ATL,error: undefined method `first' for nil:NilClass,error: undefined method `first' for nil:NilClass,error: undefined method `first' for nil:NilClass,4/7/2025,8/25/2022,6.71,1265,1292.61
699,Air New Zealand,NZ,NZ4746,AKL,SYD,error: undefined method `first' for nil:NilClass,error: undefined method `first' for nil:NilClass,error: undefined method `first' for nil:NilClass,8/7/2022,1/26/2022,9.8,4712,496.04
700,Thai Airways,TG,TG1200,BKK,SIN,error: undefined method `first' for nil:NilClass,error: undefined method `first' for nil:NilClass,error: undefined method `first' for nil:NilClass,4/8/2022,5/10/2026,16.32,5486,231.73
701,Qantas,QF,QF9884,SYD,MEL,error: undefined method `first' for nil:NilClass,error: undefined method `first' for nil:NilClass,error: undefined method `first' for nil:NilClass,2/15/2024,9/28/2023,16.78,5448,1328.94
702,Korean Air,KE,KE9571,ICN,HND,error: undefined method `first' for nil:NilClass,error: undefined method `first' for nil:NilClass,error: undefined method `first' for nil:NilClass,4/7/2024,6/9/2022,8.34,5680,1532.73
703,Delta Air Lines,DL,DL2385,JFK,ATL,error: undefined method `first' for nil:NilClass,error: undefined method `first' for nil:NilClass,error: undefined method `first' for nil:NilClass,4/19/2025,1/6/2026,14.82,2767,2104.76
704,Qantas,QF,QF8191,SYD,MEL,error: undefined method `first' for nil:NilClass,error: undefined method `first' for nil:NilClass,error: undefined method `first' for nil:NilClass,6/3/2025,1/20/2026,10.68,998,1221.25
705,KLM Royal Dutch Airlines,KL,KL1912,AMS,CDG,error: undefined method `first' for nil:NilClass,error: undefined method `first' for nil:NilClass,error: undefined method `first' for nil:NilClass,6/11/2025,2/28/2024,11.04,285,3055.55
706,Lufthansa,LH,LH7175,FRA,CDG,error: undefined method `first' for nil:NilClass,error: undefined method `first' for nil:NilClass,error: undefined method `first' for nil:NilClass,5/3/2025,5/14/2023,16.46,842,3390.81
707,United Airlines,UA,UA8201,LAX,SFO,error: undefined method `first' for nil:NilClass,error: undefined method `first' for nil:NilClass,error: undefined method `first' for nil:NilClass,5/2/2022,10/21/2023,5.27,1864,2240.03
708,Southwest Airlines,WN,WN2418,LAX,SFO,error: undefined method `first' for nil:NilClass,error: undefined method `first' for nil:NilClass,error: undefined method `first' for nil:NilClass,3/29/2024,9/18/2026,16.72,6160,2096.14
709,Qantas,QF,QF4866,SYD,MEL,error: undefined method `first' for nil:NilClass,error: undefined method `first' for nil:NilClass,error: undefined method `first' for nil:NilClass,8/3/2022,7/26/2022,12.57,1408,398.9
710,Singapore Airlines,SQ,SQ5679,SIN,PEK,error: undefined method `first' for nil:NilClass,error: undefined method `first' for nil:NilClass,error: undefined method `first' for nil:NilClass,3/24/2023,8/9/2022,13.23,8104,3407.2
711,Cathay Pacific,CX,CX9836,HKG,SIN,error: undefined method `first' for nil:NilClass,error: undefined method `first' for nil:NilClass,error: undefined method `first' for nil:NilClass,11/14/2023,4/11/2023,5.38,452,82.12
712,United Airlines,UA,UA5069,LAX,SFO,error: undefined method `first' for nil:NilClass,error: undefined method `first' for nil:NilClass,error: undefined method `first' for nil:NilClass,5/5/2026,7/27/2024,2.21,4520,838.85
713,LATAM Airlines,LA,LA3329,GRU,EZE,error: undefined method `first' for nil:NilClass,error: undefined method `first' for nil:NilClass,error: undefined method `first' for nil:NilClass,3/15/2026,5/1/2026,2.03,3225,2844.81
714,American Airlines,AA,AA1144,JFK,ATL,error: undefined method `first' for nil:NilClass,error: undefined method `first' for nil:NilClass,error: undefined method `first' for nil:NilClass,4/9/2024,6/13/2026,15.93,4878,2206.11
715,Thai Airways,TG,TG2914,BKK,SCL,error: undefined method `first' for nil:NilClass,error: undefined method `first' for nil:NilClass,error: undefined method `first' for nil:NilClass,12/1/2022,1/29/2023,11.32,6651,1714.83
716,Air India,AI,AI1775,DEL,SCL,error: undefined method `first' for nil:NilClass,error: undefined method `first' for nil:NilClass,error: undefined method `first' for nil:NilClass,8/24/2022,7/3/2022,14.67,7980,905.32
717,Singapore Airlines,SQ,SQ2482,SIN,PEK,error: undefined method `first' for nil:NilClass,error: undefined method `first' for nil:NilClass,error: undefined method `first' for nil:NilClass,4/18/2023,9/27/2023,12.7,5658,2643.96
718,SAS Scandinavian,SK,SK4873,CPH,CDG,error: undefined method `first' for nil:NilClass,error: undefined method `first' for nil:NilClass,error: undefined method `first' for nil:NilClass,1/1/2026,11/26/2022,15.1,8630,2284.97
719,Thai Airways,TG,TG3344,BKK,SIN,error: undefined method `first' for nil:NilClass,error: undefined method `first' for nil:NilClass,error: undefined method `first' for nil:NilClass,12/18/2022,7/1/2026,17.25,7133,2690.25
720,LATAM Airlines,LA,LA4985,GRU,MIA,error: undefined method `first' for nil:NilClass,error: undefined method `first' for nil:NilClass,error: undefined method `first' for nil:NilClass,3/25/2026,12/30/2025,17.87,5045,355.01
721,South African Airways,SA,SA4050,JNB,CDG,error: undefined method `first' for nil:NilClass,error: undefined method `first' for nil:NilClass,error: undefined method `first' for nil:NilClass,6/15/2026,3/27/2026,0.95,87,420.77
722,United Airlines,UA,UA9030,LAX,SFO,error: undefined method `first' for nil:NilClass,error: undefined method `first' for nil:NilClass,error: undefined method `first' for nil:NilClass,5/8/2024,12/18/2024,16.75,5901,538.42
723,Avianca,AV,AV3592,BOG,ORD,error: undefined method `first' for nil:NilClass,error: undefined method `first' for nil:NilClass,error: undefined method `first' for nil:NilClass,10/22/2025,9/5/2024,14.06,6993,2407.5
724,Qatar Airways,QR,QR3784,DOH,NBO,error: undefined method `first' for nil:NilClass,error: undefined method `first' for nil:NilClass,error: undefined method `first' for nil:NilClass,3/27/2026,6/12/2025,10.91,7105,1746.37
725,Alitalia,AZ,AZ6840,FCO,CPH,error: undefined method `first' for nil:NilClass,error: undefined method `first' for nil:NilClass,error: undefined method `first' for nil:NilClass,11/14/2022,7/13/2023,12.69,7741,2154.69
726,Delta Air Lines,DL,DL4493,JFK,VIE,error: undefined method `first' for nil:NilClass,error: undefined method `first' for nil:NilClass,error: undefined method `first' for nil:NilClass,6/7/2025,1/28/2022,2.25,6643,2102.03
727,Korean Air,KE,KE8449,ICN,BKK,error: undefined method `first' for nil:NilClass,error: undefined method `first' for nil:NilClass,error: undefined method `first' for nil:NilClass,6/15/2023,6/23/2023,8.1,4334,3174.35
728,Air India,AI,AI6362,DEL,BOM,error: undefined method `first' for nil:NilClass,error: undefined method `first' for nil:NilClass,error: undefined method `first' for nil:NilClass,4/16/2024,9/9/2026,4.02,1737,3415.99
729,All Nippon Airways,NH,NH9869,HND,ICN,error: undefined method `first' for nil:NilClass,error: undefined method `first' for nil:NilClass,error: undefined method `first' for nil:NilClass,3/20/2025,5/2/2022,3.69,7248,799.93
730,LATAM Airlines,LA,LA7114,GRU,EZE,error: undefined method `first' for nil:NilClass,error: undefined method `first' for nil:NilClass,error: undefined method `first' for nil:NilClass,5/16/2026,3/17/2022,11.64,4265,1776.68
731,Air India,AI,AI6849,DEL,BOM,error: undefined method `first' for nil:NilClass,error: undefined method `first' for nil:NilClass,error: undefined method `first' for nil:NilClass,5/25/2026,4/9/2023,16.7,6556,3220.54
732,Air India,AI,AI2399,DEL,BOM,error: undefined method `first' for nil:NilClass,error: undefined method `first' for nil:NilClass,error: undefined method `first' for nil:NilClass,5/10/2022,4/3/2025,4.5,6960,985.64
733,Alitalia,AZ,AZ7615,FCO,CDG,error: undefined method `first' for nil:NilClass,error: undefined method `first' for nil:NilClass,error: undefined method `first' for nil:NilClass,5/18/2023,8/5/2024,15.75,293,680.31
734,Thai Airways,TG,TG4285,BKK,SIN,error: undefined method `first' for nil:NilClass,error: undefined method `first' for nil:NilClass,error: undefined method `first' for nil:NilClass,8/17/2024,8/22/2026,3.86,1095,3487.22
735,Ethiopian Airlines,ET,ET7435,ADD,DOH,error: undefined method `first' for nil:NilClass,error: undefined method `first' for nil:NilClass,error: undefined method `first' for nil:NilClass,10/5/2023,3/8/2023,14.82,3556,3034.4
736,Lufthansa,LH,LH6305,FRA,CDG,error: undefined method `first' for nil:NilClass,error: undefined method `first' for nil:NilClass,error: undefined method `first' for nil:NilClass,3/4/2024,7/15/2024,0.53,5574,628.86
737,Alitalia,AZ,AZ3269,FCO,CDG,error: undefined method `first' for nil:NilClass,error: undefined method `first' for nil:NilClass,error: undefined method `first' for nil:NilClass,8/12/2023,10/3/2026,2.53,991,1247.88
738,Air India,AI,AI6387,DEL,BOM,error: undefined method `first' for nil:NilClass,error: undefined method `first' for nil:NilClass,error: undefined method `first' for nil:NilClass,7/15/2025,12/15/2023,8.41,8342,109.21
739,Avianca,AV,AV6230,BOG,ORD,error: undefined method `first' for nil:NilClass,error: undefined method `first' for nil:NilClass,error: undefined method `first' for nil:NilClass,10/12/2023,11/21/2026,9.59,4526,2270.48
740,Emirates,EK,EK1205,DXB,SYD,error: undefined method `first' for nil:NilClass,error: undefined method `first' for nil:NilClass,error: undefined method `first' for nil:NilClass,2/11/2024,7/9/2025,5.26,8055,2328.74
741,Korean Air,KE,KE3943,ICN,SIN,error: undefined method `first' for nil:NilClass,error: undefined method `first' for nil:NilClass,error: undefined method `first' for nil:NilClass,11/18/2024,2/4/2026,13.89,1385,2801.3
742,American Airlines,AA,AA7485,JFK,ATL,error: undefined method `first' for nil:NilClass,error: undefined method `first' for nil:NilClass,error: undefined method `first' for nil:NilClass,2/4/2026,11/14/2024,4.95,1294,2483.59
743,United Airlines,UA,UA8973,LAX,SFO,error: undefined method `first' for nil:NilClass,error: undefined method `first' for nil:NilClass,error: undefined method `first' for nil:NilClass,6/10/2022,6/19/2022,13.82,4568,1754.67
744,Delta Air Lines,DL,DL4493,JFK,VIE,error: undefined method `first' for nil:NilClass,error: undefined method `first' for nil:NilClass,error: undefined method `first' for nil:NilClass,11/10/2024,4/15/2022,17.1,8304,1845.16
745,Qantas,QF,QF4776,SYD,NBO,error: undefined method `first' for nil:NilClass,error: undefined method `first' for nil:NilClass,error: undefined method `first' for nil:NilClass,6/19/2025,12/21/2026,14.7,7816,2302.28
746,United Airlines,UA,UA1878,LAX,DXB,error: undefined method `first' for nil:NilClass,error: undefined method `first' for nil:NilClass,error: undefined method `first' for nil:NilClass,4/12/2025,10/8/2022,3.96,905,2560.0
747,Delta Air Lines,DL,DL8435,JFK,AMS,error: undefined method `first' for nil:NilClass,error: undefined method `first' for nil:NilClass,error: undefined method `first' for nil:NilClass,4/28/2025,9/24/2024,15.53,8541,1714.74
748,Qantas,QF,QF4792,SYD,MEL,error: undefined method `first' for nil:NilClass,error: undefined method `first' for nil:NilClass,error: undefined method `first' for nil:NilClass,12/21/2025,9/11/2023,14.52,6999,1484.18
749,Emirates,EK,EK9505,DXB,ADD,error: undefined method `first' for nil:NilClass,error: undefined method `first' for nil:NilClass,error: undefined method `first' for nil:NilClass,2/6/2022,2/26/2026,10.18,5829,2996.79
750,Lufthansa,LH,LH2743,FRA,CDG,error: undefined method `first' for nil:NilClass,error: undefined method `first' for nil:NilClass,error: undefined method `first' for nil:NilClass,12/2/2026,4/29/2025,15.61,6337,2713.7
751,Qantas,QF,QF9924,SYD,MEL,error: undefined method `first' for nil:NilClass,error: undefined method `first' for nil:NilClass,error: undefined method `first' for nil:NilClass,11/15/2025,7/12/2025,17.75,4723,1546.84
752,KLM Royal Dutch Airlines,KL,KL8812,AMS,CDG,error: undefined method `first' for nil:NilClass,error: undefined method `first' for nil:NilClass,error: undefined method `first' for nil:NilClass,7/22/2024,10/24/2024,6.06,1362,2892.41
753,Qatar Airways,QR,QR3285,DOH,ADD,error: undefined method `first' for nil:NilClass,error: undefined method `first' for nil:NilClass,error: undefined method `first' for nil:NilClass,10/14/2025,5/25/2025,9.99,6653,843.0
754,Lufthansa,LH,LH5941,FRA,CDG,error: undefined method `first' for nil:NilClass,error: undefined method `first' for nil:NilClass,error: undefined method `first' for nil:NilClass,6/22/2023,12/14/2026,1.78,5311,2624.27
755,Delta Air Lines,DL,DL4619,JFK,BOG,error: undefined method `first' for nil:NilClass,error: undefined method `first' for nil:NilClass,error: undefined method `first' for nil:NilClass,3/11/2025,12/6/2025,3.6,6462,1840.57
756,British Airways,BA,BA1907,LHR,FRA,error: undefined method `first' for nil:NilClass,error: undefined method `first' for nil:NilClass,error: undefined method `first' for nil:NilClass,6/10/2022,11/12/2024,12.23,3113,1480.0
757,Qantas,QF,QF2150,SYD,MEL,error: undefined method `first' for nil:NilClass,error: undefined method `first' for nil:NilClass,error: undefined method `first' for nil:NilClass,11/3/2022,12/26/2022,12.05,8629,953.73
758,Aeroméxico,AM,AM7224,MEX,ORD,error: undefined method `first' for nil:NilClass,error: undefined method `first' for nil:NilClass,error: undefined method `first' for nil:NilClass,5/1/2024,8/14/2024,1.42,2923,404.07
759,Air France,AF,AF7087,CDG,FRA,error: undefined method `first' for nil:NilClass,error: undefined method `first' for nil:NilClass,error: undefined method `first' for nil:NilClass,11/6/2022,7/27/2022,10.37,3089,1594.41
760,Air India,AI,AI1305,DEL,KUL,error: undefined method `first' for nil:NilClass,error: undefined method `first' for nil:NilClass,error: undefined method `first' for nil:NilClass,12/1/2025,11/17/2024,17.63,3314,1104.85
761,Qatar Airways,QR,QR3022,DOH,ADD,error: undefined method `first' for nil:NilClass,error: undefined method `first' for nil:NilClass,error: undefined method `first' for nil:NilClass,8/23/2025,2/25/2023,1.3,4431,970.63
762,Alitalia,AZ,AZ8044,FCO,CDG,error: undefined method `first' for nil:NilClass,error: undefined method `first' for nil:NilClass,error: undefined method `first' for nil:NilClass,10/15/2022,6/20/2024,8.36,7403,1605.47
763,Aeroméxico,AM,AM2655,MEX,MIA,error: undefined method `first' for nil:NilClass,error: undefined method `first' for nil:NilClass,error: undefined method `first' for nil:NilClass,12/19/2026,11/3/2022,5.24,1987,2673.22
764,KLM Royal Dutch Airlines,KL,KL9159,AMS,VIE,error: undefined method `first' for nil:NilClass,error: undefined method `first' for nil:NilClass,error: undefined method `first' for nil:NilClass,1/14/2023,2/10/2023,13.3,6688,748.89
765,Qatar Airways,QR,QR7949,DOH,NBO,error: undefined method `first' for nil:NilClass,error: undefined method `first' for nil:NilClass,error: undefined method `first' for nil:NilClass,12/7/2023,3/2/2024,16.87,5587,2216.9
766,Singapore Airlines,SQ,SQ9484,SIN,PEK,error: undefined method `first' for nil:NilClass,error: undefined method `first' for nil:NilClass,error: undefined method `first' for nil:NilClass,8/2/2024,5/18/2022,7.45,1789,3416.72
767,Qantas,QF,QF2553,SYD,BOG,error: undefined method `first' for nil:NilClass,error: undefined method `first' for nil:NilClass,error: undefined method `first' for nil:NilClass,3/12/2024,8/5/2026,17.18,6920,141.96
768,Air India,AI,AI2223,DEL,BOM,error: undefined method `first' for nil:NilClass,error: undefined method `first' for nil:NilClass,error: undefined method `first' for nil:NilClass,8/13/2023,11/18/2026,4.49,8718,816.43
769,Emirates,EK,EK7537,DXB,DOH,error: undefined method `first' for nil:NilClass,error: undefined method `first' for nil:NilClass,error: undefined method `first' for nil:NilClass,4/9/2023,8/28/2026,12.76,952,1466.33
770,LATAM Airlines,LA,LA3137,GRU,EZE,error: undefined method `first' for nil:NilClass,error: undefined method `first' for nil:NilClass,error: undefined method `first' for nil:NilClass,5/5/2024,3/29/2026,13.09,2503,3062.65
771,Air India,AI,AI1195,DEL,BOM,error: undefined method `first' for nil:NilClass,error: undefined method `first' for nil:NilClass,error: undefined method `first' for nil:NilClass,4/10/2026,10/9/2026,2.86,5073,794.15
772,Korean Air,KE,KE2522,ICN,HND,error: undefined method `first' for nil:NilClass,error: undefined method `first' for nil:NilClass,error: undefined method `first' for nil:NilClass,3/3/2025,6/17/2026,2.21,4650,1523.21
773,Lufthansa,LH,LH7839,FRA,ZRH,error: undefined method `first' for nil:NilClass,error: undefined method `first' for nil:NilClass,error: undefined method `first' for nil:NilClass,11/24/2025,9/19/2022,10.18,5799,1144.22
774,Korean Air,KE,KE1522,ICN,HND,error: undefined method `first' for nil:NilClass,error: undefined method `first' for nil:NilClass,error: undefined method `first' for nil:NilClass,6/2/2024,12/13/2026,17.97,6011,3473.71
775,Air New Zealand,NZ,NZ9726,AKL,MEL,error: undefined method `first' for nil:NilClass,error: undefined method `first' for nil:NilClass,error: undefined method `first' for nil:NilClass,6/1/2026,6/4/2026,0.69,4216,243.63
776,Ethiopian Airlines,ET,ET6593,ADD,SIN,error: undefined method `first' for nil:NilClass,error: undefined method `first' for nil:NilClass,error: undefined method `first' for nil:NilClass,8/21/2024,3/31/2026,17.0,1068,2882.33
777,South African Airways,SA,SA5091,JNB,CDG,error: undefined method `first' for nil:NilClass,error: undefined method `first' for nil:NilClass,error: undefined method `first' for nil:NilClass,6/21/2025,3/22/2022,9.36,2528,715.57
778,Air Canada,AC,AC4575,YYZ,DFW,error: undefined method `first' for nil:NilClass,error: undefined method `first' for nil:NilClass,error: undefined method `first' for nil:NilClass,12/14/2025,10/22/2026,8.71,2657,2802.85
779,Qatar Airways,QR,QR6530,DOH,ADD,error: undefined method `first' for nil:NilClass,error: undefined method `first' for nil:NilClass,error: undefined method `first' for nil:NilClass,5/14/2024,6/14/2025,11.05,1071,2279.33
780,Iberia,IB,IB9186,MAD,CPT,error: undefined method `first' for nil:NilClass,error: undefined method `first' for nil:NilClass,error: undefined method `first' for nil:NilClass,5/31/2026,2/20/2022,2.23,5506,832.65
781,United Airlines,UA,UA4283,LAX,SFO,error: undefined method `first' for nil:NilClass,error: undefined method `first' for nil:NilClass,error: undefined method `first' for nil:NilClass,7/30/2024,4/14/2022,9.95,6258,763.65
782,United Airlines,UA,UA9950,LAX,SFO,error: undefined method `first' for nil:NilClass,error: undefined method `first' for nil:NilClass,error: undefined method `first' for nil:NilClass,5/16/2022,8/27/2024,2.0,677,166.06
783,Cathay Pacific,CX,CX5205,HKG,DFW,error: undefined method `first' for nil:NilClass,error: undefined method `first' for nil:NilClass,error: undefined method `first' for nil:NilClass,3/15/2025,12/21/2023,5.02,7596,459.11
784,Alitalia,AZ,AZ6718,FCO,CDG,error: undefined method `first' for nil:NilClass,error: undefined method `first' for nil:NilClass,error: undefined method `first' for nil:NilClass,5/22/2022,5/11/2023,2.56,6418,2035.57
785,United Airlines,UA,UA6219,LAX,SFO,error: undefined method `first' for nil:NilClass,error: undefined method `first' for nil:NilClass,error: undefined method `first' for nil:NilClass,3/30/2025,7/17/2023,14.72,8556,687.76
786,South African Airways,SA,SA4674,JNB,CDG,error: undefined method `first' for nil:NilClass,error: undefined method `first' for nil:NilClass,error: undefined method `first' for nil:NilClass,5/12/2022,3/19/2024,4.71,6614,3028.45
787,Air New Zealand,NZ,NZ4078,AKL,SYD,error: undefined method `first' for nil:NilClass,error: undefined method `first' for nil:NilClass,error: undefined method `first' for nil:NilClass,4/16/2024,5/16/2024,4.36,3155,532.61
788,Alitalia,AZ,AZ9148,FCO,CDG,error: undefined method `first' for nil:NilClass,error: undefined method `first' for nil:NilClass,error: undefined method `first' for nil:NilClass,3/4/2024,7/26/2025,12.86,7099,1956.78
789,Air India,AI,AI6503,DEL,BKK,error: undefined method `first' for nil:NilClass,error: undefined method `first' for nil:NilClass,error: undefined method `first' for nil:NilClass,10/7/2025,12/6/2023,12.26,608,2546.53
790,Alitalia,AZ,AZ4478,FCO,CDG,error: undefined method `first' for nil:NilClass,error: undefined method `first' for nil:NilClass,error: undefined method `first' for nil:NilClass,1/28/2023,5/18/2024,9.79,4072,2516.4
791,Air Canada,AC,AC3232,YYZ,JFK,error: undefined method `first' for nil:NilClass,error: undefined method `first' for nil:NilClass,error: undefined method `first' for nil:NilClass,6/20/2022,12/16/2026,11.88,8682,1358.49
792,Delta Air Lines,DL,DL5548,JFK,ATL,error: undefined method `first' for nil:NilClass,error: undefined method `first' for nil:NilClass,error: undefined method `first' for nil:NilClass,8/31/2023,10/7/2024,10.0,5149,2925.95
793,Air France,AF,AF9644,CDG,FRA,error: undefined method `first' for nil:NilClass,error: undefined method `first' for nil:NilClass,error: undefined method `first' for nil:NilClass,1/7/2026,5/27/2023,2.09,6039,1510.61
794,Aeroméxico,AM,AM5384,MEX,ORD,error: undefined method `first' for nil:NilClass,error: undefined method `first' for nil:NilClass,error: undefined method `first' for nil:NilClass,4/21/2026,9/21/2026,10.6,7110,2113.36
795,British Airways,BA,BA7301,LHR,CDG,error: undefined method `first' for nil:NilClass,error: undefined method `first' for nil:NilClass,error: undefined method `first' for nil:NilClass,11/19/2024,4/13/2026,1.22,4610,1909.21
796,Air New Zealand,NZ,NZ4615,AKL,MUC,error: undefined method `first' for nil:NilClass,error: undefined method `first' for nil:NilClass,error: undefined method `first' for nil:NilClass,8/12/2025,11/10/2023,14.23,5211,117.78
797,KLM Royal Dutch Airlines,KL,KL1093,AMS,CDG,error: undefined method `first' for nil:NilClass,error: undefined method `first' for nil:NilClass,error: undefined method `first' for nil:NilClass,7/12/2025,1/13/2025,7.1,5220,1256.54
798,Lufthansa,LH,LH3418,FRA,CDG,error: undefined method `first' for nil:NilClass,error: undefined method `first' for nil:NilClass,error: undefined method `first' for nil:NilClass,4/13/2023,5/4/2026,9.49,3422,1369.32
799,Korean Air,KE,KE2630,ICN,HND,error: undefined method `first' for nil:NilClass,error: undefined method `first' for nil:NilClass,error: undefined method `first' for nil:NilClass,3/25/2025,9/26/2023,16.02,2322,2991.21
800,South African Airways,SA,SA1965,JNB,ZRH,error: undefined method `first' for nil:NilClass,error: undefined method `first' for nil:NilClass,error: undefined method `first' for nil:NilClass,9/15/2024,11/24/2026,16.26,5445,2873.5
801,Korean Air,KE,KE2815,ICN,HND,error: undefined method `first' for nil:NilClass,error: undefined method `first' for nil:NilClass,error: undefined method `first' for nil:NilClass,9/4/2023,11/9/2025,16.83,5630,2380.52
802,Delta Air Lines,DL,DL8764,JFK,ATL,error: undefined method `first' for nil:NilClass,error: undefined method `first' for nil:NilClass,error: undefined method `first' for nil:NilClass,4/19/2025,2/24/2025,13.42,7792,118.5
803,Air New Zealand,NZ,NZ3899,AKL,SYD,error: undefined method `first' for nil:NilClass,error: undefined method `first' for nil:NilClass,error: undefined method `first' for nil:NilClass,8/24/2026,1/24/2023,3.57,6153,2068.63
804,Emirates,EK,EK8073,DXB,ADD,error: undefined method `first' for nil:NilClass,error: undefined method `first' for nil:NilClass,error: undefined method `first' for nil:NilClass,10/18/2022,12/3/2022,10.77,2786,1202.96
805,LATAM Airlines,LA,LA1659,GRU,EZE,error: undefined method `first' for nil:NilClass,error: undefined method `first' for nil:NilClass,error: undefined method `first' for nil:NilClass,3/23/2026,7/16/2026,14.82,1650,779.88
806,All Nippon Airways,NH,NH4262,HND,ICN,error: undefined method `first' for nil:NilClass,error: undefined method `first' for nil:NilClass,error: undefined method `first' for nil:NilClass,3/4/2023,7/27/2022,2.73,8026,1039.33
807,Alitalia,AZ,AZ2051,FCO,CDG,error: undefined method `first' for nil:NilClass,error: undefined method `first' for nil:NilClass,error: undefined method `first' for nil:NilClass,3/3/2025,5/14/2025,7.61,4405,486.52
808,Korean Air,KE,KE1844,ICN,HND,error: undefined method `first' for nil:NilClass,error: undefined method `first' for nil:NilClass,error: undefined method `first' for nil:NilClass,8/6/2024,2/21/2024,10.04,8340,3434.89
809,American Airlines,AA,AA5562,JFK,ATL,error: undefined method `first' for nil:NilClass,error: undefined method `first' for nil:NilClass,error: undefined method `first' for nil:NilClass,7/20/2022,4/29/2025,6.11,2900,2241.42
810,Iberia,IB,IB1590,MAD,CDG,error: undefined method `first' for nil:NilClass,error: undefined method `first' for nil:NilClass,error: undefined method `first' for nil:NilClass,2/17/2023,4/24/2022,0.36,5974,1505.62
811,KLM Royal Dutch Airlines,KL,KL5248,AMS,YYZ,error: undefined method `first' for nil:NilClass,error: undefined method `first' for nil:NilClass,error: undefined method `first' for nil:NilClass,3/28/2025,9/22/2026,0.61,1106,1233.8
812,Delta Air Lines,DL,DL1762,JFK,CAI,error: undefined method `first' for nil:NilClass,error: undefined method `first' for nil:NilClass,error: undefined method `first' for nil:NilClass,1/4/2026,10/22/2023,0.34,4945,528.18
813,Aeroméxico,AM,AM8252,MEX,ORD,error: undefined method `first' for nil:NilClass,error: undefined method `first' for nil:NilClass,error: undefined method `first' for nil:NilClass,3/14/2026,3/17/2025,17.12,2991,2855.61
814,Thai Airways,TG,TG7327,BKK,SIN,error: undefined method `first' for nil:NilClass,error: undefined method `first' for nil:NilClass,error: undefined method `first' for nil:NilClass,5/19/2022,10/5/2025,1.81,4522,1576.27
815,Korean Air,KE,KE3181,ICN,HND,error: undefined method `first' for nil:NilClass,error: undefined method `first' for nil:NilClass,error: undefined method `first' for nil:NilClass,12/4/2025,11/7/2026,5.02,8109,2377.59
816,Singapore Airlines,SQ,SQ6124,SIN,PEK,error: undefined method `first' for nil:NilClass,error: undefined method `first' for nil:NilClass,error: undefined method `first' for nil:NilClass,8/11/2022,12/25/2024,7.99,4049,3079.5
817,All Nippon Airways,NH,NH9219,HND,DOH,error: undefined method `first' for nil:NilClass,error: undefined method `first' for nil:NilClass,error: undefined method `first' for nil:NilClass,10/25/2023,8/13/2022,7.29,4688,1496.44
818,Thai Airways,TG,TG4753,BKK,VIE,error: undefined method `first' for nil:NilClass,error: undefined method `first' for nil:NilClass,error: undefined method `first' for nil:NilClass,7/11/2023,7/23/2024,16.61,6600,1344.53
819,Lufthansa,LH,LH2472,FRA,ADD,error: undefined method `first' for nil:NilClass,error: undefined method `first' for nil:NilClass,error: undefined method `first' for nil:NilClass,3/1/2024,2/1/2025,12.32,8050,560.27
820,Air India,AI,AI1168,DEL,DXB,error: undefined method `first' for nil:NilClass,error: undefined method `first' for nil:NilClass,error: undefined method `first' for nil:NilClass,12/26/2026,10/28/2026,13.68,4499,1524.39
821,Aeroméxico,AM,AM8457,MEX,ORD,error: undefined method `first' for nil:NilClass,error: undefined method `first' for nil:NilClass,error: undefined method `first' for nil:NilClass,10/8/2024,1/12/2025,8.21,7437,940.91
822,LATAM Airlines,LA,LA8980,GRU,EZE,error: undefined method `first' for nil:NilClass,error: undefined method `first' for nil:NilClass,error: undefined method `first' for nil:NilClass,9/28/2022,10/10/2025,8.08,7147,787.8
823,Qatar Airways,QR,QR1587,DOH,ADD,error: undefined method `first' for nil:NilClass,error: undefined method `first' for nil:NilClass,error: undefined method `first' for nil:NilClass,12/24/2024,2/24/2022,1.07,7944,1562.54
824,Air New Zealand,NZ,NZ2102,AKL,SYD,error: undefined method `first' for nil:NilClass,error: undefined method `first' for nil:NilClass,error: undefined method `first' for nil:NilClass,9/7/2025,6/17/2025,5.53,1930,3026.22
825,Avianca,AV,AV7509,BOG,ORD,error: undefined method `first' for nil:NilClass,error: undefined method `first' for nil:NilClass,error: undefined method `first' for nil:NilClass,8/23/2022,3/2/2025,0.33,7624,3310.85
826,British Airways,BA,BA5778,LHR,CDG,error: undefined method `first' for nil:NilClass,error: undefined method `first' for nil:NilClass,error: undefined method `first' for nil:NilClass,9/3/2024,2/20/2022,9.55,8017,3423.43
827,British Airways,BA,BA1149,LHR,CDG,error: undefined method `first' for nil:NilClass,error: undefined method `first' for nil:NilClass,error: undefined method `first' for nil:NilClass,10/10/2025,12/28/2022,10.5,7781,2669.71
828,SAS Scandinavian,SK,SK9048,CPH,CDG,error: undefined method `first' for nil:NilClass,error: undefined method `first' for nil:NilClass,error: undefined method `first' for nil:NilClass,11/29/2022,3/23/2022,8.2,8318,1597.16
829,All Nippon Airways,NH,NH9885,HND,ICN,error: undefined method `first' for nil:NilClass,error: undefined method `first' for nil:NilClass,error: undefined method `first' for nil:NilClass,3/31/2023,5/10/2025,10.67,1105,3207.31
830,Aeroméxico,AM,AM6473,MEX,ORD,error: undefined method `first' for nil:NilClass,error: undefined method `first' for nil:NilClass,error: undefined method `first' for nil:NilClass,5/4/2024,6/18/2022,11.65,1447,2790.02
831,Delta Air Lines,DL,DL9341,JFK,ATL,error: undefined method `first' for nil:NilClass,error: undefined method `first' for nil:NilClass,error: undefined method `first' for nil:NilClass,7/9/2024,4/23/2025,14.53,763,1020.73
832,All Nippon Airways,NH,NH9411,HND,ICN,error: undefined method `first' for nil:NilClass,error: undefined method `first' for nil:NilClass,error: undefined method `first' for nil:NilClass,2/17/2025,8/25/2023,16.51,1981,495.29
833,Delta Air Lines,DL,DL4188,JFK,ARN,error: undefined method `first' for nil:NilClass,error: undefined method `first' for nil:NilClass,error: undefined method `first' for nil:NilClass,9/16/2025,9/18/2024,17.18,6369,3056.97
834,American Airlines,AA,AA9129,JFK,ATL,error: undefined method `first' for nil:NilClass,error: undefined method `first' for nil:NilClass,error: undefined method `first' for nil:NilClass,11/24/2022,8/9/2025,7.15,5091,1468.52
835,Qantas,QF,QF1138,SYD,FCO,error: undefined method `first' for nil:NilClass,error: undefined method `first' for nil:NilClass,error: undefined method `first' for nil:NilClass,4/15/2026,5/3/2026,14.66,4839,2791.69
836,Ethiopian Airlines,ET,ET5903,ADD,HKG,error: undefined method `first' for nil:NilClass,error: undefined method `first' for nil:NilClass,error: undefined method `first' for nil:NilClass,1/18/2023,1/2/2025,1.58,1592,222.08
837,Qatar Airways,QR,QR5478,DOH,ADD,error: undefined method `first' for nil:NilClass,error: undefined method `first' for nil:NilClass,error: undefined method `first' for nil:NilClass,1/9/2024,10/24/2026,1.84,2270,3469.82
838,Avianca,AV,AV5119,BOG,DFW,error: undefined method `first' for nil:NilClass,error: undefined method `first' for nil:NilClass,error: undefined method `first' for nil:NilClass,3/23/2023,7/7/2026,3.67,4415,3371.62
839,Southwest Airlines,WN,WN8491,LAX,SFO,error: undefined method `first' for nil:NilClass,error: undefined method `first' for nil:NilClass,error: undefined method `first' for nil:NilClass,5/10/2023,6/30/2022,0.35,2022,1964.44
840,Avianca,AV,AV5379,BOG,LIM,error: undefined method `first' for nil:NilClass,error: undefined method `first' for nil:NilClass,error: undefined method `first' for nil:NilClass,8/1/2023,11/28/2022,9.21,6566,3144.13
841,Aeroméxico,AM,AM2356,MEX,ORD,error: undefined method `first' for nil:NilClass,error: undefined method `first' for nil:NilClass,error: undefined method `first' for nil:NilClass,4/19/2024,3/10/2024,2.55,320,1694.38
842,Qatar Airways,QR,QR8144,DOH,ADD,error: undefined method `first' for nil:NilClass,error: undefined method `first' for nil:NilClass,error: undefined method `first' for nil:NilClass,6/29/2024,1/19/2025,15.81,1548,1824.27
843,American Airlines,AA,AA7570,JFK,SEA,error: undefined method `first' for nil:NilClass,error: undefined method `first' for nil:NilClass,error: undefined method `first' for nil:NilClass,6/11/2023,12/24/2025,10.76,3106,1183.54
844,South African Airways,SA,SA4236,JNB,CDG,error: undefined method `first' for nil:NilClass,error: undefined method `first' for nil:NilClass,error: undefined method `first' for nil:NilClass,4/8/2022,6/12/2025,17.91,4078,3389.06
845,Lufthansa,LH,LH6269,FRA,CDG,error: undefined method `first' for nil:NilClass,error: undefined method `first' for nil:NilClass,error: undefined method `first' for nil:NilClass,12/28/2024,1/23/2022,13.73,2119,2241.04
846,SAS Scandinavian,SK,SK4238,CPH,CDG,error: undefined method `first' for nil:NilClass,error: undefined method `first' for nil:NilClass,error: undefined method `first' for nil:NilClass,1/23/2026,10/4/2026,11.98,1778,1497.07
847,All Nippon Airways,NH,NH4530,HND,JNB,error: undefined method `first' for nil:NilClass,error: undefined method `first' for nil:NilClass,error: undefined method `first' for nil:NilClass,4/13/2023,6/18/2024,6.55,6568,2209.64
848,Alitalia,AZ,AZ6718,FCO,CDG,error: undefined method `first' for nil:NilClass,error: undefined method `first' for nil:NilClass,error: undefined method `first' for nil:NilClass,10/16/2024,10/25/2025,1.28,3721,1952.07
849,LATAM Airlines,LA,LA6417,GRU,EZE,error: undefined method `first' for nil:NilClass,error: undefined method `first' for nil:NilClass,error: undefined method `first' for nil:NilClass,2/21/2026,11/30/2022,7.55,3465,44.96
850,Lufthansa,LH,LH3536,FRA,CDG,error: undefined method `first' for nil:NilClass,error: undefined method `first' for nil:NilClass,error: undefined method `first' for nil:NilClass,8/23/2025,7/8/2026,4.67,4353,2611.04
851,American Airlines,AA,AA5870,JFK,ATL,error: undefined method `first' for nil:NilClass,error: undefined method `first' for nil:NilClass,error: undefined method `first' for nil:NilClass,10/17/2026,6/22/2023,11.38,1237,1122.46
852,Thai Airways,TG,TG9120,BKK,YVR,error: undefined method `first' for nil:NilClass,error: undefined method `first' for nil:NilClass,error: undefined method `first' for nil:NilClass,3/5/2025,1/22/2025,5.1,297,3023.68
853,SAS Scandinavian,SK,SK1258,CPH,CDG,error: undefined method `first' for nil:NilClass,error: undefined method `first' for nil:NilClass,error: undefined method `first' for nil:NilClass,10/29/2023,12/13/2025,17.15,1495,2555.11
854,Korean Air,KE,KE9821,ICN,HND,error: undefined method `first' for nil:NilClass,error: undefined method `first' for nil:NilClass,error: undefined method `first' for nil:NilClass,10/13/2025,1/6/2024,14.91,5129,3474.25
855,Alitalia,AZ,AZ7831,FCO,CDG,error: undefined method `first' for nil:NilClass,error: undefined method `first' for nil:NilClass,error: undefined method `first' for nil:NilClass,8/1/2026,10/7/2023,4.18,8206,490.31
856,SAS Scandinavian,SK,SK5206,CPH,CDG,error: undefined method `first' for nil:NilClass,error: undefined method `first' for nil:NilClass,error: undefined method `first' for nil:NilClass,7/29/2023,10/28/2025,17.67,7839,207.35
857,Air France,AF,AF9732,CDG,DOH,error: undefined method `first' for nil:NilClass,error: undefined method `first' for nil:NilClass,error: undefined method `first' for nil:NilClass,5/11/2026,7/26/2025,2.63,3359,1309.23
858,British Airways,BA,BA6160,LHR,CDG,error: undefined method `first' for nil:NilClass,error: undefined method `first' for nil:NilClass,error: undefined method `first' for nil:NilClass,5/15/2024,2/23/2026,10.58,3847,3115.37
859,Aeroméxico,AM,AM7051,MEX,ORD,error: undefined method `first' for nil:NilClass,error: undefined method `first' for nil:NilClass,error: undefined method `first' for nil:NilClass,3/28/2024,5/12/2023,14.18,4262,334.4
860,Air New Zealand,NZ,NZ1208,AKL,PEK,error: undefined method `first' for nil:NilClass,error: undefined method `first' for nil:NilClass,error: undefined method `first' for nil:NilClass,5/16/2025,7/14/2024,3.33,2751,3044.5
861,Avianca,AV,AV1487,BOG,ORD,error: undefined method `first' for nil:NilClass,error: undefined method `first' for nil:NilClass,error: undefined method `first' for nil:NilClass,9/13/2026,10/31/2023,3.55,1152,2821.11
862,All Nippon Airways,NH,NH4125,HND,ICN,error: undefined method `first' for nil:NilClass,error: undefined method `first' for nil:NilClass,error: undefined method `first' for nil:NilClass,1/22/2023,8/2/2025,0.87,6608,3021.23
863,Lufthansa,LH,LH5493,FRA,CDG,error: undefined method `first' for nil:NilClass,error: undefined method `first' for nil:NilClass,error: undefined method `first' for nil:NilClass,9/27/2024,6/22/2024,1.86,8962,1936.34
864,LATAM Airlines,LA,LA5408,GRU,EZE,error: undefined method `first' for nil:NilClass,error: undefined method `first' for nil:NilClass,error: undefined method `first' for nil:NilClass,3/31/2023,1/17/2023,11.66,2425,1300.32
865,Alitalia,AZ,AZ1141,FCO,CDG,error: undefined method `first' for nil:NilClass,error: undefined method `first' for nil:NilClass,error: undefined method `first' for nil:NilClass,8/2/2026,8/31/2024,0.36,4513,3196.84
866,South African Airways,SA,SA6768,JNB,ATL,error: undefined method `first' for nil:NilClass,error: undefined method `first' for nil:NilClass,error: undefined method `first' for nil:NilClass,5/11/2022,7/23/2026,10.78,7276,2389.25
867,Thai Airways,TG,TG4618,BKK,SIN,error: undefined method `first' for nil:NilClass,error: undefined method `first' for nil:NilClass,error: undefined method `first' for nil:NilClass,5/4/2026,7/1/2024,1.16,6436,2790.31
868,Avianca,AV,AV1149,BOG,ORD,error: undefined method `first' for nil:NilClass,error: undefined method `first' for nil:NilClass,error: undefined method `first' for nil:NilClass,9/19/2024,12/31/2023,8.59,1072,2576.15
869,SAS Scandinavian,SK,SK7367,CPH,CDG,error: undefined method `first' for nil:NilClass,error: undefined method `first' for nil:NilClass,error: undefined method `first' for nil:NilClass,2/18/2023,8/22/2025,8.13,3924,2917.12
870,KLM Royal Dutch Airlines,KL,KL9656,AMS,CDG,error: undefined method `first' for nil:NilClass,error: undefined method `first' for nil:NilClass,error: undefined method `first' for nil:NilClass,10/14/2024,12/24/2022,3.05,3842,747.92
871,Air France,AF,AF1722,CDG,SCL,error: undefined method `first' for nil:NilClass,error: undefined method `first' for nil:NilClass,error: undefined method `first' for nil:NilClass,3/12/2025,5/29/2023,11.34,1632,1523.92
872,SAS Scandinavian,SK,SK5197,CPH,VIE,error: undefined method `first' for nil:NilClass,error: undefined method `first' for nil:NilClass,error: undefined method `first' for nil:NilClass,2/12/2026,3/22/2023,8.86,4161,1354.18
873,KLM Royal Dutch Airlines,KL,KL6936,AMS,CPH,error: undefined method `first' for nil:NilClass,error: undefined method `first' for nil:NilClass,error: undefined method `first' for nil:NilClass,2/5/2025,8/20/2022,2.65,7040,663.38
874,Qatar Airways,QR,QR5930,DOH,ADD,error: undefined method `first' for nil:NilClass,error: undefined method `first' for nil:NilClass,error: undefined method `first' for nil:NilClass,6/19/2026,5/27/2026,2.65,6342,1298.92
875,Emirates,EK,EK4968,DXB,NBO,error: undefined method `first' for nil:NilClass,error: undefined method `first' for nil:NilClass,error: undefined method `first' for nil:NilClass,6/13/2022,10/10/2023,15.13,7089,1415.97
876,Avianca,AV,AV7927,BOG,ORD,error: undefined method `first' for nil:NilClass,error: undefined method `first' for nil:NilClass,error: undefined method `first' for nil:NilClass,1/1/2023,2/27/2023,6.1,1249,3389.11
877,Qatar Airways,QR,QR3784,DOH,NBO,error: undefined method `first' for nil:NilClass,error: undefined method `first' for nil:NilClass,error: undefined method `first' for nil:NilClass,7/12/2026,3/20/2023,15.79,6749,2535.7
878,Singapore Airlines,SQ,SQ5275,SIN,MEL,error: undefined method `first' for nil:NilClass,error: undefined method `first' for nil:NilClass,error: undefined method `first' for nil:NilClass,9/9/2026,2/2/2023,14.72,2313,1585.4
879,LATAM Airlines,LA,LA9236,GRU,BOS,error: undefined method `first' for nil:NilClass,error: undefined method `first' for nil:NilClass,error: undefined method `first' for nil:NilClass,6/14/2024,6/16/2025,10.01,53,147.23
880,LATAM Airlines,LA,LA8240,GRU,YYZ,error: undefined method `first' for nil:NilClass,error: undefined method `first' for nil:NilClass,error: undefined method `first' for nil:NilClass,1/17/2026,7/8/2026,13.99,2871,3315.8
881,Southwest Airlines,WN,WN5978,LAX,YVR,error: undefined method `first' for nil:NilClass,error: undefined method `first' for nil:NilClass,error: undefined method `first' for nil:NilClass,6/17/2024,2/3/2023,4.37,764,3449.07
882,British Airways,BA,BA4649,LHR,CDG,error: undefined method `first' for nil:NilClass,error: undefined method `first' for nil:NilClass,error: undefined method `first' for nil:NilClass,2/19/2022,8/20/2024,14.48,8844,1831.23
883,Singapore Airlines,SQ,SQ1305,SIN,PEK,error: undefined method `first' for nil:NilClass,error: undefined method `first' for nil:NilClass,error: undefined method `first' for nil:NilClass,6/28/2026,11/6/2026,9.69,4310,1114.1
884,Ethiopian Airlines,ET,ET1697,ADD,NBO,error: undefined method `first' for nil:NilClass,error: undefined method `first' for nil:NilClass,error: undefined method `first' for nil:NilClass,4/19/2026,8/5/2022,8.67,3977,1732.12
885,Thai Airways,TG,TG6855,BKK,SIN,error: undefined method `first' for nil:NilClass,error: undefined method `first' for nil:NilClass,error: undefined method `first' for nil:NilClass,4/27/2025,7/10/2024,16.77,2655,2777.19
886,Alitalia,AZ,AZ5154,FCO,MAD,error: undefined method `first' for nil:NilClass,error: undefined method `first' for nil:NilClass,error: undefined method `first' for nil:NilClass,2/27/2026,12/24/2026,5.59,569,2813.18
887,Aeroméxico,AM,AM3867,MEX,ORD,error: undefined method `first' for nil:NilClass,error: undefined method `first' for nil:NilClass,error: undefined method `first' for nil:NilClass,4/17/2025,4/9/2024,11.47,310,2418.19
888,Iberia,IB,IB8156,MAD,FRA,error: undefined method `first' for nil:NilClass,error: undefined method `first' for nil:NilClass,error: undefined method `first' for nil:NilClass,5/1/2022,2/22/2023,3.46,852,947.23
889,Delta Air Lines,DL,DL6343,JFK,ATL,error: undefined method `first' for nil:NilClass,error: undefined method `first' for nil:NilClass,error: undefined method `first' for nil:NilClass,4/30/2025,10/21/2023,16.92,7517,1738.11
890,LATAM Airlines,LA,LA5103,GRU,EZE,error: undefined method `first' for nil:NilClass,error: undefined method `first' for nil:NilClass,error: undefined method `first' for nil:NilClass,10/27/2022,9/1/2022,11.64,2951,2428.55
891,British Airways,BA,BA4184,LHR,CDG,error: undefined method `first' for nil:NilClass,error: undefined method `first' for nil:NilClass,error: undefined method `first' for nil:NilClass,2/28/2026,2/19/2022,5.07,2579,359.58
892,Air Canada,AC,AC2255,YYZ,JFK,error: undefined method `first' for nil:NilClass,error: undefined method `first' for nil:NilClass,error: undefined method `first' for nil:NilClass,3/28/2026,3/12/2024,9.88,244,102.06
893,Qatar Airways,QR,QR1441,DOH,ADD,error: undefined method `first' for nil:NilClass,error: undefined method `first' for nil:NilClass,error: undefined method `first' for nil:NilClass,8/18/2025,5/31/2022,13.48,7921,2164.78
894,SAS Scandinavian,SK,SK2122,CPH,CDG,error: undefined method `first' for nil:NilClass,error: undefined method `first' for nil:NilClass,error: undefined method `first' for nil:NilClass,9/12/2023,7/28/2022,13.12,1833,1030.82
895,Cathay Pacific,CX,CX9990,HKG,SIN,error: undefined method `first' for nil:NilClass,error: undefined method `first' for nil:NilClass,error: undefined method `first' for nil:NilClass,1/23/2024,5/5/2025,5.12,6736,514.98
896,LATAM Airlines,LA,LA4286,GRU,EZE,error: undefined method `first' for nil:NilClass,error: undefined method `first' for nil:NilClass,error: undefined method `first' for nil:NilClass,3/22/2026,8/28/2025,4.51,4254,2864.64
897,American Airlines,AA,AA7975,JFK,ATL,error: undefined method `first' for nil:NilClass,error: undefined method `first' for nil:NilClass,error: undefined method `first' for nil:NilClass,11/26/2023,5/25/2026,3.85,1579,740.13
898,Delta Air Lines,DL,DL2865,JFK,ATL,error: undefined method `first' for nil:NilClass,error: undefined method `first' for nil:NilClass,error: undefined method `first' for nil:NilClass,1/21/2025,2/5/2023,13.46,5891,2560.81
899,Korean Air,KE,KE7078,ICN,HND,error: undefined method `first' for nil:NilClass,error: undefined method `first' for nil:NilClass,error: undefined method `first' for nil:NilClass,11/21/2023,7/29/2026,16.28,252,1405.68
900,SAS Scandinavian,SK,SK3846,CPH,CDG,error: undefined method `first' for nil:NilClass,error: undefined method `first' for nil:NilClass,error: undefined method `first' for nil:NilClass,4/2/2025,5/7/2026,7.87,7695,3289.16
901,Aeroméxico,AM,AM6142,MEX,ORD,error: undefined method `first' for nil:NilClass,error: undefined method `first' for nil:NilClass,error: undefined method `first' for nil:NilClass,9/21/2024,1/27/2024,7.15,783,47.1
902,Thai Airways,TG,TG5091,BKK,SIN,error: undefined method `first' for nil:NilClass,error: undefined method `first' for nil:NilClass,error: undefined method `first' for nil:NilClass,3/25/2023,1/26/2025,5.24,4455,3208.63
903,American Airlines,AA,AA8361,JFK,YYZ,error: undefined method `first' for nil:NilClass,error: undefined method `first' for nil:NilClass,error: undefined method `first' for nil:NilClass,3/9/2023,5/16/2025,14.12,1892,1290.76
904,KLM Royal Dutch Airlines,KL,KL5768,AMS,CDG,error: undefined method `first' for nil:NilClass,error: undefined method `first' for nil:NilClass,error: undefined method `first' for nil:NilClass,7/20/2025,6/20/2025,7.76,8002,55.77
905,Southwest Airlines,WN,WN9725,LAX,SFO,error: undefined method `first' for nil:NilClass,error: undefined method `first' for nil:NilClass,error: undefined method `first' for nil:NilClass,8/11/2024,1/17/2026,16.0,5376,2928.07
906,United Airlines,UA,UA8290,LAX,SFO,error: undefined method `first' for nil:NilClass,error: undefined method `first' for nil:NilClass,error: undefined method `first' for nil:NilClass,8/27/2024,6/11/2024,7.18,1758,1653.94
907,Air Canada,AC,AC3743,YYZ,LHR,error: undefined method `first' for nil:NilClass,error: undefined method `first' for nil:NilClass,error: undefined method `first' for nil:NilClass,1/17/2022,10/14/2026,3.46,2394,172.5
908,South African Airways,SA,SA7221,JNB,NBO,error: undefined method `first' for nil:NilClass,error: undefined method `first' for nil:NilClass,error: undefined method `first' for nil:NilClass,12/1/2024,2/7/2023,9.01,2809,1684.18
909,Avianca,AV,AV4884,BOG,ORD,error: undefined method `first' for nil:NilClass,error: undefined method `first' for nil:NilClass,error: undefined method `first' for nil:NilClass,9/12/2024,11/11/2024,11.48,529,2649.45
910,KLM Royal Dutch Airlines,KL,KL6936,AMS,CPH,error: undefined method `first' for nil:NilClass,error: undefined method `first' for nil:NilClass,error: undefined method `first' for nil:NilClass,12/19/2026,10/24/2026,1.05,3866,559.1
911,Aeroméxico,AM,AM2190,MEX,MEL,error: undefined method `first' for nil:NilClass,error: undefined method `first' for nil:NilClass,error: undefined method `first' for nil:NilClass,10/21/2023,8/14/2023,6.53,129,39.64
912,Ethiopian Airlines,ET,ET7901,ADD,DOH,error: undefined method `first' for nil:NilClass,error: undefined method `first' for nil:NilClass,error: undefined method `first' for nil:NilClass,11/27/2025,12/12/2026,6.07,1866,2741.07
913,Thai Airways,TG,TG9446,BKK,SIN,error: undefined method `first' for nil:NilClass,error: undefined method `first' for nil:NilClass,error: undefined method `first' for nil:NilClass,11/19/2024,2/24/2023,3.85,7397,843.61
914,United Airlines,UA,UA3037,LAX,SFO,error: undefined method `first' for nil:NilClass,error: undefined method `first' for nil:NilClass,error: undefined method `first' for nil:NilClass,5/28/2024,12/12/2023,6.9,7795,2880.4
915,All Nippon Airways,NH,NH4854,HND,ICN,error: undefined method `first' for nil:NilClass,error: undefined method `first' for nil:NilClass,error: undefined method `first' for nil:NilClass,3/12/2025,4/14/2026,2.18,4872,876.85
916,Aeroméxico,AM,AM7520,MEX,ORD,error: undefined method `first' for nil:NilClass,error: undefined method `first' for nil:NilClass,error: undefined method `first' for nil:NilClass,7/26/2026,6/29/2023,17.88,2805,459.64
917,Air India,AI,AI3641,DEL,CAI,error: undefined method `first' for nil:NilClass,error: undefined method `first' for nil:NilClass,error: undefined method `first' for nil:NilClass,2/15/2026,7/5/2024,16.18,8373,817.31
918,Iberia,IB,IB2561,MAD,CAI,error: undefined method `first' for nil:NilClass,error: undefined method `first' for nil:NilClass,error: undefined method `first' for nil:NilClass,3/28/2022,2/17/2024,12.34,3876,1359.35
919,Air India,AI,AI9264,DEL,BOM,error: undefined method `first' for nil:NilClass,error: undefined method `first' for nil:NilClass,error: undefined method `first' for nil:NilClass,4/15/2023,3/6/2022,16.24,2598,3096.22
920,Singapore Airlines,SQ,SQ1939,SIN,PEK,error: undefined method `first' for nil:NilClass,error: undefined method `first' for nil:NilClass,error: undefined method `first' for nil:NilClass,9/25/2025,6/22/2024,2.48,1016,256.36
921,United Airlines,UA,UA5184,LAX,SFO,error: undefined method `first' for nil:NilClass,error: undefined method `first' for nil:NilClass,error: undefined method `first' for nil:NilClass,4/28/2022,4/18/2023,4.31,6865,3293.02
922,Emirates,EK,EK9536,DXB,JNB,error: undefined method `first' for nil:NilClass,error: undefined method `first' for nil:NilClass,error: undefined method `first' for nil:NilClass,11/21/2026,5/3/2026,10.71,4491,353.79
923,Alitalia,AZ,AZ5063,FCO,CDG,error: undefined method `first' for nil:NilClass,error: undefined method `first' for nil:NilClass,error: undefined method `first' for nil:NilClass,6/24/2022,3/15/2024,12.72,305,2706.36
924,United Airlines,UA,UA1878,LAX,DXB,error: undefined method `first' for nil:NilClass,error: undefined method `first' for nil:NilClass,error: undefined method `first' for nil:NilClass,3/7/2026,12/11/2022,0.79,2693,1412.26
925,Cathay Pacific,CX,CX5062,HKG,SIN,error: undefined method `first' for nil:NilClass,error: undefined method `first' for nil:NilClass,error: undefined method `first' for nil:NilClass,3/6/2022,4/17/2025,14.09,2973,1479.72
926,LATAM Airlines,LA,LA1090,GRU,EZE,error: undefined method `first' for nil:NilClass,error: undefined method `first' for nil:NilClass,error: undefined method `first' for nil:NilClass,7/12/2022,7/1/2025,1.61,3415,1755.91
927,Qatar Airways,QR,QR1463,DOH,ADD,error: undefined method `first' for nil:NilClass,error: undefined method `first' for nil:NilClass,error: undefined method `first' for nil:NilClass,10/24/2022,9/9/2025,5.79,2478,300.4
928,LATAM Airlines,LA,LA1185,GRU,MUC,error: undefined method `first' for nil:NilClass,error: undefined method `first' for nil:NilClass,error: undefined method `first' for nil:NilClass,10/10/2026,11/20/2024,16.55,232,2991.88
929,Air India,AI,AI7504,DEL,BOM,error: undefined method `first' for nil:NilClass,error: undefined method `first' for nil:NilClass,error: undefined method `first' for nil:NilClass,5/3/2022,3/23/2026,8.36,3197,1263.04
930,Lufthansa,LH,LH1304,FRA,CDG,error: undefined method `first' for nil:NilClass,error: undefined method `first' for nil:NilClass,error: undefined method `first' for nil:NilClass,7/8/2022,4/6/2024,17.16,3745,3101.76
931,Korean Air,KE,KE7584,ICN,BOM,error: undefined method `first' for nil:NilClass,error: undefined method `first' for nil:NilClass,error: undefined method `first' for nil:NilClass,10/13/2022,7/28/2026,7.75,4944,3323.33
932,LATAM Airlines,LA,LA3981,GRU,EZE,error: undefined method `first' for nil:NilClass,error: undefined method `first' for nil:NilClass,error: undefined method `first' for nil:NilClass,4/5/2022,9/6/2023,9.63,1645,2679.62
933,American Airlines,AA,AA2173,JFK,ATL,error: undefined method `first' for nil:NilClass,error: undefined method `first' for nil:NilClass,error: undefined method `first' for nil:NilClass,2/4/2025,7/24/2026,5.09,4619,1358.69
934,Air New Zealand,NZ,NZ3326,AKL,SYD,error: undefined method `first' for nil:NilClass,error: undefined method `first' for nil:NilClass,error: undefined method `first' for nil:NilClass,7/30/2025,3/14/2025,2.03,5438,2867.41
935,Iberia,IB,IB2377,MAD,ZRH,error: undefined method `first' for nil:NilClass,error: undefined method `first' for nil:NilClass,error: undefined method `first' for nil:NilClass,11/21/2025,2/10/2026,11.49,2635,3019.61
936,Alitalia,AZ,AZ7452,FCO,FRA,error: undefined method `first' for nil:NilClass,error: undefined method `first' for nil:NilClass,error: undefined method `first' for nil:NilClass,5/12/2023,4/30/2023,0.65,4487,1501.2
937,Emirates,EK,EK6770,DXB,DOH,error: undefined method `first' for nil:NilClass,error: undefined method `first' for nil:NilClass,error: undefined method `first' for nil:NilClass,10/24/2025,3/19/2022,3.32,5628,2208.7
938,Emirates,EK,EK1809,DXB,DOH,error: undefined method `first' for nil:NilClass,error: undefined method `first' for nil:NilClass,error: undefined method `first' for nil:NilClass,2/10/2023,7/25/2022,6.3,507,1279.52
939,Ethiopian Airlines,ET,ET9224,ADD,LHR,error: undefined method `first' for nil:NilClass,error: undefined method `first' for nil:NilClass,error: undefined method `first' for nil:NilClass,3/10/2025,10/16/2024,15.7,4758,1797.0
940,Korean Air,KE,KE2609,ICN,CPH,error: undefined method `first' for nil:NilClass,error: undefined method `first' for nil:NilClass,error: undefined method `first' for nil:NilClass,7/21/2026,6/17/2026,1.39,329,996.45
941,LATAM Airlines,LA,LA5926,GRU,EZE,error: undefined method `first' for nil:NilClass,error: undefined method `first' for nil:NilClass,error: undefined method `first' for nil:NilClass,5/9/2026,10/29/2024,2.72,2841,3189.94
942,Ethiopian Airlines,ET,ET4581,ADD,DOH,error: undefined method `first' for nil:NilClass,error: undefined method `first' for nil:NilClass,error: undefined method `first' for nil:NilClass,7/30/2022,11/30/2024,11.29,3840,1053.72
943,Ethiopian Airlines,ET,ET2018,ADD,DOH,error: undefined method `first' for nil:NilClass,error: undefined method `first' for nil:NilClass,error: undefined method `first' for nil:NilClass,11/18/2025,12/12/2024,13.97,6004,2605.09
944,Korean Air,KE,KE3039,ICN,HND,error: undefined method `first' for nil:NilClass,error: undefined method `first' for nil:NilClass,error: undefined method `first' for nil:NilClass,4/2/2023,9/14/2024,13.41,283,2372.17
945,Iberia,IB,IB8384,MAD,CDG,error: undefined method `first' for nil:NilClass,error: undefined method `first' for nil:NilClass,error: undefined method `first' for nil:NilClass,6/6/2026,7/11/2023,15.07,6204,2316.41
946,Ethiopian Airlines,ET,ET8518,ADD,DOH,error: undefined method `first' for nil:NilClass,error: undefined method `first' for nil:NilClass,error: undefined method `first' for nil:NilClass,3/24/2023,12/1/2025,15.01,2712,379.65
947,British Airways,BA,BA6528,LHR,VIE,error: undefined method `first' for nil:NilClass,error: undefined method `first' for nil:NilClass,error: undefined method `first' for nil:NilClass,2/14/2026,8/5/2026,3.25,8802,2001.97
948,Southwest Airlines,WN,WN7802,LAX,SFO,error: undefined method `first' for nil:NilClass,error: undefined method `first' for nil:NilClass,error: undefined method `first' for nil:NilClass,8/17/2026,7/18/2023,10.21,129,1339.31
949,Korean Air,KE,KE9732,ICN,HND,error: undefined method `first' for nil:NilClass,error: undefined method `first' for nil:NilClass,error: undefined method `first' for nil:NilClass,11/23/2025,8/25/2026,4.77,7010,1124.28
950,Lufthansa,LH,LH6097,FRA,FCO,error: undefined method `first' for nil:NilClass,error: undefined method `first' for nil:NilClass,error: undefined method `first' for nil:NilClass,2/27/2022,4/18/2023,2.41,2133,2081.81
951,British Airways,BA,BA6235,LHR,SCL,error: undefined method `first' for nil:NilClass,error: undefined method `first' for nil:NilClass,error: undefined method `first' for nil:NilClass,2/21/2024,5/5/2025,1.52,1626,2404.32
952,Air France,AF,AF2705,CDG,FRA,error: undefined method `first' for nil:NilClass,error: undefined method `first' for nil:NilClass,error: undefined method `first' for nil:NilClass,12/23/2025,11/5/2024,13.87,6234,1614.64
953,Air India,AI,AI9950,DEL,BOM,error: undefined method `first' for nil:NilClass,error: undefined method `first' for nil:NilClass,error: undefined method `first' for nil:NilClass,9/14/2025,8/6/2023,4.74,2888,3469.68
954,Aeroméxico,AM,AM1832,MEX,ORD,error: undefined method `first' for nil:NilClass,error: undefined method `first' for nil:NilClass,error: undefined method `first' for nil:NilClass,3/16/2026,12/23/2022,0.54,2635,1743.03
955,Emirates,EK,EK7978,DXB,DOH,error: undefined method `first' for nil:NilClass,error: undefined method `first' for nil:NilClass,error: undefined method `first' for nil:NilClass,10/11/2022,8/6/2023,5.34,4127,548.25
956,Korean Air,KE,KE6531,ICN,HND,error: undefined method `first' for nil:NilClass,error: undefined method `first' for nil:NilClass,error: undefined method `first' for nil:NilClass,10/23/2023,6/5/2023,15.12,3135,3234.78
957,Thai Airways,TG,TG2389,BKK,SIN,error: undefined method `first' for nil:NilClass,error: undefined method `first' for nil:NilClass,error: undefined method `first' for nil:NilClass,1/4/2025,12/20/2023,15.98,3549,455.64
958,Qantas,QF,QF9884,SYD,MEL,error: undefined method `first' for nil:NilClass,error: undefined method `first' for nil:NilClass,error: undefined method `first' for nil:NilClass,9/15/2023,4/15/2025,3.1,1741,1571.91
959,Air New Zealand,NZ,NZ2873,AKL,MEL,error: undefined method `first' for nil:NilClass,error: undefined method `first' for nil:NilClass,error: undefined method `first' for nil:NilClass,8/9/2026,12/4/2022,3.91,4076,2001.82
960,Singapore Airlines,SQ,SQ5580,SIN,MEL,error: undefined method `first' for nil:NilClass,error: undefined method `first' for nil:NilClass,error: undefined method `first' for nil:NilClass,6/30/2022,10/28/2024,3.57,1731,110.69
961,Aeroméxico,AM,AM4620,MEX,ORD,error: undefined method `first' for nil:NilClass,error: undefined method `first' for nil:NilClass,error: undefined method `first' for nil:NilClass,11/12/2026,11/5/2026,13.43,6117,3043.19
962,Alitalia,AZ,AZ6961,FCO,CDG,error: undefined method `first' for nil:NilClass,error: undefined method `first' for nil:NilClass,error: undefined method `first' for nil:NilClass,11/9/2023,6/29/2026,7.35,8048,1719.95
963,KLM Royal Dutch Airlines,KL,KL2728,AMS,CDG,error: undefined method `first' for nil:NilClass,error: undefined method `first' for nil:NilClass,error: undefined method `first' for nil:NilClass,12/17/2022,4/4/2023,4.8,112,919.69
964,Air France,AF,AF8946,CDG,FRA,error: undefined method `first' for nil:NilClass,error: undefined method `first' for nil:NilClass,error: undefined method `first' for nil:NilClass,3/17/2025,12/26/2022,17.56,5872,3337.45
965,Qantas,QF,QF1391,SYD,MEL,error: undefined method `first' for nil:NilClass,error: undefined method `first' for nil:NilClass,error: undefined method `first' for nil:NilClass,8/21/2022,6/28/2023,3.84,6601,374.04
966,Cathay Pacific,CX,CX9670,HKG,SIN,error: undefined method `first' for nil:NilClass,error: undefined method `first' for nil:NilClass,error: undefined method `first' for nil:NilClass,12/21/2022,4/28/2024,8.41,7871,2515.7
967,SAS Scandinavian,SK,SK7629,CPH,MAD,error: undefined method `first' for nil:NilClass,error: undefined method `first' for nil:NilClass,error: undefined method `first' for nil:NilClass,6/28/2026,2/7/2022,9.33,902,1996.9
968,Thai Airways,TG,TG7509,BKK,DEL,error: undefined method `first' for nil:NilClass,error: undefined method `first' for nil:NilClass,error: undefined method `first' for nil:NilClass,12/26/2023,2/17/2025,17.11,4294,611.54
969,Lufthansa,LH,LH4442,FRA,CDG,error: undefined method `first' for nil:NilClass,error: undefined method `first' for nil:NilClass,error: undefined method `first' for nil:NilClass,11/16/2022,3/29/2022,16.05,2497,91.59
970,All Nippon Airways,NH,NH3133,HND,ICN,error: undefined method `first' for nil:NilClass,error: undefined method `first' for nil:NilClass,error: undefined method `first' for nil:NilClass,9/7/2023,8/26/2022,5.49,7237,409.34
971,Singapore Airlines,SQ,SQ5805,SIN,PEK,error: undefined method `first' for nil:NilClass,error: undefined method `first' for nil:NilClass,error: undefined method `first' for nil:NilClass,4/15/2024,3/20/2022,11.45,2422,2007.55
972,United Airlines,UA,UA4854,LAX,SFO,error: undefined method `first' for nil:NilClass,error: undefined method `first' for nil:NilClass,error: undefined method `first' for nil:NilClass,10/20/2026,12/23/2026,12.01,3672,920.66
973,SAS Scandinavian,SK,SK9881,CPH,CDG,error: undefined method `first' for nil:NilClass,error: undefined method `first' for nil:NilClass,error: undefined method `first' for nil:NilClass,5/6/2025,9/22/2022,17.34,921,1188.9
974,Air India,AI,AI6362,DEL,BOM,error: undefined method `first' for nil:NilClass,error: undefined method `first' for nil:NilClass,error: undefined method `first' for nil:NilClass,3/15/2026,7/26/2023,6.38,2217,2260.27
975,Cathay Pacific,CX,CX2918,HKG,SIN,error: undefined method `first' for nil:NilClass,error: undefined method `first' for nil:NilClass,error: undefined method `first' for nil:NilClass,6/14/2025,8/18/2025,15.45,2341,823.02
976,South African Airways,SA,SA2613,JNB,CDG,error: undefined method `first' for nil:NilClass,error: undefined method `first' for nil:NilClass,error: undefined method `first' for nil:NilClass,8/6/2024,8/17/2025,12.98,3226,1067.52
977,British Airways,BA,BA2819,LHR,CDG,error: undefined method `first' for nil:NilClass,error: undefined method `first' for nil:NilClass,error: undefined method `first' for nil:NilClass,3/8/2022,8/9/2026,11.23,692,2620.99
978,Emirates,EK,EK8076,DXB,DOH,error: undefined method `first' for nil:NilClass,error: undefined method `first' for nil:NilClass,error: undefined method `first' for nil:NilClass,5/20/2023,11/17/2026,6.79,8291,1907.35
979,Alitalia,AZ,AZ1859,FCO,VIE,error: undefined method `first' for nil:NilClass,error: undefined method `first' for nil:NilClass,error: undefined method `first' for nil:NilClass,4/30/2026,11/22/2026,13.8,7767,2047.08
980,South African Airways,SA,SA2145,JNB,CDG,error: undefined method `first' for nil:NilClass,error: undefined method `first' for nil:NilClass,error: undefined method `first' for nil:NilClass,3/7/2023,9/18/2022,7.83,1801,2394.66
981,Alitalia,AZ,AZ6013,FCO,CDG,error: undefined method `first' for nil:NilClass,error: undefined method `first' for nil:NilClass,error: undefined method `first' for nil:NilClass,7/13/2023,3/2/2024,1.74,7466,2923.73
982,South African Airways,SA,SA4784,JNB,CDG,error: undefined method `first' for nil:NilClass,error: undefined method `first' for nil:NilClass,error: undefined method `first' for nil:NilClass,6/24/2022,10/27/2022,3.76,8464,3060.28
983,Aeroméxico,AM,AM2401,MEX,FRA,error: undefined method `first' for nil:NilClass,error: undefined method `first' for nil:NilClass,error: undefined method `first' for nil:NilClass,11/25/2023,4/11/2024,4.81,2907,2198.02
984,Southwest Airlines,WN,WN3122,LAX,SFO,error: undefined method `first' for nil:NilClass,error: undefined method `first' for nil:NilClass,error: undefined method `first' for nil:NilClass,2/19/2022,9/7/2024,14.64,7989,3092.54
985,Singapore Airlines,SQ,SQ8844,SIN,PEK,error: undefined method `first' for nil:NilClass,error: undefined method `first' for nil:NilClass,error: undefined method `first' for nil:NilClass,5/19/2026,2/6/2022,17.43,705,3452.58
986,British Airways,BA,BA6203,LHR,CDG,error: undefined method `first' for nil:NilClass,error: undefined method `first' for nil:NilClass,error: undefined method `first' for nil:NilClass,4/23/2026,10/28/2025,0.31,466,166.51
987,KLM Royal Dutch Airlines,KL,KL8992,AMS,CDG,error: undefined method `first' for nil:NilClass,error: undefined method `first' for nil:NilClass,error: undefined method `first' for nil:NilClass,11/5/2026,6/3/2026,9.99,7277,2908.09
988,Aeroméxico,AM,AM5261,MEX,ORD,error: undefined method `first' for nil:NilClass,error: undefined method `first' for nil:NilClass,error: undefined method `first' for nil:NilClass,10/1/2026,4/17/2023,7.88,8910,2984.68
989,LATAM Airlines,LA,LA2187,GRU,NBO,error: undefined method `first' for nil:NilClass,error: undefined method `first' for nil:NilClass,error: undefined method `first' for nil:NilClass,1/18/2024,5/3/2026,4.56,4528,1251.76
990,Thai Airways,TG,TG6294,BKK,SIN,error: undefined method `first' for nil:NilClass,error: undefined method `first' for nil:NilClass,error: undefined method `first' for nil:NilClass,10/10/2026,4/9/2023,17.04,7126,3126.15
991,South African Airways,SA,SA4783,JNB,FRA,error: undefined method `first' for nil:NilClass,error: undefined method `first' for nil:NilClass,error: undefined method `first' for nil:NilClass,12/16/2023,2/9/2023,3.25,4601,431.72
992,British Airways,BA,BA7257,LHR,CDG,error: undefined method `first' for nil:NilClass,error: undefined method `first' for nil:NilClass,error: undefined method `first' for nil:NilClass,7/15/2026,4/14/2023,14.36,6819,2046.62
993,British Airways,BA,BA7948,LHR,FCO,error: undefined method `first' for nil:NilClass,error: undefined method `first' for nil:NilClass,error: undefined method `first' for nil:NilClass,3/31/2026,6/25/2024,16.12,8983,2300.09
994,Southwest Airlines,WN,WN2157,LAX,SEA,error: undefined method `first' for nil:NilClass,error: undefined method `first' for nil:NilClass,error: undefined method `first' for nil:NilClass,1/13/2025,12/18/2024,8.27,1542,2428.2
995,South African Airways,SA,SA5902,JNB,CDG,error: undefined method `first' for nil:NilClass,error: undefined method `first' for nil:NilClass,error: undefined method `first' for nil:NilClass,2/11/2026,6/22/2025,17.66,4157,2014.99
996,Singapore Airlines,SQ,SQ4120,SIN,PEK,error: undefined method `first' for nil:NilClass,error: undefined method `first' for nil:NilClass,error: undefined method `first' for nil:NilClass,8/4/2026,10/5/2025,5.36,8992,653.14
997,Air India,AI,AI3768,DEL,DOH,error: undefined method `first' for nil:NilClass,error: undefined method `first' for nil:NilClass,error: undefined method `first' for nil:NilClass,2/4/2026,6/22/2024,10.05,1202,2323.49
998,Korean Air,KE,KE2894,ICN,MIA,error: undefined method `first' for nil:NilClass,error: undefined method `first' for nil:NilClass,error: undefined method `first' for nil:NilClass,8/9/2022,6/19/2023,8.41,3240,1795.02
999,Lufthansa,LH,LH4336,FRA,ADD,error: undefined method `first' for nil:NilClass,error: undefined method `first' for nil:NilClass,error: undefined method `first' for nil:NilClass,5/23/2026,9/17/2023,8.86,5974,2317.69
1000,Singapore Airlines,SQ,SQ3769,SIN,PEK,error: undefined method `first' for nil:NilClass,error: undefined method `first' for nil:NilClass,error: undefined method `first' for nil:NilClass,3/6/2023,9/11/2025,3.47,8002,1049.45
