flight_number,airline_name,departure_airport,departure_city,departure_country,departure_time,arrival_airport,arrival_city,arrival_country,duration_hours,distance_km
AC1711,Air Canada,Toronto Pearson,Toronto,Canada,1:37 PM,Arturo Merino Benítez International,Santiago,Chile,4,4244
LH9806,Lufthansa,Frankfurt Airport,Frankfurt,Germany,3:48 AM,Charles de Gaulle,Paris,France,21,3975
BA9495,British Airways,Heathrow,London,UK,4:24 AM,Charles de Gaulle,Paris,France,23,9078
KE4715,Korean Air,Incheon International,Seoul,South Korea,6:43 AM,Haneda,Tokyo,Japan,10,1488
SK4698,SAS Scandinavian,Copenhagen Airport,Copenhagen,Denmark,10:10 AM,Charles de Gaulle,Paris,France,3,8993
SK4515,SAS Scandinavian,Copenhagen Airport,Copenhagen,Denmark,2:40 AM,Vienna International,Vienna,Austria,9,3075
LA5570,LATAM Airlines,São Paulo/Guarulhos International,São Paulo,Brazil,3:42 PM,Miami International,Miami,USA,3,4095
AF6606,Air France,Charles de Gaulle,Paris,France,4:58 AM,Frankfurt Airport,Frankfurt,Germany,13,8933
NZ2060,Air New Zealand,Auckland Airport,Auckland,New Zealand,4:13 AM,Sydney Airport,Sydney,Australia,18,2627
KE1298,Korean Air,Incheon International,Seoul,South Korea,6:38 AM,Haneda,Tokyo,Japan,10,3738
AI1169,Air India,Indira Gandhi International,Delhi,India,3:04 PM,Changi,Singapore,Singapore,8,4930
NH9241,All Nippon Airways,Haneda,Tokyo,Japan,9:43 PM,Changi,Singapore,Singapore,8,4411
KL2077,KLM Royal Dutch Airlines,Amsterdam Airport Schiphol,Amsterdam,Netherlands,11:12 PM,Charles de Gaulle,Paris,France,24,5446
SQ4591,Singapore Airlines,Changi,Singapore,Singapore,6:59 PM,Bole International,Addis Ababa,Ethiopia,18,5169
AC7380,Air Canada,Toronto Pearson,Toronto,Canada,7:22 AM,John F. Kennedy International,New York,USA,19,9927
LH7990,Lufthansa,Frankfurt Airport,Frankfurt,Germany,9:25 PM,Charles de Gaulle,Paris,France,6,1715
AM7823,Aeroméxico,Benito Juárez International,Mexico City,Mexico,6:30 PM,O'Hare International,Chicago,USA,8,696
SQ7786,Singapore Airlines,Changi,Singapore,Singapore,12:19 AM,Beijing Capital International,Beijing,China,13,1527
AF7434,Air France,Charles de Gaulle,Paris,France,4:14 PM,Frankfurt Airport,Frankfurt,Germany,3,3901
IB7458,Iberia,Adolfo Suárez Madrid–Barajas,Madrid,Spain,7:18 AM,Charles de Gaulle,Paris,France,2,9108
TG5312,Thai Airways,Suvarnabhumi,Bangkok,Thailand,9:29 PM,Logan International,Boston,USA,2,4697
IB4953,Iberia,Adolfo Suárez Madrid–Barajas,Madrid,Spain,10:40 PM,Charles de Gaulle,Paris,France,24,5615
QR4568,Qatar Airways,Hamad International,Doha,Qatar,10:41 PM,Jomo Kenyatta International,Nairobi,Kenya,7,2323
AZ2467,Alitalia,Leonardo da Vinci International,Rome,Italy,1:49 PM,Vienna International,Vienna,Austria,2,5862
BA9490,British Airways,Heathrow,London,UK,5:56 AM,Charles de Gaulle,Paris,France,16,6454
ET1495,Ethiopian Airlines,Bole International,Addis Ababa,Ethiopia,9:48 PM,Frankfurt Airport,Frankfurt,Germany,9,683
AI8431,Air India,Indira Gandhi International,Delhi,India,10:15 AM,Arturo Merino Benítez International,Santiago,Chile,19,2900
NZ7379,Air New Zealand,Auckland Airport,Auckland,New Zealand,2:02 PM,Sydney Airport,Sydney,Australia,18,7914
BA9148,British Airways,Heathrow,London,UK,10:28 AM,Denver International,Denver,USA,14,4618
KE4039,Korean Air,Incheon International,Seoul,South Korea,10:47 AM,Auckland Airport,Auckland,New Zealand,3,4201
KL5197,KLM Royal Dutch Airlines,Amsterdam Airport Schiphol,Amsterdam,Netherlands,2:38 AM,Charles de Gaulle,Paris,France,7,3890
AI9592,Air India,Indira Gandhi International,Delhi,India,8:05 PM,Chhatrapati Shivaji International,Mumbai,India,8,3378
LA8565,LATAM Airlines,São Paulo/Guarulhos International,São Paulo,Brazil,7:55 AM,Ministro Pistarini International,Buenos Aires,Argentina,7,517
KE7078,Korean Air,Incheon International,Seoul,South Korea,1:05 AM,Haneda,Tokyo,Japan,2,5612
AC3304,Air Canada,Toronto Pearson,Toronto,Canada,9:41 PM,Cairo International,Cairo,Egypt,7,6717
AZ4341,Alitalia,Leonardo da Vinci International,Rome,Italy,10:32 AM,Frankfurt Airport,Frankfurt,Germany,3,2913
LA8837,LATAM Airlines,São Paulo/Guarulhos International,São Paulo,Brazil,10:12 PM,Ministro Pistarini International,Buenos Aires,Argentina,16,141
LA2284,LATAM Airlines,São Paulo/Guarulhos International,São Paulo,Brazil,8:21 AM,Ministro Pistarini International,Buenos Aires,Argentina,13,7847
AF1380,Air France,Charles de Gaulle,Paris,France,6:16 AM,Frankfurt Airport,Frankfurt,Germany,11,521
IB9744,Iberia,Adolfo Suárez Madrid–Barajas,Madrid,Spain,9:00 AM,Charles de Gaulle,Paris,France,22,7422
BA8865,British Airways,Heathrow,London,UK,10:48 AM,Hartsfield-Jackson Atlanta,Atlanta,USA,8,2471
AV9245,Avianca,El Dorado International,Bogotá,Colombia,11:24 PM,O'Hare International,Chicago,USA,15,3975
LH4956,Lufthansa,Frankfurt Airport,Frankfurt,Germany,8:52 PM,Stockholm Arlanda,Stockholm,Sweden,5,1362
WN3151,Southwest Airlines,Los Angeles International,Los Angeles,USA,6:30 AM,San Francisco International,San Francisco,USA,10,1692
KL6135,KLM Royal Dutch Airlines,Amsterdam Airport Schiphol,Amsterdam,Netherlands,7:05 PM,Charles de Gaulle,Paris,France,16,2798
NH6772,All Nippon Airways,Haneda,Tokyo,Japan,10:38 AM,Dallas/Fort Worth International,Dallas,USA,9,2519
NZ2113,Air New Zealand,Auckland Airport,Auckland,New Zealand,7:13 PM,Sydney Airport,Sydney,Australia,23,2868
LA2115,LATAM Airlines,São Paulo/Guarulhos International,São Paulo,Brazil,10:57 AM,Ministro Pistarini International,Buenos Aires,Argentina,20,6643
SQ2554,Singapore Airlines,Changi,Singapore,Singapore,5:10 AM,Haneda,Tokyo,Japan,12,1286
NZ8766,Air New Zealand,Auckland Airport,Auckland,New Zealand,1:43 PM,Sydney Airport,Sydney,Australia,8,8914
AI1195,Air India,Indira Gandhi International,Delhi,India,5:13 AM,Chhatrapati Shivaji International,Mumbai,India,22,850
ET5945,Ethiopian Airlines,Bole International,Addis Ababa,Ethiopia,10:54 AM,Hamad International,Doha,Qatar,14,8653
LH6251,Lufthansa,Frankfurt Airport,Frankfurt,Germany,9:08 PM,Charles de Gaulle,Paris,France,13,5274
AZ1957,Alitalia,Leonardo da Vinci International,Rome,Italy,7:28 AM,Charles de Gaulle,Paris,France,17,1913
QF4855,Qantas,Sydney Airport,Sydney,Australia,6:42 PM,Melbourne Airport,Melbourne,Australia,13,2922
NZ8575,Air New Zealand,Auckland Airport,Auckland,New Zealand,3:49 PM,Suvarnabhumi,Bangkok,Thailand,1,6259
TG3685,Thai Airways,Suvarnabhumi,Bangkok,Thailand,3:54 AM,Changi,Singapore,Singapore,4,6974
NZ6282,Air New Zealand,Auckland Airport,Auckland,New Zealand,6:51 AM,Sydney Airport,Sydney,Australia,14,3430
LH5968,Lufthansa,Frankfurt Airport,Frankfurt,Germany,12:33 AM,Charles de Gaulle,Paris,France,14,5389
AV2514,Avianca,El Dorado International,Bogotá,Colombia,7:46 PM,O'Hare International,Chicago,USA,17,4584
IB7381,Iberia,Adolfo Suárez Madrid–Barajas,Madrid,Spain,4:56 PM,Charles de Gaulle,Paris,France,20,5715
NH4540,All Nippon Airways,Haneda,Tokyo,Japan,11:06 PM,Incheon International,Seoul,South Korea,6,6968
AA2499,American Airlines,John F. Kennedy International,New York,USA,6:09 PM,Miami International,Miami,USA,17,4139
IB3862,Iberia,Adolfo Suárez Madrid–Barajas,Madrid,Spain,10:17 AM,Charles de Gaulle,Paris,France,23,1745
NH2322,All Nippon Airways,Haneda,Tokyo,Japan,8:52 AM,Incheon International,Seoul,South Korea,3,5504
UA7283,United Airlines,Los Angeles International,Los Angeles,USA,12:26 AM,San Francisco International,San Francisco,USA,3,4916
SA4674,South African Airways,O.R. Tambo International,Johannesburg,South Africa,6:49 PM,Charles de Gaulle,Paris,France,8,8934
QR5080,Qatar Airways,Hamad International,Doha,Qatar,1:57 AM,John F. Kennedy International,New York,USA,5,4106
LA3959,LATAM Airlines,São Paulo/Guarulhos International,São Paulo,Brazil,11:13 AM,Ministro Pistarini International,Buenos Aires,Argentina,22,6774
NZ5050,Air New Zealand,Auckland Airport,Auckland,New Zealand,3:27 PM,Haneda,Tokyo,Japan,6,1616
DL1182,Delta Air Lines,John F. Kennedy International,New York,USA,5:21 PM,Hartsfield-Jackson Atlanta,Atlanta,USA,8,3633
AC7423,Air Canada,Toronto Pearson,Toronto,Canada,1:08 AM,John F. Kennedy International,New York,USA,10,5425
DL9121,Delta Air Lines,John F. Kennedy International,New York,USA,3:52 PM,Hartsfield-Jackson Atlanta,Atlanta,USA,5,8804
IB3454,Iberia,Adolfo Suárez Madrid–Barajas,Madrid,Spain,6:21 PM,Leonardo da Vinci International,Rome,Italy,2,1868
AM1632,Aeroméxico,Benito Juárez International,Mexico City,Mexico,4:34 AM,O'Hare International,Chicago,USA,1,5239
NH6666,All Nippon Airways,Haneda,Tokyo,Japan,4:10 AM,Incheon International,Seoul,South Korea,23,2353
AI5161,Air India,Indira Gandhi International,Delhi,India,6:16 AM,Suvarnabhumi,Bangkok,Thailand,13,6629
NH4808,All Nippon Airways,Haneda,Tokyo,Japan,6:04 PM,Incheon International,Seoul,South Korea,17,9745
QR3591,Qatar Airways,Hamad International,Doha,Qatar,6:42 PM,Bole International,Addis Ababa,Ethiopia,10,831
SK1460,SAS Scandinavian,Copenhagen Airport,Copenhagen,Denmark,10:02 AM,Charles de Gaulle,Paris,France,8,9875
SK4238,SAS Scandinavian,Copenhagen Airport,Copenhagen,Denmark,6:43 AM,Charles de Gaulle,Paris,France,15,1878
NZ3167,Air New Zealand,Auckland Airport,Auckland,New Zealand,12:59 PM,Sydney Airport,Sydney,Australia,22,3827
AC7816,Air Canada,Toronto Pearson,Toronto,Canada,3:54 PM,John F. Kennedy International,New York,USA,24,5699
KE6794,Korean Air,Incheon International,Seoul,South Korea,1:23 AM,Haneda,Tokyo,Japan,13,270
AF8946,Air France,Charles de Gaulle,Paris,France,3:38 PM,Frankfurt Airport,Frankfurt,Germany,1,9113
AM8806,Aeroméxico,Benito Juárez International,Mexico City,Mexico,4:58 PM,O'Hare International,Chicago,USA,5,2349
TG9872,Thai Airways,Suvarnabhumi,Bangkok,Thailand,3:27 PM,Changi,Singapore,Singapore,8,6230
SA6231,South African Airways,O.R. Tambo International,Johannesburg,South Africa,4:46 AM,Charles de Gaulle,Paris,France,9,106
SA7022,South African Airways,O.R. Tambo International,Johannesburg,South Africa,8:52 AM,Charles de Gaulle,Paris,France,8,5189
AM8708,Aeroméxico,Benito Juárez International,Mexico City,Mexico,4:52 AM,O'Hare International,Chicago,USA,18,4599
SK3640,SAS Scandinavian,Copenhagen Airport,Copenhagen,Denmark,3:06 AM,Charles de Gaulle,Paris,France,6,8845
SQ9432,Singapore Airlines,Changi,Singapore,Singapore,3:05 PM,Beijing Capital International,Beijing,China,24,159
AM4164,Aeroméxico,Benito Juárez International,Mexico City,Mexico,5:53 AM,O'Hare International,Chicago,USA,23,5241
SQ7171,Singapore Airlines,Changi,Singapore,Singapore,11:15 PM,Beijing Capital International,Beijing,China,17,1507
AV2580,Avianca,El Dorado International,Bogotá,Colombia,11:39 PM,O'Hare International,Chicago,USA,23,3504
LH2616,Lufthansa,Frankfurt Airport,Frankfurt,Germany,6:35 AM,Charles de Gaulle,Paris,France,6,9662
DL2537,Delta Air Lines,John F. Kennedy International,New York,USA,4:08 AM,Hartsfield-Jackson Atlanta,Atlanta,USA,14,4971
EK4779,Emirates,Dubai International,Dubai,UAE,2:18 AM,Hamad International,Doha,Qatar,4,9351
QR1102,Qatar Airways,Hamad International,Doha,Qatar,4:39 AM,Hartsfield-Jackson Atlanta,Atlanta,USA,3,1530
QR7630,Qatar Airways,Hamad International,Doha,Qatar,2:43 PM,Bole International,Addis Ababa,Ethiopia,4,2959
UA9984,United Airlines,Los Angeles International,Los Angeles,USA,8:12 AM,San Francisco International,San Francisco,USA,2,7648
AV3743,Avianca,El Dorado International,Bogotá,Colombia,5:17 PM,O'Hare International,Chicago,USA,7,5953
AC8333,Air Canada,Toronto Pearson,Toronto,Canada,7:03 AM,John F. Kennedy International,New York,USA,7,2294
SK7593,SAS Scandinavian,Copenhagen Airport,Copenhagen,Denmark,6:33 AM,Charles de Gaulle,Paris,France,22,9751
IB9562,Iberia,Adolfo Suárez Madrid–Barajas,Madrid,Spain,5:20 AM,Charles de Gaulle,Paris,France,8,7733
KL5737,KLM Royal Dutch Airlines,Amsterdam Airport Schiphol,Amsterdam,Netherlands,2:27 PM,Charles de Gaulle,Paris,France,6,3431
CX9568,Cathay Pacific,Hong Kong International,Hong Kong,China,6:41 PM,Changi,Singapore,Singapore,4,1324
SK9472,SAS Scandinavian,Copenhagen Airport,Copenhagen,Denmark,4:01 PM,Charles de Gaulle,Paris,France,22,4562
SA4032,South African Airways,O.R. Tambo International,Johannesburg,South Africa,3:55 AM,Charles de Gaulle,Paris,France,3,3012
KL6805,KLM Royal Dutch Airlines,Amsterdam Airport Schiphol,Amsterdam,Netherlands,2:30 AM,Dallas/Fort Worth International,Dallas,USA,9,7484
TG8197,Thai Airways,Suvarnabhumi,Bangkok,Thailand,10:21 PM,Changi,Singapore,Singapore,20,7729
AV2551,Avianca,El Dorado International,Bogotá,Colombia,3:37 PM,Dallas/Fort Worth International,Dallas,USA,24,3873
AC3869,Air Canada,Toronto Pearson,Toronto,Canada,5:58 PM,John F. Kennedy International,New York,USA,9,1248
NZ6282,Air New Zealand,Auckland Airport,Auckland,New Zealand,8:58 AM,Sydney Airport,Sydney,Australia,23,4342
ET6720,Ethiopian Airlines,Bole International,Addis Ababa,Ethiopia,7:56 PM,Vienna International,Vienna,Austria,7,4993
AV1393,Avianca,El Dorado International,Bogotá,Colombia,6:01 AM,Auckland Airport,Auckland,New Zealand,3,1250
AC9935,Air Canada,Toronto Pearson,Toronto,Canada,7:41 AM,Vancouver International,Vancouver,Canada,9,8388
ET1809,Ethiopian Airlines,Bole International,Addis Ababa,Ethiopia,3:29 PM,Hamad International,Doha,Qatar,20,2033
DL1182,Delta Air Lines,John F. Kennedy International,New York,USA,12:21 PM,Hartsfield-Jackson Atlanta,Atlanta,USA,22,5928
EK2648,Emirates,Dubai International,Dubai,UAE,10:02 AM,Hamad International,Doha,Qatar,6,5787
AZ1200,Alitalia,Leonardo da Vinci International,Rome,Italy,1:16 AM,Charles de Gaulle,Paris,France,10,1233
KL4926,KLM Royal Dutch Airlines,Amsterdam Airport Schiphol,Amsterdam,Netherlands,5:49 PM,Charles de Gaulle,Paris,France,18,341
EK5821,Emirates,Dubai International,Dubai,UAE,3:17 AM,Hamad International,Doha,Qatar,10,6100
SK6941,SAS Scandinavian,Copenhagen Airport,Copenhagen,Denmark,8:33 AM,Charles de Gaulle,Paris,France,12,1345
QR9037,Qatar Airways,Hamad International,Doha,Qatar,1:14 AM,Bole International,Addis Ababa,Ethiopia,24,9374
KL7739,KLM Royal Dutch Airlines,Amsterdam Airport Schiphol,Amsterdam,Netherlands,1:45 AM,Charles de Gaulle,Paris,France,8,1941
AZ1725,Alitalia,Leonardo da Vinci International,Rome,Italy,4:42 AM,Charles de Gaulle,Paris,France,9,8157
LH7516,Lufthansa,Frankfurt Airport,Frankfurt,Germany,5:11 PM,Charles de Gaulle,Paris,France,10,1357
EK4042,Emirates,Dubai International,Dubai,UAE,10:48 PM,Hamad International,Doha,Qatar,23,2427
AZ8352,Alitalia,Leonardo da Vinci International,Rome,Italy,9:18 AM,Charles de Gaulle,Paris,France,19,1662
QR5248,Qatar Airways,Hamad International,Doha,Qatar,11:12 PM,Vienna International,Vienna,Austria,6,4761
KE7320,Korean Air,Incheon International,Seoul,South Korea,12:01 PM,Haneda,Tokyo,Japan,2,8928
AC2255,Air Canada,Toronto Pearson,Toronto,Canada,8:58 AM,John F. Kennedy International,New York,USA,8,9947
WN2104,Southwest Airlines,Los Angeles International,Los Angeles,USA,9:55 PM,Seattle-Tacoma International,Seattle,USA,2,9880
KL7370,KLM Royal Dutch Airlines,Amsterdam Airport Schiphol,Amsterdam,Netherlands,1:04 AM,Charles de Gaulle,Paris,France,21,5080
AM6860,Aeroméxico,Benito Juárez International,Mexico City,Mexico,1:19 PM,O'Hare International,Chicago,USA,3,9956
IB5792,Iberia,Adolfo Suárez Madrid–Barajas,Madrid,Spain,1:31 AM,Charles de Gaulle,Paris,France,23,8538
QR8903,Qatar Airways,Hamad International,Doha,Qatar,9:25 PM,Bole International,Addis Ababa,Ethiopia,16,1026
QF8394,Qantas,Sydney Airport,Sydney,Australia,11:54 PM,Stockholm Arlanda,Stockholm,Sweden,22,5889
IB4953,Iberia,Adolfo Suárez Madrid–Barajas,Madrid,Spain,4:01 AM,Charles de Gaulle,Paris,France,7,6017
NH4005,All Nippon Airways,Haneda,Tokyo,Japan,1:53 AM,Incheon International,Seoul,South Korea,13,7863
BA7089,British Airways,Heathrow,London,UK,7:28 AM,Frankfurt Airport,Frankfurt,Germany,9,245
IB4351,Iberia,Adolfo Suárez Madrid–Barajas,Madrid,Spain,12:50 AM,Cairo International,Cairo,Egypt,18,3511
LA9571,LATAM Airlines,São Paulo/Guarulhos International,São Paulo,Brazil,4:32 PM,Ministro Pistarini International,Buenos Aires,Argentina,15,9533
AC9854,Air Canada,Toronto Pearson,Toronto,Canada,11:39 PM,John F. Kennedy International,New York,USA,4,8958
SK9534,SAS Scandinavian,Copenhagen Airport,Copenhagen,Denmark,10:25 AM,Charles de Gaulle,Paris,France,3,9792
AI9853,Air India,Indira Gandhi International,Delhi,India,3:59 AM,Chhatrapati Shivaji International,Mumbai,India,8,2195
KE2522,Korean Air,Incheon International,Seoul,South Korea,9:27 AM,Haneda,Tokyo,Japan,18,7080
CX7337,Cathay Pacific,Hong Kong International,Hong Kong,China,11:53 AM,Changi,Singapore,Singapore,6,1806
AZ8697,Alitalia,Leonardo da Vinci International,Rome,Italy,7:30 AM,Haneda,Tokyo,Japan,14,4120
UA1609,United Airlines,Los Angeles International,Los Angeles,USA,1:45 AM,Vancouver International,Vancouver,Canada,3,9526
KE3382,Korean Air,Incheon International,Seoul,South Korea,4:35 PM,El Dorado International,Bogotá,Colombia,23,259
AA9987,American Airlines,John F. Kennedy International,New York,USA,11:42 PM,Hartsfield-Jackson Atlanta,Atlanta,USA,14,9888
NZ2706,Air New Zealand,Auckland Airport,Auckland,New Zealand,7:21 PM,Sydney Airport,Sydney,Australia,10,7926
LH4442,Lufthansa,Frankfurt Airport,Frankfurt,Germany,10:18 PM,Charles de Gaulle,Paris,France,24,9284
DL8815,Delta Air Lines,John F. Kennedy International,New York,USA,3:19 PM,Ministro Pistarini International,Buenos Aires,Argentina,21,1329
LA3771,LATAM Airlines,São Paulo/Guarulhos International,São Paulo,Brazil,7:35 AM,Hartsfield-Jackson Atlanta,Atlanta,USA,12,313
AA7774,American Airlines,John F. Kennedy International,New York,USA,11:26 AM,Hartsfield-Jackson Atlanta,Atlanta,USA,12,3190
AZ5181,Alitalia,Leonardo da Vinci International,Rome,Italy,5:52 PM,Charles de Gaulle,Paris,France,4,7875
AZ6961,Alitalia,Leonardo da Vinci International,Rome,Italy,2:56 PM,Charles de Gaulle,Paris,France,21,4770
QF4930,Qantas,Sydney Airport,Sydney,Australia,3:11 PM,Stockholm Arlanda,Stockholm,Sweden,1,8756
ET6215,Ethiopian Airlines,Bole International,Addis Ababa,Ethiopia,7:25 AM,Hamad International,Doha,Qatar,20,2024
AZ2628,Alitalia,Leonardo da Vinci International,Rome,Italy,7:27 AM,Charles de Gaulle,Paris,France,1,7929
QR7176,Qatar Airways,Hamad International,Doha,Qatar,1:32 PM,Bole International,Addis Ababa,Ethiopia,4,7139
AZ7278,Alitalia,Leonardo da Vinci International,Rome,Italy,3:28 AM,Charles de Gaulle,Paris,France,10,9462
AI1679,Air India,Indira Gandhi International,Delhi,India,12:29 AM,Chhatrapati Shivaji International,Mumbai,India,9,6169
BA6415,British Airways,Heathrow,London,UK,7:32 AM,Charles de Gaulle,Paris,France,24,3506
WN8753,Southwest Airlines,Los Angeles International,Los Angeles,USA,5:35 PM,Seattle-Tacoma International,Seattle,USA,13,6475
KE7368,Korean Air,Incheon International,Seoul,South Korea,1:46 AM,Haneda,Tokyo,Japan,5,9000
AZ5181,Alitalia,Leonardo da Vinci International,Rome,Italy,2:21 PM,Charles de Gaulle,Paris,France,12,2918
IB9870,Iberia,Adolfo Suárez Madrid–Barajas,Madrid,Spain,10:59 PM,Charles de Gaulle,Paris,France,23,2354
BA8525,British Airways,Heathrow,London,UK,8:11 PM,Charles de Gaulle,Paris,France,4,9125
AI3641,Air India,Indira Gandhi International,Delhi,India,3:50 AM,Cairo International,Cairo,Egypt,13,3274
IB1120,Iberia,Adolfo Suárez Madrid–Barajas,Madrid,Spain,1:46 AM,Charles de Gaulle,Paris,France,18,1300
NH2177,All Nippon Airways,Haneda,Tokyo,Japan,4:29 AM,Amsterdam Airport Schiphol,Amsterdam,Netherlands,20,7177
WN8168,Southwest Airlines,Los Angeles International,Los Angeles,USA,10:51 AM,San Francisco International,San Francisco,USA,9,6199
AV5508,Avianca,El Dorado International,Bogotá,Colombia,6:57 PM,O'Hare International,Chicago,USA,14,5653
AF9229,Air France,Charles de Gaulle,Paris,France,7:45 PM,Frankfurt Airport,Frankfurt,Germany,18,3747
SA8121,South African Airways,O.R. Tambo International,Johannesburg,South Africa,8:21 AM,Charles de Gaulle,Paris,France,4,5191
DL3040,Delta Air Lines,John F. Kennedy International,New York,USA,1:56 AM,Miami International,Miami,USA,18,551
AM7051,Aeroméxico,Benito Juárez International,Mexico City,Mexico,8:55 AM,O'Hare International,Chicago,USA,6,3556
AI3656,Air India,Indira Gandhi International,Delhi,India,11:08 PM,Chhatrapati Shivaji International,Mumbai,India,4,5034
IB4266,Iberia,Adolfo Suárez Madrid–Barajas,Madrid,Spain,11:28 AM,Charles de Gaulle,Paris,France,6,7992
AA5427,American Airlines,John F. Kennedy International,New York,USA,10:41 PM,Hartsfield-Jackson Atlanta,Atlanta,USA,8,8649
AI2522,Air India,Indira Gandhi International,Delhi,India,2:34 AM,Chhatrapati Shivaji International,Mumbai,India,24,622
AI2111,Air India,Indira Gandhi International,Delhi,India,5:44 PM,Chhatrapati Shivaji International,Mumbai,India,24,3457
DL5999,Delta Air Lines,John F. Kennedy International,New York,USA,1:28 PM,Los Angeles International,Los Angeles,USA,14,5393
NZ1091,Air New Zealand,Auckland Airport,Auckland,New Zealand,6:34 PM,Sydney Airport,Sydney,Australia,20,9620
BA2399,British Airways,Heathrow,London,UK,8:20 PM,Charles de Gaulle,Paris,France,6,3851
QF9924,Qantas,Sydney Airport,Sydney,Australia,10:14 PM,Melbourne Airport,Melbourne,Australia,17,5649
BA6353,British Airways,Heathrow,London,UK,3:57 PM,Charles de Gaulle,Paris,France,5,7298
KE7948,Korean Air,Incheon International,Seoul,South Korea,12:21 PM,Haneda,Tokyo,Japan,3,4593
AM1317,Aeroméxico,Benito Juárez International,Mexico City,Mexico,12:41 PM,Zurich Airport,Zurich,Switzerland,19,9648
QR9195,Qatar Airways,Hamad International,Doha,Qatar,2:39 AM,Charles de Gaulle,Paris,France,9,9188
WN4898,Southwest Airlines,Los Angeles International,Los Angeles,USA,11:31 PM,San Francisco International,San Francisco,USA,9,5044
SQ9273,Singapore Airlines,Changi,Singapore,Singapore,12:54 AM,Beijing Capital International,Beijing,China,24,3500
SA9580,South African Airways,O.R. Tambo International,Johannesburg,South Africa,5:01 AM,Charles de Gaulle,Paris,France,19,4914
NZ1432,Air New Zealand,Auckland Airport,Auckland,New Zealand,4:48 PM,Sydney Airport,Sydney,Australia,23,1751
LH3292,Lufthansa,Frankfurt Airport,Frankfurt,Germany,2:04 PM,Charles de Gaulle,Paris,France,14,8158
ET9515,Ethiopian Airlines,Bole International,Addis Ababa,Ethiopia,1:35 AM,Hamad International,Doha,Qatar,3,9959
AZ1141,Alitalia,Leonardo da Vinci International,Rome,Italy,5:38 AM,Charles de Gaulle,Paris,France,1,3213
UA3766,United Airlines,Los Angeles International,Los Angeles,USA,11:31 AM,Seattle-Tacoma International,Seattle,USA,6,7243
DL1765,Delta Air Lines,John F. Kennedy International,New York,USA,9:24 AM,Hartsfield-Jackson Atlanta,Atlanta,USA,13,2812
KL7317,KLM Royal Dutch Airlines,Amsterdam Airport Schiphol,Amsterdam,Netherlands,1:08 AM,Charles de Gaulle,Paris,France,24,9907
TG9054,Thai Airways,Suvarnabhumi,Bangkok,Thailand,5:10 AM,Changi,Singapore,Singapore,6,5700
EK2258,Emirates,Dubai International,Dubai,UAE,10:10 AM,Adolfo Suárez Madrid–Barajas,Madrid,Spain,13,4400
CX7350,Cathay Pacific,Hong Kong International,Hong Kong,China,12:27 PM,Chhatrapati Shivaji International,Mumbai,India,22,7769
QR3795,Qatar Airways,Hamad International,Doha,Qatar,6:59 AM,Copenhagen Airport,Copenhagen,Denmark,9,5074
NZ9063,Air New Zealand,Auckland Airport,Auckland,New Zealand,10:40 AM,Sydney Airport,Sydney,Australia,12,6729
LA5961,LATAM Airlines,São Paulo/Guarulhos International,São Paulo,Brazil,7:15 AM,Ministro Pistarini International,Buenos Aires,Argentina,13,2928
AI9401,Air India,Indira Gandhi International,Delhi,India,11:03 AM,Dubai International,Dubai,UAE,18,8383
QF2813,Qantas,Sydney Airport,Sydney,Australia,4:18 AM,Melbourne Airport,Melbourne,Australia,21,5067
BA7496,British Airways,Heathrow,London,UK,6:46 AM,Vienna International,Vienna,Austria,19,4556
TG3890,Thai Airways,Suvarnabhumi,Bangkok,Thailand,11:41 PM,Sydney Airport,Sydney,Australia,11,1091
UA9030,United Airlines,Los Angeles International,Los Angeles,USA,4:59 AM,San Francisco International,San Francisco,USA,1,5773
SQ9917,Singapore Airlines,Changi,Singapore,Singapore,9:49 PM,Hong Kong International,Hong Kong,China,24,9367
LA5365,LATAM Airlines,São Paulo/Guarulhos International,São Paulo,Brazil,1:36 PM,Ministro Pistarini International,Buenos Aires,Argentina,9,7038
EK5965,Emirates,Dubai International,Dubai,UAE,6:39 AM,Hamad International,Doha,Qatar,13,7128
AI4455,Air India,Indira Gandhi International,Delhi,India,8:48 AM,Chhatrapati Shivaji International,Mumbai,India,22,8872
QR5341,Qatar Airways,Hamad International,Doha,Qatar,2:03 AM,Bole International,Addis Ababa,Ethiopia,1,9155
QR8903,Qatar Airways,Hamad International,Doha,Qatar,12:35 PM,Bole International,Addis Ababa,Ethiopia,24,3020
WN5923,Southwest Airlines,Los Angeles International,Los Angeles,USA,11:44 AM,San Francisco International,San Francisco,USA,4,5605
SK1914,SAS Scandinavian,Copenhagen Airport,Copenhagen,Denmark,8:29 AM,Charles de Gaulle,Paris,France,11,7332
AA5427,American Airlines,John F. Kennedy International,New York,USA,5:58 AM,Hartsfield-Jackson Atlanta,Atlanta,USA,4,3995
NZ4960,Air New Zealand,Auckland Airport,Auckland,New Zealand,2:02 AM,Sydney Airport,Sydney,Australia,19,9925
AC3020,Air Canada,Toronto Pearson,Toronto,Canada,4:50 AM,John F. Kennedy International,New York,USA,16,7275
UA6087,United Airlines,Los Angeles International,Los Angeles,USA,5:28 AM,San Francisco International,San Francisco,USA,3,7773
AM3867,Aeroméxico,Benito Juárez International,Mexico City,Mexico,11:04 PM,O'Hare International,Chicago,USA,2,2863
AC8333,Air Canada,Toronto Pearson,Toronto,Canada,1:39 PM,John F. Kennedy International,New York,USA,9,8459
NZ4633,Air New Zealand,Auckland Airport,Auckland,New Zealand,10:34 PM,Melbourne Airport,Melbourne,Australia,15,1006
EK1215,Emirates,Dubai International,Dubai,UAE,9:01 PM,Hamad International,Doha,Qatar,16,567
WN6588,Southwest Airlines,Los Angeles International,Los Angeles,USA,5:23 AM,San Francisco International,San Francisco,USA,8,4306
UA2787,United Airlines,Los Angeles International,Los Angeles,USA,8:35 AM,Vancouver International,Vancouver,Canada,18,6071
AZ4140,Alitalia,Leonardo da Vinci International,Rome,Italy,11:48 PM,Charles de Gaulle,Paris,France,1,3459
SA3265,South African Airways,O.R. Tambo International,Johannesburg,South Africa,6:06 PM,Charles de Gaulle,Paris,France,20,5623
NH2223,All Nippon Airways,Haneda,Tokyo,Japan,7:43 PM,Changi,Singapore,Singapore,14,8420
SQ4019,Singapore Airlines,Changi,Singapore,Singapore,11:52 AM,Beijing Capital International,Beijing,China,15,9965
QR5497,Qatar Airways,Hamad International,Doha,Qatar,11:03 AM,Bole International,Addis Ababa,Ethiopia,23,9871
AV8553,Avianca,El Dorado International,Bogotá,Colombia,6:40 AM,O'Hare International,Chicago,USA,9,2165
NH4775,All Nippon Airways,Haneda,Tokyo,Japan,12:52 AM,Amsterdam Airport Schiphol,Amsterdam,Netherlands,15,9397
QF3265,Qantas,Sydney Airport,Sydney,Australia,2:39 AM,Melbourne Airport,Melbourne,Australia,6,9640
NH7569,All Nippon Airways,Haneda,Tokyo,Japan,9:34 AM,Incheon International,Seoul,South Korea,9,1000
LA6287,LATAM Airlines,São Paulo/Guarulhos International,São Paulo,Brazil,6:59 AM,Ministro Pistarini International,Buenos Aires,Argentina,9,3058
QF4102,Qantas,Sydney Airport,Sydney,Australia,5:24 PM,Kuala Lumpur International,Kuala Lumpur,Malaysia,21,4432
KL2768,KLM Royal Dutch Airlines,Amsterdam Airport Schiphol,Amsterdam,Netherlands,5:14 PM,Charles de Gaulle,Paris,France,1,8742
TG3895,Thai Airways,Suvarnabhumi,Bangkok,Thailand,5:25 PM,Beijing Capital International,Beijing,China,24,6924
QF1326,Qantas,Sydney Airport,Sydney,Australia,3:09 PM,Melbourne Airport,Melbourne,Australia,22,1923
NH2315,All Nippon Airways,Haneda,Tokyo,Japan,5:17 PM,Incheon International,Seoul,South Korea,17,3486
NZ1218,Air New Zealand,Auckland Airport,Auckland,New Zealand,2:16 AM,Melbourne Airport,Melbourne,Australia,12,6656
KL4658,KLM Royal Dutch Airlines,Amsterdam Airport Schiphol,Amsterdam,Netherlands,8:40 AM,Charles de Gaulle,Paris,France,19,5906
TG4368,Thai Airways,Suvarnabhumi,Bangkok,Thailand,5:36 AM,Changi,Singapore,Singapore,22,8170
SK1333,SAS Scandinavian,Copenhagen Airport,Copenhagen,Denmark,10:37 PM,Munich Airport,Munich,Germany,13,8779
NH3030,All Nippon Airways,Haneda,Tokyo,Japan,6:21 AM,Incheon International,Seoul,South Korea,1,7409
DL8529,Delta Air Lines,John F. Kennedy International,New York,USA,7:49 PM,Hartsfield-Jackson Atlanta,Atlanta,USA,24,8303
LH3163,Lufthansa,Frankfurt Airport,Frankfurt,Germany,7:38 PM,Indira Gandhi International,Delhi,India,12,8051
UA4433,United Airlines,Los Angeles International,Los Angeles,USA,12:02 PM,San Francisco International,San Francisco,USA,8,7046
ET1547,Ethiopian Airlines,Bole International,Addis Ababa,Ethiopia,11:13 PM,Hamad International,Doha,Qatar,6,4895
QF6795,Qantas,Sydney Airport,Sydney,Australia,1:29 AM,Melbourne Airport,Melbourne,Australia,23,2920
AI3656,Air India,Indira Gandhi International,Delhi,India,4:59 PM,Chhatrapati Shivaji International,Mumbai,India,17,6571
QR5322,Qatar Airways,Hamad International,Doha,Qatar,4:58 PM,Munich Airport,Munich,Germany,1,7521
KE6218,Korean Air,Incheon International,Seoul,South Korea,12:11 PM,Haneda,Tokyo,Japan,1,1286
AI5685,Air India,Indira Gandhi International,Delhi,India,11:35 PM,Dubai International,Dubai,UAE,3,1989
AV3448,Avianca,El Dorado International,Bogotá,Colombia,10:31 AM,John F. Kennedy International,New York,USA,15,4609
AC9050,Air Canada,Toronto Pearson,Toronto,Canada,1:02 PM,John F. Kennedy International,New York,USA,9,1031
AV2901,Avianca,El Dorado International,Bogotá,Colombia,2:37 AM,São Paulo/Guarulhos International,São Paulo,Brazil,23,7056
TG1544,Thai Airways,Suvarnabhumi,Bangkok,Thailand,12:11 AM,Beijing Capital International,Beijing,China,5,5902
NH3534,All Nippon Airways,Haneda,Tokyo,Japan,11:26 AM,Incheon International,Seoul,South Korea,16,9182
BA5073,British Airways,Heathrow,London,UK,2:50 AM,Charles de Gaulle,Paris,France,14,230
WN4714,Southwest Airlines,Los Angeles International,Los Angeles,USA,4:02 PM,San Francisco International,San Francisco,USA,6,6868
SA4293,South African Airways,O.R. Tambo International,Johannesburg,South Africa,5:24 PM,Bole International,Addis Ababa,Ethiopia,18,4478
AA6888,American Airlines,John F. Kennedy International,New York,USA,7:35 AM,Hartsfield-Jackson Atlanta,Atlanta,USA,23,2368
BA1044,British Airways,Heathrow,London,UK,9:46 AM,Charles de Gaulle,Paris,France,20,7307
DL7930,Delta Air Lines,John F. Kennedy International,New York,USA,9:08 AM,Miami International,Miami,USA,11,1848
KE7832,Korean Air,Incheon International,Seoul,South Korea,4:07 AM,Haneda,Tokyo,Japan,21,5445
SA2779,South African Airways,O.R. Tambo International,Johannesburg,South Africa,6:51 AM,Charles de Gaulle,Paris,France,23,8962
TG2649,Thai Airways,Suvarnabhumi,Bangkok,Thailand,8:14 AM,Melbourne Airport,Melbourne,Australia,12,5180
QR1765,Qatar Airways,Hamad International,Doha,Qatar,6:00 AM,Adolfo Suárez Madrid–Barajas,Madrid,Spain,18,854
QF4055,Qantas,Sydney Airport,Sydney,Australia,10:17 PM,Haneda,Tokyo,Japan,2,4168
NZ9603,Air New Zealand,Auckland Airport,Auckland,New Zealand,4:35 PM,Sydney Airport,Sydney,Australia,10,8704
NZ2102,Air New Zealand,Auckland Airport,Auckland,New Zealand,10:28 PM,Sydney Airport,Sydney,Australia,3,5661
AA2277,American Airlines,John F. Kennedy International,New York,USA,5:39 PM,Hartsfield-Jackson Atlanta,Atlanta,USA,20,1438
AZ7115,Alitalia,Leonardo da Vinci International,Rome,Italy,2:16 PM,Adolfo Suárez Madrid–Barajas,Madrid,Spain,16,9950
AV2822,Avianca,El Dorado International,Bogotá,Colombia,11:34 PM,O'Hare International,Chicago,USA,9,1038
AA7447,American Airlines,John F. Kennedy International,New York,USA,5:40 PM,Hartsfield-Jackson Atlanta,Atlanta,USA,18,1723
QR2850,Qatar Airways,Hamad International,Doha,Qatar,10:05 AM,Bole International,Addis Ababa,Ethiopia,9,5301
QR4230,Qatar Airways,Hamad International,Doha,Qatar,2:45 AM,Bole International,Addis Ababa,Ethiopia,5,705
AV8092,Avianca,El Dorado International,Bogotá,Colombia,11:29 PM,O'Hare International,Chicago,USA,19,5894
NH7775,All Nippon Airways,Haneda,Tokyo,Japan,9:28 AM,Incheon International,Seoul,South Korea,15,2483
NZ5573,Air New Zealand,Auckland Airport,Auckland,New Zealand,12:33 AM,Changi,Singapore,Singapore,17,1177
AA4623,American Airlines,John F. Kennedy International,New York,USA,3:36 AM,Dallas/Fort Worth International,Dallas,USA,18,2173
LA7284,LATAM Airlines,São Paulo/Guarulhos International,São Paulo,Brazil,1:55 AM,Ministro Pistarini International,Buenos Aires,Argentina,10,5903
AZ7659,Alitalia,Leonardo da Vinci International,Rome,Italy,9:16 AM,Charles de Gaulle,Paris,France,7,9456
AF8392,Air France,Charles de Gaulle,Paris,France,7:33 PM,Frankfurt Airport,Frankfurt,Germany,12,4750
DL6641,Delta Air Lines,John F. Kennedy International,New York,USA,4:14 PM,San Francisco International,San Francisco,USA,15,1106
SK1914,SAS Scandinavian,Copenhagen Airport,Copenhagen,Denmark,1:49 PM,Charles de Gaulle,Paris,France,12,9138
CX9953,Cathay Pacific,Hong Kong International,Hong Kong,China,6:34 AM,Sydney Airport,Sydney,Australia,20,3814
CX7119,Cathay Pacific,Hong Kong International,Hong Kong,China,11:16 AM,Changi,Singapore,Singapore,19,5013
AA7566,American Airlines,John F. Kennedy International,New York,USA,12:53 PM,Charles de Gaulle,Paris,France,9,6014
QR7515,Qatar Airways,Hamad International,Doha,Qatar,5:22 AM,Bole International,Addis Ababa,Ethiopia,22,2201
AI7588,Air India,Indira Gandhi International,Delhi,India,5:02 PM,Chhatrapati Shivaji International,Mumbai,India,18,6024
EK1275,Emirates,Dubai International,Dubai,UAE,1:27 PM,Hamad International,Doha,Qatar,2,4737
AA5562,American Airlines,John F. Kennedy International,New York,USA,8:06 PM,Hartsfield-Jackson Atlanta,Atlanta,USA,6,4589
BA7341,British Airways,Heathrow,London,UK,6:46 PM,Charles de Gaulle,Paris,France,13,4824
CX1598,Cathay Pacific,Hong Kong International,Hong Kong,China,8:31 PM,Leonardo da Vinci International,Rome,Italy,3,4642
IB8895,Iberia,Adolfo Suárez Madrid–Barajas,Madrid,Spain,2:25 PM,Ministro Pistarini International,Buenos Aires,Argentina,21,7676
LH5061,Lufthansa,Frankfurt Airport,Frankfurt,Germany,7:48 PM,Charles de Gaulle,Paris,France,12,805
NH1524,All Nippon Airways,Haneda,Tokyo,Japan,3:29 PM,Hong Kong International,Hong Kong,China,3,6265
LA1025,LATAM Airlines,São Paulo/Guarulhos International,São Paulo,Brazil,2:33 AM,Ministro Pistarini International,Buenos Aires,Argentina,4,7403
AF8357,Air France,Charles de Gaulle,Paris,France,12:47 AM,Frankfurt Airport,Frankfurt,Germany,13,9317
WN5998,Southwest Airlines,Los Angeles International,Los Angeles,USA,4:55 AM,San Francisco International,San Francisco,USA,24,3729
ET5654,Ethiopian Airlines,Bole International,Addis Ababa,Ethiopia,12:48 AM,Vienna International,Vienna,Austria,24,5784
KE3943,Korean Air,Incheon International,Seoul,South Korea,1:39 AM,Changi,Singapore,Singapore,20,6657
LH5700,Lufthansa,Frankfurt Airport,Frankfurt,Germany,5:49 PM,Charles de Gaulle,Paris,France,11,4785
IB4821,Iberia,Adolfo Suárez Madrid–Barajas,Madrid,Spain,11:59 AM,Suvarnabhumi,Bangkok,Thailand,18,5485
SK6775,SAS Scandinavian,Copenhagen Airport,Copenhagen,Denmark,9:27 PM,Charles de Gaulle,Paris,France,3,9375
TG6233,Thai Airways,Suvarnabhumi,Bangkok,Thailand,12:03 AM,Chhatrapati Shivaji International,Mumbai,India,8,9850
AI7401,Air India,Indira Gandhi International,Delhi,India,5:10 PM,Suvarnabhumi,Bangkok,Thailand,3,8765
SQ8993,Singapore Airlines,Changi,Singapore,Singapore,8:21 AM,Beijing Capital International,Beijing,China,13,8278
AI4251,Air India,Indira Gandhi International,Delhi,India,8:33 AM,Chhatrapati Shivaji International,Mumbai,India,17,4169
QR3591,Qatar Airways,Hamad International,Doha,Qatar,8:24 PM,Bole International,Addis Ababa,Ethiopia,5,5916
KE9657,Korean Air,Incheon International,Seoul,South Korea,2:46 AM,Haneda,Tokyo,Japan,9,9391
QF1039,Qantas,Sydney Airport,Sydney,Australia,11:39 PM,Melbourne Airport,Melbourne,Australia,17,7924
LH7040,Lufthansa,Frankfurt Airport,Frankfurt,Germany,1:29 PM,Charles de Gaulle,Paris,France,13,619
AZ6961,Alitalia,Leonardo da Vinci International,Rome,Italy,3:15 AM,Charles de Gaulle,Paris,France,4,3094
AZ7615,Alitalia,Leonardo da Vinci International,Rome,Italy,3:01 AM,Charles de Gaulle,Paris,France,17,1951
SK9521,SAS Scandinavian,Copenhagen Airport,Copenhagen,Denmark,11:15 AM,Charles de Gaulle,Paris,France,14,598
LH1675,Lufthansa,Frankfurt Airport,Frankfurt,Germany,8:39 AM,Charles de Gaulle,Paris,France,12,8279
AA8058,American Airlines,John F. Kennedy International,New York,USA,3:01 AM,Hartsfield-Jackson Atlanta,Atlanta,USA,4,7581
ET5945,Ethiopian Airlines,Bole International,Addis Ababa,Ethiopia,11:58 PM,Hamad International,Doha,Qatar,22,8425
QR5080,Qatar Airways,Hamad International,Doha,Qatar,12:51 AM,John F. Kennedy International,New York,USA,8,1461
IB9207,Iberia,Adolfo Suárez Madrid–Barajas,Madrid,Spain,9:38 PM,Charles de Gaulle,Paris,France,22,4710
BA7976,British Airways,Heathrow,London,UK,5:12 AM,Adolfo Suárez Madrid–Barajas,Madrid,Spain,23,8781
SA4861,South African Airways,O.R. Tambo International,Johannesburg,South Africa,8:06 PM,Charles de Gaulle,Paris,France,8,7970
AA9509,American Airlines,John F. Kennedy International,New York,USA,4:25 PM,Hartsfield-Jackson Atlanta,Atlanta,USA,16,9828
AM8041,Aeroméxico,Benito Juárez International,Mexico City,Mexico,9:54 PM,O'Hare International,Chicago,USA,11,1683
UA8569,United Airlines,Los Angeles International,Los Angeles,USA,12:57 AM,San Francisco International,San Francisco,USA,12,5821
KE8563,Korean Air,Incheon International,Seoul,South Korea,3:21 PM,Haneda,Tokyo,Japan,20,9118
UA9753,United Airlines,Los Angeles International,Los Angeles,USA,10:47 PM,San Francisco International,San Francisco,USA,23,9057
AF8392,Air France,Charles de Gaulle,Paris,France,2:49 PM,Frankfurt Airport,Frankfurt,Germany,8,7655
WN8555,Southwest Airlines,Los Angeles International,Los Angeles,USA,2:56 AM,Denver International,Denver,USA,1,5904
SK1460,SAS Scandinavian,Copenhagen Airport,Copenhagen,Denmark,9:12 PM,Charles de Gaulle,Paris,France,2,2176
UA9709,United Airlines,Los Angeles International,Los Angeles,USA,11:31 AM,San Francisco International,San Francisco,USA,13,1825
QR9262,Qatar Airways,Hamad International,Doha,Qatar,8:56 PM,Bole International,Addis Ababa,Ethiopia,11,2925
LA3180,LATAM Airlines,São Paulo/Guarulhos International,São Paulo,Brazil,7:52 PM,Kuala Lumpur International,Kuala Lumpur,Malaysia,16,7741
NH8743,All Nippon Airways,Haneda,Tokyo,Japan,1:13 PM,Incheon International,Seoul,South Korea,10,5082
DL9341,Delta Air Lines,John F. Kennedy International,New York,USA,8:34 PM,Hartsfield-Jackson Atlanta,Atlanta,USA,23,6353
AF6606,Air France,Charles de Gaulle,Paris,France,4:31 AM,Frankfurt Airport,Frankfurt,Germany,11,4224
AA8853,American Airlines,John F. Kennedy International,New York,USA,4:21 AM,Hartsfield-Jackson Atlanta,Atlanta,USA,16,2856
KE8751,Korean Air,Incheon International,Seoul,South Korea,1:12 PM,Logan International,Boston,USA,8,8393
WN5297,Southwest Airlines,Los Angeles International,Los Angeles,USA,1:34 AM,San Francisco International,San Francisco,USA,24,1862
UA6425,United Airlines,Los Angeles International,Los Angeles,USA,5:43 AM,San Francisco International,San Francisco,USA,5,1931
LH5493,Lufthansa,Frankfurt Airport,Frankfurt,Germany,1:29 AM,Charles de Gaulle,Paris,France,13,7050
QF7073,Qantas,Sydney Airport,Sydney,Australia,7:04 AM,Melbourne Airport,Melbourne,Australia,7,5936
KE3649,Korean Air,Incheon International,Seoul,South Korea,5:53 AM,Haneda,Tokyo,Japan,1,9749
SQ1972,Singapore Airlines,Changi,Singapore,Singapore,7:31 PM,Beijing Capital International,Beijing,China,24,4121
QR9135,Qatar Airways,Hamad International,Doha,Qatar,7:23 PM,Heathrow,London,UK,24,500
DL9098,Delta Air Lines,John F. Kennedy International,New York,USA,1:35 PM,Hartsfield-Jackson Atlanta,Atlanta,USA,13,1668
LH3518,Lufthansa,Frankfurt Airport,Frankfurt,Germany,6:06 AM,Charles de Gaulle,Paris,France,10,4558
QF7333,Qantas,Sydney Airport,Sydney,Australia,3:57 AM,Melbourne Airport,Melbourne,Australia,8,9380
UA5419,United Airlines,Los Angeles International,Los Angeles,USA,10:50 AM,Copenhagen Airport,Copenhagen,Denmark,2,1970
AV7927,Avianca,El Dorado International,Bogotá,Colombia,7:46 PM,O'Hare International,Chicago,USA,1,3756
SA5569,South African Airways,O.R. Tambo International,Johannesburg,South Africa,12:56 AM,Charles de Gaulle,Paris,France,20,8140
DL4972,Delta Air Lines,John F. Kennedy International,New York,USA,11:08 PM,Hartsfield-Jackson Atlanta,Atlanta,USA,9,4606
SQ4431,Singapore Airlines,Changi,Singapore,Singapore,12:39 AM,Beijing Capital International,Beijing,China,4,6290
AV1831,Avianca,El Dorado International,Bogotá,Colombia,10:25 PM,Heathrow,London,UK,11,4787
WN7757,Southwest Airlines,Los Angeles International,Los Angeles,USA,10:27 AM,Miami International,Miami,USA,14,2193
AZ7072,Alitalia,Leonardo da Vinci International,Rome,Italy,6:19 AM,Charles de Gaulle,Paris,France,5,6939
LH3591,Lufthansa,Frankfurt Airport,Frankfurt,Germany,1:43 AM,Charles de Gaulle,Paris,France,21,9990
IB9376,Iberia,Adolfo Suárez Madrid–Barajas,Madrid,Spain,3:47 PM,Charles de Gaulle,Paris,France,3,4139
AF5997,Air France,Charles de Gaulle,Paris,France,8:23 PM,Frankfurt Airport,Frankfurt,Germany,11,4052
AZ7920,Alitalia,Leonardo da Vinci International,Rome,Italy,10:44 AM,Charles de Gaulle,Paris,France,11,8837
BA3159,British Airways,Heathrow,London,UK,5:27 PM,Charles de Gaulle,Paris,France,10,2503
LA7268,LATAM Airlines,São Paulo/Guarulhos International,São Paulo,Brazil,1:31 PM,Ministro Pistarini International,Buenos Aires,Argentina,16,6664
ET6157,Ethiopian Airlines,Bole International,Addis Ababa,Ethiopia,8:34 PM,Hamad International,Doha,Qatar,15,852
CX9201,Cathay Pacific,Hong Kong International,Hong Kong,China,2:50 AM,Changi,Singapore,Singapore,23,4886
AC7189,Air Canada,Toronto Pearson,Toronto,Canada,3:41 AM,Ministro Pistarini International,Buenos Aires,Argentina,8,1991
KL1922,KLM Royal Dutch Airlines,Amsterdam Airport Schiphol,Amsterdam,Netherlands,6:16 PM,Adolfo Suárez Madrid–Barajas,Madrid,Spain,11,8976
ET9488,Ethiopian Airlines,Bole International,Addis Ababa,Ethiopia,4:46 AM,Hamad International,Doha,Qatar,6,5484
QR6944,Qatar Airways,Hamad International,Doha,Qatar,9:23 PM,Bole International,Addis Ababa,Ethiopia,18,4649
AF1748,Air France,Charles de Gaulle,Paris,France,3:55 AM,Frankfurt Airport,Frankfurt,Germany,11,3032
DL8815,Delta Air Lines,John F. Kennedy International,New York,USA,3:11 AM,Ministro Pistarini International,Buenos Aires,Argentina,18,5962
AZ8524,Alitalia,Leonardo da Vinci International,Rome,Italy,8:58 PM,Charles de Gaulle,Paris,France,16,340
DL8435,Delta Air Lines,John F. Kennedy International,New York,USA,1:25 PM,Amsterdam Airport Schiphol,Amsterdam,Netherlands,14,7178
CX1163,Cathay Pacific,Hong Kong International,Hong Kong,China,4:36 AM,Changi,Singapore,Singapore,3,8707
NZ5311,Air New Zealand,Auckland Airport,Auckland,New Zealand,5:29 PM,Sydney Airport,Sydney,Australia,9,9394
KL8738,KLM Royal Dutch Airlines,Amsterdam Airport Schiphol,Amsterdam,Netherlands,8:45 AM,Chhatrapati Shivaji International,Mumbai,India,19,3588
SK3846,SAS Scandinavian,Copenhagen Airport,Copenhagen,Denmark,7:35 AM,Charles de Gaulle,Paris,France,3,570
LA7380,LATAM Airlines,São Paulo/Guarulhos International,São Paulo,Brazil,4:19 AM,Ministro Pistarini International,Buenos Aires,Argentina,17,9686
AZ3825,Alitalia,Leonardo da Vinci International,Rome,Italy,3:49 AM,Charles de Gaulle,Paris,France,19,6482
ET4947,Ethiopian Airlines,Bole International,Addis Ababa,Ethiopia,6:37 AM,Hamad International,Doha,Qatar,16,4208
DL7850,Delta Air Lines,John F. Kennedy International,New York,USA,5:33 PM,São Paulo/Guarulhos International,São Paulo,Brazil,7,7181
ET5952,Ethiopian Airlines,Bole International,Addis Ababa,Ethiopia,4:56 PM,Hamad International,Doha,Qatar,5,1125
KL3670,KLM Royal Dutch Airlines,Amsterdam Airport Schiphol,Amsterdam,Netherlands,2:12 AM,Charles de Gaulle,Paris,France,18,5354
NH4813,All Nippon Airways,Haneda,Tokyo,Japan,4:40 AM,Incheon International,Seoul,South Korea,8,7409
DL9400,Delta Air Lines,John F. Kennedy International,New York,USA,3:45 PM,Hartsfield-Jackson Atlanta,Atlanta,USA,20,3372
SA3472,South African Airways,O.R. Tambo International,Johannesburg,South Africa,8:21 PM,São Paulo/Guarulhos International,São Paulo,Brazil,1,9115
AI2682,Air India,Indira Gandhi International,Delhi,India,8:39 PM,Chhatrapati Shivaji International,Mumbai,India,8,562
NH5199,All Nippon Airways,Haneda,Tokyo,Japan,1:48 AM,Incheon International,Seoul,South Korea,20,2622
SA2484,South African Airways,O.R. Tambo International,Johannesburg,South Africa,10:31 AM,Charles de Gaulle,Paris,France,7,4538
SQ7992,Singapore Airlines,Changi,Singapore,Singapore,6:54 AM,Brisbane Airport,Brisbane,Australia,11,6191
CX4495,Cathay Pacific,Hong Kong International,Hong Kong,China,9:55 AM,Charles de Gaulle,Paris,France,17,6148
BA3458,British Airways,Heathrow,London,UK,9:00 AM,Charles de Gaulle,Paris,France,19,3242
UA1033,United Airlines,Los Angeles International,Los Angeles,USA,7:53 AM,San Francisco International,San Francisco,USA,8,5184
CX3838,Cathay Pacific,Hong Kong International,Hong Kong,China,3:09 PM,Changi,Singapore,Singapore,2,5163
DL5874,Delta Air Lines,John F. Kennedy International,New York,USA,3:45 AM,Los Angeles International,Los Angeles,USA,3,8571
AA3272,American Airlines,John F. Kennedy International,New York,USA,7:30 PM,Hartsfield-Jackson Atlanta,Atlanta,USA,12,5322
AI1237,Air India,Indira Gandhi International,Delhi,India,1:31 AM,Chhatrapati Shivaji International,Mumbai,India,13,4190
QR4886,Qatar Airways,Hamad International,Doha,Qatar,6:24 PM,Bole International,Addis Ababa,Ethiopia,18,6393
AM7051,Aeroméxico,Benito Juárez International,Mexico City,Mexico,5:39 AM,O'Hare International,Chicago,USA,24,6299
WN8983,Southwest Airlines,Los Angeles International,Los Angeles,USA,1:02 PM,San Francisco International,San Francisco,USA,22,9208
KE8227,Korean Air,Incheon International,Seoul,South Korea,3:17 PM,Haneda,Tokyo,Japan,19,8546
QR7020,Qatar Airways,Hamad International,Doha,Qatar,5:10 AM,São Paulo/Guarulhos International,São Paulo,Brazil,8,1883
WN7180,Southwest Airlines,Los Angeles International,Los Angeles,USA,12:15 AM,San Francisco International,San Francisco,USA,2,6601
AF9326,Air France,Charles de Gaulle,Paris,France,5:51 AM,Incheon International,Seoul,South Korea,21,5930
UA3391,United Airlines,Los Angeles International,Los Angeles,USA,2:09 AM,San Francisco International,San Francisco,USA,7,2339
UA6429,United Airlines,Los Angeles International,Los Angeles,USA,12:54 PM,San Francisco International,San Francisco,USA,16,9978
BA6099,British Airways,Heathrow,London,UK,6:58 AM,Hamad International,Doha,Qatar,12,1783
KE5573,Korean Air,Incheon International,Seoul,South Korea,6:45 PM,Haneda,Tokyo,Japan,15,6513
SQ5204,Singapore Airlines,Changi,Singapore,Singapore,10:02 AM,Beijing Capital International,Beijing,China,2,287
AF8349,Air France,Charles de Gaulle,Paris,France,6:55 AM,Frankfurt Airport,Frankfurt,Germany,20,3023
SK4515,SAS Scandinavian,Copenhagen Airport,Copenhagen,Denmark,1:28 PM,Vienna International,Vienna,Austria,6,4725
AV6048,Avianca,El Dorado International,Bogotá,Colombia,1:18 AM,O'Hare International,Chicago,USA,7,3365
KL2216,KLM Royal Dutch Airlines,Amsterdam Airport Schiphol,Amsterdam,Netherlands,10:05 PM,Charles de Gaulle,Paris,France,10,9162
WN8234,Southwest Airlines,Los Angeles International,Los Angeles,USA,4:24 PM,Auckland Airport,Auckland,New Zealand,23,215
KE5284,Korean Air,Incheon International,Seoul,South Korea,8:51 AM,Haneda,Tokyo,Japan,2,1417
DL5432,Delta Air Lines,John F. Kennedy International,New York,USA,9:14 AM,Hartsfield-Jackson Atlanta,Atlanta,USA,5,2020
WN1275,Southwest Airlines,Los Angeles International,Los Angeles,USA,8:10 PM,Toronto Pearson,Toronto,Canada,22,2895
TG2523,Thai Airways,Suvarnabhumi,Bangkok,Thailand,8:12 PM,Changi,Singapore,Singapore,24,9007
LA1106,LATAM Airlines,São Paulo/Guarulhos International,São Paulo,Brazil,12:41 AM,Ministro Pistarini International,Buenos Aires,Argentina,8,9228
QR8006,Qatar Airways,Hamad International,Doha,Qatar,4:40 PM,Leonardo da Vinci International,Rome,Italy,12,2635
KE7989,Korean Air,Incheon International,Seoul,South Korea,5:10 AM,Haneda,Tokyo,Japan,14,7510
LA5082,LATAM Airlines,São Paulo/Guarulhos International,São Paulo,Brazil,5:56 AM,Ministro Pistarini International,Buenos Aires,Argentina,4,3928
SK1460,SAS Scandinavian,Copenhagen Airport,Copenhagen,Denmark,2:01 PM,Charles de Gaulle,Paris,France,23,7970
SQ4535,Singapore Airlines,Changi,Singapore,Singapore,8:18 AM,Beijing Capital International,Beijing,China,20,6895
QR6953,Qatar Airways,Hamad International,Doha,Qatar,8:49 PM,Frankfurt Airport,Frankfurt,Germany,8,6781
NZ9286,Air New Zealand,Auckland Airport,Auckland,New Zealand,10:34 PM,Sydney Airport,Sydney,Australia,8,9970
EK2841,Emirates,Dubai International,Dubai,UAE,2:29 AM,Changi,Singapore,Singapore,15,3204
KE9516,Korean Air,Incheon International,Seoul,South Korea,7:41 PM,Haneda,Tokyo,Japan,7,7349
QF7701,Qantas,Sydney Airport,Sydney,Australia,6:07 AM,Melbourne Airport,Melbourne,Australia,8,4199
KE3458,Korean Air,Incheon International,Seoul,South Korea,5:29 PM,Haneda,Tokyo,Japan,8,5331
EK8571,Emirates,Dubai International,Dubai,UAE,1:41 AM,Amsterdam Airport Schiphol,Amsterdam,Netherlands,6,9174
AZ4787,Alitalia,Leonardo da Vinci International,Rome,Italy,2:50 AM,Miami International,Miami,USA,8,8829
TG8329,Thai Airways,Suvarnabhumi,Bangkok,Thailand,2:47 AM,Changi,Singapore,Singapore,16,728
AC8262,Air Canada,Toronto Pearson,Toronto,Canada,2:54 AM,Hartsfield-Jackson Atlanta,Atlanta,USA,3,8208
AI3768,Air India,Indira Gandhi International,Delhi,India,12:52 AM,Hamad International,Doha,Qatar,24,3694
TG8972,Thai Airways,Suvarnabhumi,Bangkok,Thailand,9:41 PM,Changi,Singapore,Singapore,6,9175
AA1658,American Airlines,John F. Kennedy International,New York,USA,1:59 AM,Hartsfield-Jackson Atlanta,Atlanta,USA,5,8978
KE5697,Korean Air,Incheon International,Seoul,South Korea,9:45 PM,São Paulo/Guarulhos International,São Paulo,Brazil,2,2805
NH7202,All Nippon Airways,Haneda,Tokyo,Japan,7:54 AM,Incheon International,Seoul,South Korea,24,5572
KE7320,Korean Air,Incheon International,Seoul,South Korea,5:13 AM,Haneda,Tokyo,Japan,17,5208
TG7432,Thai Airways,Suvarnabhumi,Bangkok,Thailand,7:41 AM,Changi,Singapore,Singapore,8,2244
EK7739,Emirates,Dubai International,Dubai,UAE,4:27 AM,Hamad International,Doha,Qatar,15,4402
DL9019,Delta Air Lines,John F. Kennedy International,New York,USA,1:49 PM,Hartsfield-Jackson Atlanta,Atlanta,USA,5,403
KL7828,KLM Royal Dutch Airlines,Amsterdam Airport Schiphol,Amsterdam,Netherlands,10:55 AM,Stockholm Arlanda,Stockholm,Sweden,8,2147
SQ4039,Singapore Airlines,Changi,Singapore,Singapore,3:34 AM,Beijing Capital International,Beijing,China,12,8920
BA6368,British Airways,Heathrow,London,UK,12:05 AM,Charles de Gaulle,Paris,France,5,8836
AA4065,American Airlines,John F. Kennedy International,New York,USA,11:13 AM,Logan International,Boston,USA,4,6416
NH5711,All Nippon Airways,Haneda,Tokyo,Japan,8:20 PM,Incheon International,Seoul,South Korea,8,2651
AV4300,Avianca,El Dorado International,Bogotá,Colombia,12:07 AM,O'Hare International,Chicago,USA,20,2941
EK9536,Emirates,Dubai International,Dubai,UAE,6:32 PM,O.R. Tambo International,Johannesburg,South Africa,6,5069
QF4202,Qantas,Sydney Airport,Sydney,Australia,12:35 PM,Melbourne Airport,Melbourne,Australia,15,9156
UA4308,United Airlines,Los Angeles International,Los Angeles,USA,2:31 PM,Seattle-Tacoma International,Seattle,USA,3,1098
AZ6413,Alitalia,Leonardo da Vinci International,Rome,Italy,10:12 PM,Charles de Gaulle,Paris,France,8,9291
UA2278,United Airlines,Los Angeles International,Los Angeles,USA,2:45 PM,San Francisco International,San Francisco,USA,8,8775
QR9885,Qatar Airways,Hamad International,Doha,Qatar,3:44 AM,Bole International,Addis Ababa,Ethiopia,21,8558
UA2278,United Airlines,Los Angeles International,Los Angeles,USA,6:21 AM,San Francisco International,San Francisco,USA,8,1271
QR5800,Qatar Airways,Hamad International,Doha,Qatar,7:48 PM,Bole International,Addis Ababa,Ethiopia,7,6868
CX8353,Cathay Pacific,Hong Kong International,Hong Kong,China,8:19 PM,Changi,Singapore,Singapore,3,6789
AI4973,Air India,Indira Gandhi International,Delhi,India,8:23 PM,Beijing Capital International,Beijing,China,24,4062
QF2703,Qantas,Sydney Airport,Sydney,Australia,11:17 AM,Melbourne Airport,Melbourne,Australia,14,6726
IB2730,Iberia,Adolfo Suárez Madrid–Barajas,Madrid,Spain,8:51 PM,Hamad International,Doha,Qatar,2,5646
AV2507,Avianca,El Dorado International,Bogotá,Colombia,3:36 PM,O'Hare International,Chicago,USA,2,6567
DL7317,Delta Air Lines,John F. Kennedy International,New York,USA,2:51 AM,Hartsfield-Jackson Atlanta,Atlanta,USA,14,6576
WN4492,Southwest Airlines,Los Angeles International,Los Angeles,USA,4:41 AM,Suvarnabhumi,Bangkok,Thailand,2,4947
SQ2715,Singapore Airlines,Changi,Singapore,Singapore,9:38 AM,Beijing Capital International,Beijing,China,13,8520
SQ3139,Singapore Airlines,Changi,Singapore,Singapore,12:28 PM,Beijing Capital International,Beijing,China,15,215
AC7067,Air Canada,Toronto Pearson,Toronto,Canada,2:06 AM,John F. Kennedy International,New York,USA,8,5819
AF5759,Air France,Charles de Gaulle,Paris,France,2:53 AM,Frankfurt Airport,Frankfurt,Germany,2,9043
AI9365,Air India,Indira Gandhi International,Delhi,India,6:14 PM,Chhatrapati Shivaji International,Mumbai,India,5,2932
ET8603,Ethiopian Airlines,Bole International,Addis Ababa,Ethiopia,2:12 AM,Hamad International,Doha,Qatar,21,1421
AV3171,Avianca,El Dorado International,Bogotá,Colombia,9:54 AM,Jomo Kenyatta International,Nairobi,Kenya,7,1639
SK4469,SAS Scandinavian,Copenhagen Airport,Copenhagen,Denmark,7:36 AM,Charles de Gaulle,Paris,France,22,9443
KE8227,Korean Air,Incheon International,Seoul,South Korea,8:22 AM,Haneda,Tokyo,Japan,10,2461
AZ7903,Alitalia,Leonardo da Vinci International,Rome,Italy,9:24 AM,Charles de Gaulle,Paris,France,20,3234
QF2703,Qantas,Sydney Airport,Sydney,Australia,9:28 PM,Melbourne Airport,Melbourne,Australia,18,5103
EK9909,Emirates,Dubai International,Dubai,UAE,7:08 AM,Hamad International,Doha,Qatar,4,4146
AI8540,Air India,Indira Gandhi International,Delhi,India,11:00 AM,Chhatrapati Shivaji International,Mumbai,India,8,2696
NH4003,All Nippon Airways,Haneda,Tokyo,Japan,3:52 PM,Incheon International,Seoul,South Korea,1,6355
AI5205,Air India,Indira Gandhi International,Delhi,India,9:44 AM,Dubai International,Dubai,UAE,23,7523
SA5126,South African Airways,O.R. Tambo International,Johannesburg,South Africa,1:50 PM,Charles de Gaulle,Paris,France,14,2633
QR3285,Qatar Airways,Hamad International,Doha,Qatar,8:15 AM,Bole International,Addis Ababa,Ethiopia,8,7488
AV7819,Avianca,El Dorado International,Bogotá,Colombia,12:34 PM,Hartsfield-Jackson Atlanta,Atlanta,USA,15,3787
AM4535,Aeroméxico,Benito Juárez International,Mexico City,Mexico,10:34 PM,O'Hare International,Chicago,USA,9,8104
AI5567,Air India,Indira Gandhi International,Delhi,India,9:25 PM,Denver International,Denver,USA,8,8967
BA3369,British Airways,Heathrow,London,UK,5:25 AM,Charles de Gaulle,Paris,France,18,6047
AM1973,Aeroméxico,Benito Juárez International,Mexico City,Mexico,11:58 AM,Jorge Chávez International,Lima,Peru,16,1868
SA4158,South African Airways,O.R. Tambo International,Johannesburg,South Africa,11:36 AM,Charles de Gaulle,Paris,France,18,7366
SQ5096,Singapore Airlines,Changi,Singapore,Singapore,6:16 AM,Beijing Capital International,Beijing,China,24,8856
AA6384,American Airlines,John F. Kennedy International,New York,USA,6:08 PM,Hartsfield-Jackson Atlanta,Atlanta,USA,16,1296
AA9403,American Airlines,John F. Kennedy International,New York,USA,9:23 PM,Arturo Merino Benítez International,Santiago,Chile,3,7717
QF8191,Qantas,Sydney Airport,Sydney,Australia,10:01 AM,Melbourne Airport,Melbourne,Australia,24,5714
AC2363,Air Canada,Toronto Pearson,Toronto,Canada,6:27 PM,John F. Kennedy International,New York,USA,8,3201
AZ9379,Alitalia,Leonardo da Vinci International,Rome,Italy,9:40 AM,Charles de Gaulle,Paris,France,23,9017
LH7260,Lufthansa,Frankfurt Airport,Frankfurt,Germany,10:06 AM,Amsterdam Airport Schiphol,Amsterdam,Netherlands,10,8117
NH9186,All Nippon Airways,Haneda,Tokyo,Japan,4:30 PM,Incheon International,Seoul,South Korea,19,3953
NH5763,All Nippon Airways,Haneda,Tokyo,Japan,8:22 PM,Incheon International,Seoul,South Korea,3,9418
AC7315,Air Canada,Toronto Pearson,Toronto,Canada,9:44 AM,John F. Kennedy International,New York,USA,3,5810
CX2642,Cathay Pacific,Hong Kong International,Hong Kong,China,6:17 PM,Changi,Singapore,Singapore,3,6251
IB2768,Iberia,Adolfo Suárez Madrid–Barajas,Madrid,Spain,12:53 PM,Charles de Gaulle,Paris,France,23,2818
WN3921,Southwest Airlines,Los Angeles International,Los Angeles,USA,1:39 AM,San Francisco International,San Francisco,USA,10,4082
DL2527,Delta Air Lines,John F. Kennedy International,New York,USA,5:58 AM,Hartsfield-Jackson Atlanta,Atlanta,USA,18,6717
ET7552,Ethiopian Airlines,Bole International,Addis Ababa,Ethiopia,1:59 AM,Hamad International,Doha,Qatar,24,2297
NZ1572,Air New Zealand,Auckland Airport,Auckland,New Zealand,1:59 AM,Hamad International,Doha,Qatar,10,405
AV3392,Avianca,El Dorado International,Bogotá,Colombia,10:10 AM,O'Hare International,Chicago,USA,23,1302
SQ8152,Singapore Airlines,Changi,Singapore,Singapore,3:01 PM,Beijing Capital International,Beijing,China,6,3823
AA3272,American Airlines,John F. Kennedy International,New York,USA,6:30 AM,Hartsfield-Jackson Atlanta,Atlanta,USA,13,5886
QR2435,Qatar Airways,Hamad International,Doha,Qatar,5:50 PM,Frankfurt Airport,Frankfurt,Germany,20,6781
SA9239,South African Airways,O.R. Tambo International,Johannesburg,South Africa,4:35 AM,Charles de Gaulle,Paris,France,11,7925
AM3262,Aeroméxico,Benito Juárez International,Mexico City,Mexico,10:29 PM,Dallas/Fort Worth International,Dallas,USA,4,3920
LA5763,LATAM Airlines,São Paulo/Guarulhos International,São Paulo,Brazil,2:15 AM,Ministro Pistarini International,Buenos Aires,Argentina,9,3472
SA4548,South African Airways,O.R. Tambo International,Johannesburg,South Africa,9:09 AM,Charles de Gaulle,Paris,France,4,1532
QR2822,Qatar Airways,Hamad International,Doha,Qatar,5:56 PM,Bole International,Addis Ababa,Ethiopia,5,8971
DL5835,Delta Air Lines,John F. Kennedy International,New York,USA,10:57 AM,Benito Juárez International,Mexico City,Mexico,10,6671
NH5199,All Nippon Airways,Haneda,Tokyo,Japan,3:12 PM,Incheon International,Seoul,South Korea,18,2397
AI4480,Air India,Indira Gandhi International,Delhi,India,3:39 AM,Changi,Singapore,Singapore,6,3112
AC2363,Air Canada,Toronto Pearson,Toronto,Canada,10:57 AM,John F. Kennedy International,New York,USA,14,9294
KL8615,KLM Royal Dutch Airlines,Amsterdam Airport Schiphol,Amsterdam,Netherlands,2:00 AM,Frankfurt Airport,Frankfurt,Germany,10,8095
SQ7065,Singapore Airlines,Changi,Singapore,Singapore,4:25 PM,Haneda,Tokyo,Japan,22,6968
UA4737,United Airlines,Los Angeles International,Los Angeles,USA,2:00 AM,San Francisco International,San Francisco,USA,14,7469
ET7440,Ethiopian Airlines,Bole International,Addis Ababa,Ethiopia,9:32 PM,Hamad International,Doha,Qatar,22,6094
QF8737,Qantas,Sydney Airport,Sydney,Australia,11:21 AM,Melbourne Airport,Melbourne,Australia,12,2121
LH2095,Lufthansa,Frankfurt Airport,Frankfurt,Germany,4:21 AM,Charles de Gaulle,Paris,France,7,2626
CX2556,Cathay Pacific,Hong Kong International,Hong Kong,China,7:49 AM,Changi,Singapore,Singapore,10,8921
IB1460,Iberia,Adolfo Suárez Madrid–Barajas,Madrid,Spain,1:38 PM,Charles de Gaulle,Paris,France,22,812
KE1190,Korean Air,Incheon International,Seoul,South Korea,7:22 AM,Haneda,Tokyo,Japan,20,6693
ET5802,Ethiopian Airlines,Bole International,Addis Ababa,Ethiopia,2:02 AM,Hamad International,Doha,Qatar,9,5017
KL5867,KLM Royal Dutch Airlines,Amsterdam Airport Schiphol,Amsterdam,Netherlands,8:08 PM,Frankfurt Airport,Frankfurt,Germany,3,5298
KE2644,Korean Air,Incheon International,Seoul,South Korea,1:23 AM,Beijing Capital International,Beijing,China,15,8516
UA9984,United Airlines,Los Angeles International,Los Angeles,USA,7:16 PM,San Francisco International,San Francisco,USA,1,1723
ET8782,Ethiopian Airlines,Bole International,Addis Ababa,Ethiopia,4:57 AM,Hamad International,Doha,Qatar,19,9080
SK5933,SAS Scandinavian,Copenhagen Airport,Copenhagen,Denmark,11:01 PM,Munich Airport,Munich,Germany,24,5682
NH9930,All Nippon Airways,Haneda,Tokyo,Japan,11:42 AM,Incheon International,Seoul,South Korea,11,9357
IB4821,Iberia,Adolfo Suárez Madrid–Barajas,Madrid,Spain,2:38 PM,Suvarnabhumi,Bangkok,Thailand,13,3742
LA7466,LATAM Airlines,São Paulo/Guarulhos International,São Paulo,Brazil,10:15 AM,Ministro Pistarini International,Buenos Aires,Argentina,19,8123
NH2176,All Nippon Airways,Haneda,Tokyo,Japan,11:48 AM,Incheon International,Seoul,South Korea,16,8647
QF5643,Qantas,Sydney Airport,Sydney,Australia,3:40 AM,Melbourne Airport,Melbourne,Australia,24,9433
KE4971,Korean Air,Incheon International,Seoul,South Korea,3:18 PM,Hong Kong International,Hong Kong,China,24,4259
AA6299,American Airlines,John F. Kennedy International,New York,USA,8:06 AM,Changi,Singapore,Singapore,6,1517
SQ7113,Singapore Airlines,Changi,Singapore,Singapore,7:05 PM,O'Hare International,Chicago,USA,17,477
LA9322,LATAM Airlines,São Paulo/Guarulhos International,São Paulo,Brazil,2:27 PM,Hartsfield-Jackson Atlanta,Atlanta,USA,22,1559
AA1107,American Airlines,John F. Kennedy International,New York,USA,10:11 PM,Hartsfield-Jackson Atlanta,Atlanta,USA,15,2068
SK5934,SAS Scandinavian,Copenhagen Airport,Copenhagen,Denmark,1:00 PM,Charles de Gaulle,Paris,France,3,8995
KL5452,KLM Royal Dutch Airlines,Amsterdam Airport Schiphol,Amsterdam,Netherlands,7:28 AM,Charles de Gaulle,Paris,France,3,5711
AZ7072,Alitalia,Leonardo da Vinci International,Rome,Italy,9:57 PM,Charles de Gaulle,Paris,France,8,5254
BA5126,British Airways,Heathrow,London,UK,4:23 AM,Charles de Gaulle,Paris,France,24,7160
SA8371,South African Airways,O.R. Tambo International,Johannesburg,South Africa,11:56 PM,Hamad International,Doha,Qatar,3,8392
SK2359,SAS Scandinavian,Copenhagen Airport,Copenhagen,Denmark,5:47 AM,Charles de Gaulle,Paris,France,11,4930
UA9030,United Airlines,Los Angeles International,Los Angeles,USA,8:35 PM,San Francisco International,San Francisco,USA,15,2539
AI4218,Air India,Indira Gandhi International,Delhi,India,11:46 AM,Chhatrapati Shivaji International,Mumbai,India,1,9998
ET7187,Ethiopian Airlines,Bole International,Addis Ababa,Ethiopia,5:26 PM,Hamad International,Doha,Qatar,10,1059
AA9409,American Airlines,John F. Kennedy International,New York,USA,1:36 AM,Hartsfield-Jackson Atlanta,Atlanta,USA,18,8782
ET1556,Ethiopian Airlines,Bole International,Addis Ababa,Ethiopia,5:12 PM,Adolfo Suárez Madrid–Barajas,Madrid,Spain,21,5170
NZ1348,Air New Zealand,Auckland Airport,Auckland,New Zealand,2:14 AM,Sydney Airport,Sydney,Australia,5,6271
DL8386,Delta Air Lines,John F. Kennedy International,New York,USA,3:12 AM,Hartsfield-Jackson Atlanta,Atlanta,USA,10,2168
AZ2051,Alitalia,Leonardo da Vinci International,Rome,Italy,6:23 PM,Charles de Gaulle,Paris,France,15,9597
KL8666,KLM Royal Dutch Airlines,Amsterdam Airport Schiphol,Amsterdam,Netherlands,5:37 AM,Charles de Gaulle,Paris,France,21,1949
WN8288,Southwest Airlines,Los Angeles International,Los Angeles,USA,9:25 PM,Vancouver International,Vancouver,Canada,21,9983
KE9708,Korean Air,Incheon International,Seoul,South Korea,3:27 PM,Kuala Lumpur International,Kuala Lumpur,Malaysia,7,2062
AI2188,Air India,Indira Gandhi International,Delhi,India,2:15 PM,Chhatrapati Shivaji International,Mumbai,India,3,6136
LH4128,Lufthansa,Frankfurt Airport,Frankfurt,Germany,3:10 AM,Charles de Gaulle,Paris,France,19,4111
NZ8955,Air New Zealand,Auckland Airport,Auckland,New Zealand,9:48 AM,Suvarnabhumi,Bangkok,Thailand,3,369
KL5867,KLM Royal Dutch Airlines,Amsterdam Airport Schiphol,Amsterdam,Netherlands,7:33 PM,Frankfurt Airport,Frankfurt,Germany,7,8654
SK4657,SAS Scandinavian,Copenhagen Airport,Copenhagen,Denmark,5:19 AM,Charles de Gaulle,Paris,France,24,1387
KL3616,KLM Royal Dutch Airlines,Amsterdam Airport Schiphol,Amsterdam,Netherlands,7:55 PM,Charles de Gaulle,Paris,France,7,6180
AM8176,Aeroméxico,Benito Juárez International,Mexico City,Mexico,4:54 PM,Los Angeles International,Los Angeles,USA,21,9676
SA8115,South African Airways,O.R. Tambo International,Johannesburg,South Africa,7:52 AM,Charles de Gaulle,Paris,France,6,3529
KE1926,Korean Air,Incheon International,Seoul,South Korea,10:52 AM,Haneda,Tokyo,Japan,4,8323
AZ3017,Alitalia,Leonardo da Vinci International,Rome,Italy,6:59 PM,Charles de Gaulle,Paris,France,24,6340
EK4479,Emirates,Dubai International,Dubai,UAE,2:45 PM,Hamad International,Doha,Qatar,8,7261
LH6429,Lufthansa,Frankfurt Airport,Frankfurt,Germany,7:10 PM,Incheon International,Seoul,South Korea,20,7679
AZ1329,Alitalia,Leonardo da Vinci International,Rome,Italy,7:40 PM,Charles de Gaulle,Paris,France,2,8509
ET1908,Ethiopian Airlines,Bole International,Addis Ababa,Ethiopia,9:30 PM,Charles de Gaulle,Paris,France,24,5570
BA3369,British Airways,Heathrow,London,UK,4:58 PM,Charles de Gaulle,Paris,France,15,6091
NZ2113,Air New Zealand,Auckland Airport,Auckland,New Zealand,2:09 PM,Sydney Airport,Sydney,Australia,8,4430
CX1720,Cathay Pacific,Hong Kong International,Hong Kong,China,8:51 AM,Changi,Singapore,Singapore,6,6484
DL8058,Delta Air Lines,John F. Kennedy International,New York,USA,7:00 AM,Hartsfield-Jackson Atlanta,Atlanta,USA,18,5791
AA8666,American Airlines,John F. Kennedy International,New York,USA,12:16 AM,Hartsfield-Jackson Atlanta,Atlanta,USA,3,921
AC3846,Air Canada,Toronto Pearson,Toronto,Canada,10:52 AM,Auckland Airport,Auckland,New Zealand,21,6526
IB2817,Iberia,Adolfo Suárez Madrid–Barajas,Madrid,Spain,8:39 AM,Arturo Merino Benítez International,Santiago,Chile,23,6747
NH8979,All Nippon Airways,Haneda,Tokyo,Japan,7:53 PM,Sydney Airport,Sydney,Australia,20,6203
QR3382,Qatar Airways,Hamad International,Doha,Qatar,8:38 PM,Bole International,Addis Ababa,Ethiopia,2,2555
SA8756,South African Airways,O.R. Tambo International,Johannesburg,South Africa,6:52 AM,Charles de Gaulle,Paris,France,3,4234
CX3624,Cathay Pacific,Hong Kong International,Hong Kong,China,12:40 PM,Changi,Singapore,Singapore,2,5661
ET8283,Ethiopian Airlines,Bole International,Addis Ababa,Ethiopia,3:29 AM,Vienna International,Vienna,Austria,10,8784
NH9241,All Nippon Airways,Haneda,Tokyo,Japan,11:27 PM,Changi,Singapore,Singapore,24,2956
AM2576,Aeroméxico,Benito Juárez International,Mexico City,Mexico,12:13 AM,O'Hare International,Chicago,USA,3,2201
WN4159,Southwest Airlines,Los Angeles International,Los Angeles,USA,10:13 AM,San Francisco International,San Francisco,USA,11,4510
AC3884,Air Canada,Toronto Pearson,Toronto,Canada,4:02 PM,John F. Kennedy International,New York,USA,11,758
AI2682,Air India,Indira Gandhi International,Delhi,India,1:44 PM,Chhatrapati Shivaji International,Mumbai,India,16,6017
AC2998,Air Canada,Toronto Pearson,Toronto,Canada,5:49 AM,Miami International,Miami,USA,11,2693
AC5311,Air Canada,Toronto Pearson,Toronto,Canada,1:24 AM,John F. Kennedy International,New York,USA,7,3661
AI3768,Air India,Indira Gandhi International,Delhi,India,7:55 AM,Hamad International,Doha,Qatar,3,2823
SA3265,South African Airways,O.R. Tambo International,Johannesburg,South Africa,8:11 PM,Charles de Gaulle,Paris,France,7,335
QR3194,Qatar Airways,Hamad International,Doha,Qatar,10:09 AM,Bole International,Addis Ababa,Ethiopia,20,432
AV2551,Avianca,El Dorado International,Bogotá,Colombia,2:26 PM,Dallas/Fort Worth International,Dallas,USA,9,3785
BA9701,British Airways,Heathrow,London,UK,4:11 PM,Charles de Gaulle,Paris,France,2,3507
EK8320,Emirates,Dubai International,Dubai,UAE,2:01 PM,Hamad International,Doha,Qatar,17,1004
LH8760,Lufthansa,Frankfurt Airport,Frankfurt,Germany,7:35 AM,Charles de Gaulle,Paris,France,8,3315
EK1320,Emirates,Dubai International,Dubai,UAE,9:23 AM,Hamad International,Doha,Qatar,16,5850
AA7550,American Airlines,John F. Kennedy International,New York,USA,2:02 PM,Hartsfield-Jackson Atlanta,Atlanta,USA,10,3914
KL7456,KLM Royal Dutch Airlines,Amsterdam Airport Schiphol,Amsterdam,Netherlands,11:09 PM,Charles de Gaulle,Paris,France,16,3756
SA7375,South African Airways,O.R. Tambo International,Johannesburg,South Africa,11:42 PM,Charles de Gaulle,Paris,France,12,5445
IB3960,Iberia,Adolfo Suárez Madrid–Barajas,Madrid,Spain,5:09 PM,Charles de Gaulle,Paris,France,19,6249
QR9747,Qatar Airways,Hamad International,Doha,Qatar,1:17 PM,Bole International,Addis Ababa,Ethiopia,7,6858
ET7092,Ethiopian Airlines,Bole International,Addis Ababa,Ethiopia,1:35 PM,Hamad International,Doha,Qatar,3,4169
KE4587,Korean Air,Incheon International,Seoul,South Korea,11:32 PM,Haneda,Tokyo,Japan,9,9405
AC6753,Air Canada,Toronto Pearson,Toronto,Canada,11:09 PM,John F. Kennedy International,New York,USA,8,3464
NZ3523,Air New Zealand,Auckland Airport,Auckland,New Zealand,1:15 PM,Sydney Airport,Sydney,Australia,16,8160
AZ9140,Alitalia,Leonardo da Vinci International,Rome,Italy,6:59 PM,Frankfurt Airport,Frankfurt,Germany,20,1373
AV3374,Avianca,El Dorado International,Bogotá,Colombia,11:15 PM,O'Hare International,Chicago,USA,12,3632
DL4294,Delta Air Lines,John F. Kennedy International,New York,USA,12:21 PM,Hartsfield-Jackson Atlanta,Atlanta,USA,14,6376
LA6064,LATAM Airlines,São Paulo/Guarulhos International,São Paulo,Brazil,10:32 PM,Miami International,Miami,USA,22,8735
KE1926,Korean Air,Incheon International,Seoul,South Korea,8:56 PM,Haneda,Tokyo,Japan,7,2781
EK8570,Emirates,Dubai International,Dubai,UAE,10:58 PM,Hamad International,Doha,Qatar,21,6037
LA7781,LATAM Airlines,São Paulo/Guarulhos International,São Paulo,Brazil,4:31 AM,Ministro Pistarini International,Buenos Aires,Argentina,8,6368
DL7030,Delta Air Lines,John F. Kennedy International,New York,USA,1:04 AM,Hartsfield-Jackson Atlanta,Atlanta,USA,24,1100
DL8128,Delta Air Lines,John F. Kennedy International,New York,USA,12:28 PM,Hartsfield-Jackson Atlanta,Atlanta,USA,20,1782
QF2751,Qantas,Sydney Airport,Sydney,Australia,6:56 PM,Melbourne Airport,Melbourne,Australia,7,2967
AF7307,Air France,Charles de Gaulle,Paris,France,3:38 AM,Frankfurt Airport,Frankfurt,Germany,22,2124
AV8581,Avianca,El Dorado International,Bogotá,Colombia,11:09 PM,O'Hare International,Chicago,USA,13,1774
TG8329,Thai Airways,Suvarnabhumi,Bangkok,Thailand,3:03 PM,Changi,Singapore,Singapore,18,2740
NH7569,All Nippon Airways,Haneda,Tokyo,Japan,6:49 PM,Incheon International,Seoul,South Korea,19,8108
SQ4603,Singapore Airlines,Changi,Singapore,Singapore,9:03 PM,Beijing Capital International,Beijing,China,21,1349
LH5700,Lufthansa,Frankfurt Airport,Frankfurt,Germany,3:48 AM,Charles de Gaulle,Paris,France,10,5762
ET8839,Ethiopian Airlines,Bole International,Addis Ababa,Ethiopia,10:47 AM,Adolfo Suárez Madrid–Barajas,Madrid,Spain,3,5460
AA7764,American Airlines,John F. Kennedy International,New York,USA,11:28 AM,Heathrow,London,UK,10,3965
SK2916,SAS Scandinavian,Copenhagen Airport,Copenhagen,Denmark,12:02 AM,Charles de Gaulle,Paris,France,2,3320
LH6949,Lufthansa,Frankfurt Airport,Frankfurt,Germany,10:08 PM,Charles de Gaulle,Paris,France,9,107
AI1800,Air India,Indira Gandhi International,Delhi,India,1:55 PM,Chhatrapati Shivaji International,Mumbai,India,23,4151
AZ1940,Alitalia,Leonardo da Vinci International,Rome,Italy,9:49 PM,Charles de Gaulle,Paris,France,18,1158
AZ8084,Alitalia,Leonardo da Vinci International,Rome,Italy,3:11 AM,Charles de Gaulle,Paris,France,21,7029
NZ5165,Air New Zealand,Auckland Airport,Auckland,New Zealand,5:31 AM,Sydney Airport,Sydney,Australia,19,7690
AI6621,Air India,Indira Gandhi International,Delhi,India,2:23 PM,Chhatrapati Shivaji International,Mumbai,India,9,1381
NZ2284,Air New Zealand,Auckland Airport,Auckland,New Zealand,5:47 AM,Sydney Airport,Sydney,Australia,11,8356
ET7859,Ethiopian Airlines,Bole International,Addis Ababa,Ethiopia,11:58 PM,Hamad International,Doha,Qatar,1,7990
KE8507,Korean Air,Incheon International,Seoul,South Korea,9:37 PM,Haneda,Tokyo,Japan,5,7922
IB1305,Iberia,Adolfo Suárez Madrid–Barajas,Madrid,Spain,11:47 PM,Charles de Gaulle,Paris,France,14,9680
BA3604,British Airways,Heathrow,London,UK,9:20 PM,Denver International,Denver,USA,9,4703
AV9918,Avianca,El Dorado International,Bogotá,Colombia,11:17 AM,Los Angeles International,Los Angeles,USA,4,778
SA5934,South African Airways,O.R. Tambo International,Johannesburg,South Africa,11:08 PM,Charles de Gaulle,Paris,France,13,8944
SK7017,SAS Scandinavian,Copenhagen Airport,Copenhagen,Denmark,7:45 AM,Charles de Gaulle,Paris,France,20,4010
ET6593,Ethiopian Airlines,Bole International,Addis Ababa,Ethiopia,10:33 PM,Changi,Singapore,Singapore,19,8203
DL7030,Delta Air Lines,John F. Kennedy International,New York,USA,5:45 PM,Hartsfield-Jackson Atlanta,Atlanta,USA,7,3862
AF4017,Air France,Charles de Gaulle,Paris,France,5:45 PM,Frankfurt Airport,Frankfurt,Germany,6,162
KL4907,KLM Royal Dutch Airlines,Amsterdam Airport Schiphol,Amsterdam,Netherlands,12:12 PM,Frankfurt Airport,Frankfurt,Germany,7,3659
NZ5969,Air New Zealand,Auckland Airport,Auckland,New Zealand,10:15 AM,Sydney Airport,Sydney,Australia,10,2520
TG7193,Thai Airways,Suvarnabhumi,Bangkok,Thailand,7:03 AM,Changi,Singapore,Singapore,10,9531
AA8500,American Airlines,John F. Kennedy International,New York,USA,7:20 PM,Hartsfield-Jackson Atlanta,Atlanta,USA,13,4149
TG4764,Thai Airways,Suvarnabhumi,Bangkok,Thailand,8:19 PM,Changi,Singapore,Singapore,2,8391
ET5945,Ethiopian Airlines,Bole International,Addis Ababa,Ethiopia,2:16 PM,Hamad International,Doha,Qatar,2,1449
AZ2999,Alitalia,Leonardo da Vinci International,Rome,Italy,10:26 PM,Charles de Gaulle,Paris,France,4,4718
AM3793,Aeroméxico,Benito Juárez International,Mexico City,Mexico,4:58 AM,O'Hare International,Chicago,USA,13,1351
QR6001,Qatar Airways,Hamad International,Doha,Qatar,12:36 PM,Bole International,Addis Ababa,Ethiopia,16,3285
AC2119,Air Canada,Toronto Pearson,Toronto,Canada,11:23 PM,John F. Kennedy International,New York,USA,1,8158
AF1830,Air France,Charles de Gaulle,Paris,France,7:27 PM,Frankfurt Airport,Frankfurt,Germany,20,8579
WN2925,Southwest Airlines,Los Angeles International,Los Angeles,USA,9:16 PM,San Francisco International,San Francisco,USA,19,2598
LH8277,Lufthansa,Frankfurt Airport,Frankfurt,Germany,5:28 PM,San Francisco International,San Francisco,USA,19,7310
BA3006,British Airways,Heathrow,London,UK,6:22 PM,Charles de Gaulle,Paris,France,5,7784
SQ4035,Singapore Airlines,Changi,Singapore,Singapore,12:45 AM,Beijing Capital International,Beijing,China,17,8714
BA4592,British Airways,Heathrow,London,UK,10:15 AM,Stockholm Arlanda,Stockholm,Sweden,10,9647
SA7016,South African Airways,O.R. Tambo International,Johannesburg,South Africa,2:22 AM,Arturo Merino Benítez International,Santiago,Chile,10,9738
SK6738,SAS Scandinavian,Copenhagen Airport,Copenhagen,Denmark,9:50 AM,Charles de Gaulle,Paris,France,21,1557
KL5034,KLM Royal Dutch Airlines,Amsterdam Airport Schiphol,Amsterdam,Netherlands,3:46 PM,Auckland Airport,Auckland,New Zealand,6,9684
AZ7452,Alitalia,Leonardo da Vinci International,Rome,Italy,11:44 PM,Frankfurt Airport,Frankfurt,Germany,8,9110
SQ5883,Singapore Airlines,Changi,Singapore,Singapore,9:33 PM,Beijing Capital International,Beijing,China,9,634
ET5950,Ethiopian Airlines,Bole International,Addis Ababa,Ethiopia,6:50 AM,Frankfurt Airport,Frankfurt,Germany,16,1908
SK6873,SAS Scandinavian,Copenhagen Airport,Copenhagen,Denmark,6:25 PM,Melbourne Airport,Melbourne,Australia,22,1194
SK7367,SAS Scandinavian,Copenhagen Airport,Copenhagen,Denmark,10:57 PM,Charles de Gaulle,Paris,France,12,4038
QF2853,Qantas,Sydney Airport,Sydney,Australia,6:22 PM,Vienna International,Vienna,Austria,22,3521
NZ4231,Air New Zealand,Auckland Airport,Auckland,New Zealand,9:35 AM,Sydney Airport,Sydney,Australia,16,2796
SA9162,South African Airways,O.R. Tambo International,Johannesburg,South Africa,2:32 AM,Charles de Gaulle,Paris,France,19,9555
KE2815,Korean Air,Incheon International,Seoul,South Korea,1:11 AM,Haneda,Tokyo,Japan,16,897
SA8759,South African Airways,O.R. Tambo International,Johannesburg,South Africa,4:29 AM,Charles de Gaulle,Paris,France,19,4855
AV4168,Avianca,El Dorado International,Bogotá,Colombia,11:12 AM,O'Hare International,Chicago,USA,10,3723
AV2826,Avianca,El Dorado International,Bogotá,Colombia,10:55 AM,O'Hare International,Chicago,USA,15,8869
UA1033,United Airlines,Los Angeles International,Los Angeles,USA,12:52 AM,San Francisco International,San Francisco,USA,11,5029
QF5613,Qantas,Sydney Airport,Sydney,Australia,12:22 PM,Melbourne Airport,Melbourne,Australia,24,2830
NH7554,All Nippon Airways,Haneda,Tokyo,Japan,3:09 AM,Incheon International,Seoul,South Korea,22,4166
AA3153,American Airlines,John F. Kennedy International,New York,USA,3:57 PM,Hartsfield-Jackson Atlanta,Atlanta,USA,2,9957
BA1708,British Airways,Heathrow,London,UK,11:20 PM,Charles de Gaulle,Paris,France,21,9556
QF5081,Qantas,Sydney Airport,Sydney,Australia,8:45 PM,Melbourne Airport,Melbourne,Australia,24,992
EK1553,Emirates,Dubai International,Dubai,UAE,4:50 AM,Hamad International,Doha,Qatar,21,1266
AF2026,Air France,Charles de Gaulle,Paris,France,2:38 AM,Frankfurt Airport,Frankfurt,Germany,3,9100
AV2942,Avianca,El Dorado International,Bogotá,Colombia,11:57 PM,Benito Juárez International,Mexico City,Mexico,19,9361
QR4220,Qatar Airways,Hamad International,Doha,Qatar,10:54 PM,Bole International,Addis Ababa,Ethiopia,23,5547
WN2849,Southwest Airlines,Los Angeles International,Los Angeles,USA,3:46 AM,O'Hare International,Chicago,USA,20,1345
KL3008,KLM Royal Dutch Airlines,Amsterdam Airport Schiphol,Amsterdam,Netherlands,9:43 PM,Charles de Gaulle,Paris,France,12,2030
AA7634,American Airlines,John F. Kennedy International,New York,USA,8:28 AM,Hartsfield-Jackson Atlanta,Atlanta,USA,20,7913
UA7147,United Airlines,Los Angeles International,Los Angeles,USA,7:52 PM,San Francisco International,San Francisco,USA,7,4227
ET6876,Ethiopian Airlines,Bole International,Addis Ababa,Ethiopia,5:51 AM,Hamad International,Doha,Qatar,12,4291
AV5552,Avianca,El Dorado International,Bogotá,Colombia,11:46 PM,O'Hare International,Chicago,USA,9,1832
WN5147,Southwest Airlines,Los Angeles International,Los Angeles,USA,2:18 PM,San Francisco International,San Francisco,USA,6,4484
AF9595,Air France,Charles de Gaulle,Paris,France,8:19 AM,Frankfurt Airport,Frankfurt,Germany,21,2052
WN3921,Southwest Airlines,Los Angeles International,Los Angeles,USA,10:52 PM,San Francisco International,San Francisco,USA,9,4542
QF6330,Qantas,Sydney Airport,Sydney,Australia,6:59 AM,Melbourne Airport,Melbourne,Australia,4,4058
AZ4289,Alitalia,Leonardo da Vinci International,Rome,Italy,5:40 PM,Charles de Gaulle,Paris,France,18,9688
NH9186,All Nippon Airways,Haneda,Tokyo,Japan,6:27 PM,Incheon International,Seoul,South Korea,2,5686
AC1283,Air Canada,Toronto Pearson,Toronto,Canada,8:36 AM,John F. Kennedy International,New York,USA,12,3183
QF4778,Qantas,Sydney Airport,Sydney,Australia,9:45 PM,Melbourne Airport,Melbourne,Australia,11,7909
AZ5490,Alitalia,Leonardo da Vinci International,Rome,Italy,9:00 PM,Charles de Gaulle,Paris,France,11,8373
SK9931,SAS Scandinavian,Copenhagen Airport,Copenhagen,Denmark,8:31 AM,Charles de Gaulle,Paris,France,21,2956
AZ3803,Alitalia,Leonardo da Vinci International,Rome,Italy,12:01 PM,Charles de Gaulle,Paris,France,8,6221
AI8824,Air India,Indira Gandhi International,Delhi,India,4:13 PM,Chhatrapati Shivaji International,Mumbai,India,19,5054
SK4118,SAS Scandinavian,Copenhagen Airport,Copenhagen,Denmark,3:37 PM,Charles de Gaulle,Paris,France,8,5900
AV9376,Avianca,El Dorado International,Bogotá,Colombia,5:05 PM,O'Hare International,Chicago,USA,3,9873
AM6207,Aeroméxico,Benito Juárez International,Mexico City,Mexico,2:56 PM,Incheon International,Seoul,South Korea,18,4316
SK7829,SAS Scandinavian,Copenhagen Airport,Copenhagen,Denmark,12:36 AM,Charles de Gaulle,Paris,France,16,2828
AZ9379,Alitalia,Leonardo da Vinci International,Rome,Italy,11:59 AM,Charles de Gaulle,Paris,France,19,8868
NZ1689,Air New Zealand,Auckland Airport,Auckland,New Zealand,2:03 PM,Denver International,Denver,USA,8,2910
AI1923,Air India,Indira Gandhi International,Delhi,India,5:19 PM,Chhatrapati Shivaji International,Mumbai,India,23,4068
AI6017,Air India,Indira Gandhi International,Delhi,India,12:58 AM,Chhatrapati Shivaji International,Mumbai,India,11,5715
UA6060,United Airlines,Los Angeles International,Los Angeles,USA,7:44 AM,San Francisco International,San Francisco,USA,14,2431
AV3620,Avianca,El Dorado International,Bogotá,Colombia,10:15 PM,Toronto Pearson,Toronto,Canada,21,1355
QF9921,Qantas,Sydney Airport,Sydney,Australia,2:11 PM,Melbourne Airport,Melbourne,Australia,20,4477
SA7221,South African Airways,O.R. Tambo International,Johannesburg,South Africa,3:07 AM,Jomo Kenyatta International,Nairobi,Kenya,23,6166
AA8220,American Airlines,John F. Kennedy International,New York,USA,1:36 AM,Hartsfield-Jackson Atlanta,Atlanta,USA,12,8151
AI8807,Air India,Indira Gandhi International,Delhi,India,3:48 PM,Chhatrapati Shivaji International,Mumbai,India,4,4318
DL3421,Delta Air Lines,John F. Kennedy International,New York,USA,12:49 PM,Hartsfield-Jackson Atlanta,Atlanta,USA,2,1689
LA4985,LATAM Airlines,São Paulo/Guarulhos International,São Paulo,Brazil,3:40 PM,Miami International,Miami,USA,21,5375
ET1547,Ethiopian Airlines,Bole International,Addis Ababa,Ethiopia,4:10 AM,Hamad International,Doha,Qatar,21,4676
QR9685,Qatar Airways,Hamad International,Doha,Qatar,2:50 PM,Charles de Gaulle,Paris,France,5,4714
AZ7021,Alitalia,Leonardo da Vinci International,Rome,Italy,5:09 PM,Charles de Gaulle,Paris,France,10,205
ET9985,Ethiopian Airlines,Bole International,Addis Ababa,Ethiopia,6:42 AM,Hamad International,Doha,Qatar,11,2143
WN4957,Southwest Airlines,Los Angeles International,Los Angeles,USA,3:46 AM,San Francisco International,San Francisco,USA,10,465
AF4902,Air France,Charles de Gaulle,Paris,France,7:55 PM,Frankfurt Airport,Frankfurt,Germany,8,7100
DL2308,Delta Air Lines,John F. Kennedy International,New York,USA,2:08 PM,Hartsfield-Jackson Atlanta,Atlanta,USA,16,7184
LA5144,LATAM Airlines,São Paulo/Guarulhos International,São Paulo,Brazil,3:15 PM,Jomo Kenyatta International,Nairobi,Kenya,13,1033
KE6156,Korean Air,Incheon International,Seoul,South Korea,1:40 AM,Changi,Singapore,Singapore,13,2100
KL5155,KLM Royal Dutch Airlines,Amsterdam Airport Schiphol,Amsterdam,Netherlands,7:48 AM,Charles de Gaulle,Paris,France,19,5632
NZ6947,Air New Zealand,Auckland Airport,Auckland,New Zealand,9:53 PM,Sydney Airport,Sydney,Australia,16,5911
IB2065,Iberia,Adolfo Suárez Madrid–Barajas,Madrid,Spain,9:53 PM,Cape Town International,Cape Town,South Africa,5,8851
KE1276,Korean Air,Incheon International,Seoul,South Korea,4:36 PM,Haneda,Tokyo,Japan,10,7770
SK7335,SAS Scandinavian,Copenhagen Airport,Copenhagen,Denmark,8:39 AM,Charles de Gaulle,Paris,France,6,9392
AA6647,American Airlines,John F. Kennedy International,New York,USA,6:03 PM,O'Hare International,Chicago,USA,8,894
AF7593,Air France,Charles de Gaulle,Paris,France,4:23 AM,Frankfurt Airport,Frankfurt,Germany,21,3326
AA7975,American Airlines,John F. Kennedy International,New York,USA,3:55 PM,Hartsfield-Jackson Atlanta,Atlanta,USA,23,5029
AM9388,Aeroméxico,Benito Juárez International,Mexico City,Mexico,6:11 PM,O'Hare International,Chicago,USA,16,7107
LH4956,Lufthansa,Frankfurt Airport,Frankfurt,Germany,12:03 AM,Stockholm Arlanda,Stockholm,Sweden,19,1084
KE1593,Korean Air,Incheon International,Seoul,South Korea,9:22 AM,Haneda,Tokyo,Japan,11,2781
QF8236,Qantas,Sydney Airport,Sydney,Australia,7:38 AM,Melbourne Airport,Melbourne,Australia,11,4239
AM6788,Aeroméxico,Benito Juárez International,Mexico City,Mexico,1:24 PM,Hartsfield-Jackson Atlanta,Atlanta,USA,4,987
QF8693,Qantas,Sydney Airport,Sydney,Australia,6:14 AM,Melbourne Airport,Melbourne,Australia,14,6661
DL5304,Delta Air Lines,John F. Kennedy International,New York,USA,4:02 AM,Indira Gandhi International,Delhi,India,4,4456
AI3823,Air India,Indira Gandhi International,Delhi,India,10:52 PM,Chhatrapati Shivaji International,Mumbai,India,11,8016
AF5854,Air France,Charles de Gaulle,Paris,France,8:12 PM,Frankfurt Airport,Frankfurt,Germany,11,8325
AM5384,Aeroméxico,Benito Juárez International,Mexico City,Mexico,4:07 PM,O'Hare International,Chicago,USA,3,5563
KL5385,KLM Royal Dutch Airlines,Amsterdam Airport Schiphol,Amsterdam,Netherlands,3:29 AM,Charles de Gaulle,Paris,France,2,8938
AV2122,Avianca,El Dorado International,Bogotá,Colombia,10:17 AM,O'Hare International,Chicago,USA,18,1973
ET3891,Ethiopian Airlines,Bole International,Addis Ababa,Ethiopia,2:04 PM,Miami International,Miami,USA,24,3415
NZ2165,Air New Zealand,Auckland Airport,Auckland,New Zealand,7:44 AM,Sydney Airport,Sydney,Australia,7,3574
NZ6776,Air New Zealand,Auckland Airport,Auckland,New Zealand,12:43 AM,Sydney Airport,Sydney,Australia,19,8334
AC4523,Air Canada,Toronto Pearson,Toronto,Canada,2:05 AM,John F. Kennedy International,New York,USA,10,4483
AI1298,Air India,Indira Gandhi International,Delhi,India,1:35 AM,Chhatrapati Shivaji International,Mumbai,India,15,4154
ET1231,Ethiopian Airlines,Bole International,Addis Ababa,Ethiopia,7:02 AM,Hamad International,Doha,Qatar,17,1972
KL5672,KLM Royal Dutch Airlines,Amsterdam Airport Schiphol,Amsterdam,Netherlands,1:46 PM,Charles de Gaulle,Paris,France,12,7378
EK2641,Emirates,Dubai International,Dubai,UAE,9:53 AM,Hamad International,Doha,Qatar,9,8239
AI4783,Air India,Indira Gandhi International,Delhi,India,2:41 AM,Chhatrapati Shivaji International,Mumbai,India,23,6748
AA9066,American Airlines,John F. Kennedy International,New York,USA,5:51 AM,Hartsfield-Jackson Atlanta,Atlanta,USA,12,9950
KE2503,Korean Air,Incheon International,Seoul,South Korea,2:33 AM,Haneda,Tokyo,Japan,10,7441
SK9378,SAS Scandinavian,Copenhagen Airport,Copenhagen,Denmark,11:07 PM,Charles de Gaulle,Paris,France,6,9027
NZ3584,Air New Zealand,Auckland Airport,Auckland,New Zealand,2:43 AM,Sydney Airport,Sydney,Australia,6,9672
BA2361,British Airways,Heathrow,London,UK,9:35 AM,Charles de Gaulle,Paris,France,2,2410
WN1647,Southwest Airlines,Los Angeles International,Los Angeles,USA,7:45 AM,San Francisco International,San Francisco,USA,21,7397
KE7948,Korean Air,Incheon International,Seoul,South Korea,6:42 AM,Haneda,Tokyo,Japan,9,2941
EK5091,Emirates,Dubai International,Dubai,UAE,7:04 AM,Hamad International,Doha,Qatar,24,5203
QF7414,Qantas,Sydney Airport,Sydney,Australia,1:29 AM,Beijing Capital International,Beijing,China,22,4477
QF8415,Qantas,Sydney Airport,Sydney,Australia,5:45 PM,Haneda,Tokyo,Japan,6,7458
SA4429,South African Airways,O.R. Tambo International,Johannesburg,South Africa,11:40 AM,Charles de Gaulle,Paris,France,22,1390
LA3448,LATAM Airlines,São Paulo/Guarulhos International,São Paulo,Brazil,12:47 AM,Ministro Pistarini International,Buenos Aires,Argentina,10,7070
KL5867,KLM Royal Dutch Airlines,Amsterdam Airport Schiphol,Amsterdam,Netherlands,12:28 AM,Frankfurt Airport,Frankfurt,Germany,24,3741
IB9744,Iberia,Adolfo Suárez Madrid–Barajas,Madrid,Spain,6:00 PM,Charles de Gaulle,Paris,France,17,3022
AM9674,Aeroméxico,Benito Juárez International,Mexico City,Mexico,7:18 PM,O'Hare International,Chicago,USA,11,5692
QR9258,Qatar Airways,Hamad International,Doha,Qatar,1:44 AM,Frankfurt Airport,Frankfurt,Germany,20,3171
SA5364,South African Airways,O.R. Tambo International,Johannesburg,South Africa,1:42 AM,Charles de Gaulle,Paris,France,12,2853
DL3595,Delta Air Lines,John F. Kennedy International,New York,USA,3:53 AM,Hartsfield-Jackson Atlanta,Atlanta,USA,4,7668
IB9934,Iberia,Adolfo Suárez Madrid–Barajas,Madrid,Spain,9:51 PM,Charles de Gaulle,Paris,France,23,3247
LA7114,LATAM Airlines,São Paulo/Guarulhos International,São Paulo,Brazil,5:05 PM,Ministro Pistarini International,Buenos Aires,Argentina,12,6133
SQ6943,Singapore Airlines,Changi,Singapore,Singapore,10:04 PM,Beijing Capital International,Beijing,China,10,221
SQ9635,Singapore Airlines,Changi,Singapore,Singapore,2:45 AM,Beijing Capital International,Beijing,China,10,8574
EK8169,Emirates,Dubai International,Dubai,UAE,4:14 PM,Hamad International,Doha,Qatar,23,3484
SQ9316,Singapore Airlines,Changi,Singapore,Singapore,10:46 PM,Beijing Capital International,Beijing,China,7,2497
QR6001,Qatar Airways,Hamad International,Doha,Qatar,1:27 PM,Bole International,Addis Ababa,Ethiopia,8,3484
TG3301,Thai Airways,Suvarnabhumi,Bangkok,Thailand,5:02 AM,Changi,Singapore,Singapore,8,3896
QR2224,Qatar Airways,Hamad International,Doha,Qatar,9:47 AM,Bole International,Addis Ababa,Ethiopia,10,5096
ET8283,Ethiopian Airlines,Bole International,Addis Ababa,Ethiopia,6:53 PM,Vienna International,Vienna,Austria,22,9201
AZ5907,Alitalia,Leonardo da Vinci International,Rome,Italy,3:46 AM,Charles de Gaulle,Paris,France,16,6965
KL9281,KLM Royal Dutch Airlines,Amsterdam Airport Schiphol,Amsterdam,Netherlands,1:48 AM,Charles de Gaulle,Paris,France,5,9632
KE7383,Korean Air,Incheon International,Seoul,South Korea,12:37 PM,Chhatrapati Shivaji International,Mumbai,India,5,8762
CX1065,Cathay Pacific,Hong Kong International,Hong Kong,China,9:50 PM,Sydney Airport,Sydney,Australia,15,1941
AI8540,Air India,Indira Gandhi International,Delhi,India,11:27 AM,Chhatrapati Shivaji International,Mumbai,India,11,1548
KL1912,KLM Royal Dutch Airlines,Amsterdam Airport Schiphol,Amsterdam,Netherlands,4:49 PM,Charles de Gaulle,Paris,France,20,5034
AI9127,Air India,Indira Gandhi International,Delhi,India,6:07 AM,Chhatrapati Shivaji International,Mumbai,India,5,9704
UA8923,United Airlines,Los Angeles International,Los Angeles,USA,9:00 PM,San Francisco International,San Francisco,USA,23,396
KE2298,Korean Air,Incheon International,Seoul,South Korea,10:18 PM,Chhatrapati Shivaji International,Mumbai,India,4,5142
AZ5490,Alitalia,Leonardo da Vinci International,Rome,Italy,11:37 PM,Charles de Gaulle,Paris,France,8,306
TG7268,Thai Airways,Suvarnabhumi,Bangkok,Thailand,6:21 PM,Sydney Airport,Sydney,Australia,14,4461
UA9240,United Airlines,Los Angeles International,Los Angeles,USA,1:57 AM,Adolfo Suárez Madrid–Barajas,Madrid,Spain,5,4469
QR5361,Qatar Airways,Hamad International,Doha,Qatar,12:58 AM,Jomo Kenyatta International,Nairobi,Kenya,13,4333
SK5197,SAS Scandinavian,Copenhagen Airport,Copenhagen,Denmark,2:25 PM,Vienna International,Vienna,Austria,1,2843
AM1388,Aeroméxico,Benito Juárez International,Mexico City,Mexico,1:30 AM,O'Hare International,Chicago,USA,4,1258
ET5945,Ethiopian Airlines,Bole International,Addis Ababa,Ethiopia,5:30 PM,Hamad International,Doha,Qatar,24,8487
LA3165,LATAM Airlines,São Paulo/Guarulhos International,São Paulo,Brazil,4:13 PM,Ministro Pistarini International,Buenos Aires,Argentina,4,8645
KL5385,KLM Royal Dutch Airlines,Amsterdam Airport Schiphol,Amsterdam,Netherlands,6:33 PM,Charles de Gaulle,Paris,France,1,9371
QR2866,Qatar Airways,Hamad International,Doha,Qatar,11:30 AM,Bole International,Addis Ababa,Ethiopia,4,6586
SQ6592,Singapore Airlines,Changi,Singapore,Singapore,1:17 PM,Incheon International,Seoul,South Korea,24,7463
BA5073,British Airways,Heathrow,London,UK,5:17 PM,Charles de Gaulle,Paris,France,2,1574
LA4827,LATAM Airlines,São Paulo/Guarulhos International,São Paulo,Brazil,4:59 PM,Frankfurt Airport,Frankfurt,Germany,7,7434
EK5040,Emirates,Dubai International,Dubai,UAE,6:25 AM,Hamad International,Doha,Qatar,11,2397
QF6834,Qantas,Sydney Airport,Sydney,Australia,10:14 AM,Hong Kong International,Hong Kong,China,2,4604
KE3851,Korean Air,Incheon International,Seoul,South Korea,1:19 AM,Cairo International,Cairo,Egypt,11,960
NZ2874,Air New Zealand,Auckland Airport,Auckland,New Zealand,5:03 PM,Sydney Airport,Sydney,Australia,1,271
QF8775,Qantas,Sydney Airport,Sydney,Australia,7:49 PM,Haneda,Tokyo,Japan,18,8133
SQ7171,Singapore Airlines,Changi,Singapore,Singapore,11:43 PM,Beijing Capital International,Beijing,China,14,6592
LH3418,Lufthansa,Frankfurt Airport,Frankfurt,Germany,12:50 PM,Charles de Gaulle,Paris,France,17,5781
SQ8523,Singapore Airlines,Changi,Singapore,Singapore,1:26 PM,Kuala Lumpur International,Kuala Lumpur,Malaysia,21,9843
AA2814,American Airlines,John F. Kennedy International,New York,USA,6:15 PM,Benito Juárez International,Mexico City,Mexico,7,5850
AA7925,American Airlines,John F. Kennedy International,New York,USA,8:49 PM,Hartsfield-Jackson Atlanta,Atlanta,USA,4,1380
NZ2873,Air New Zealand,Auckland Airport,Auckland,New Zealand,6:06 PM,Melbourne Airport,Melbourne,Australia,19,3964
AC6293,Air Canada,Toronto Pearson,Toronto,Canada,2:07 PM,John F. Kennedy International,New York,USA,13,3945
IB8898,Iberia,Adolfo Suárez Madrid–Barajas,Madrid,Spain,12:10 AM,Charles de Gaulle,Paris,France,11,6419
SK7231,SAS Scandinavian,Copenhagen Airport,Copenhagen,Denmark,10:16 AM,Charles de Gaulle,Paris,France,10,8769
AI6387,Air India,Indira Gandhi International,Delhi,India,1:44 PM,Chhatrapati Shivaji International,Mumbai,India,18,3413
IB4790,Iberia,Adolfo Suárez Madrid–Barajas,Madrid,Spain,3:50 AM,Charles de Gaulle,Paris,France,6,5308
KL9667,KLM Royal Dutch Airlines,Amsterdam Airport Schiphol,Amsterdam,Netherlands,12:12 AM,Charles de Gaulle,Paris,France,20,4688
ET8030,Ethiopian Airlines,Bole International,Addis Ababa,Ethiopia,2:53 AM,Hamad International,Doha,Qatar,24,231
SA9931,South African Airways,O.R. Tambo International,Johannesburg,South Africa,7:10 PM,Charles de Gaulle,Paris,France,20,2916
SK8375,SAS Scandinavian,Copenhagen Airport,Copenhagen,Denmark,11:09 PM,Charles de Gaulle,Paris,France,8,1827
AZ2628,Alitalia,Leonardo da Vinci International,Rome,Italy,7:48 AM,Charles de Gaulle,Paris,France,18,4726
QR5078,Qatar Airways,Hamad International,Doha,Qatar,10:37 AM,Ministro Pistarini International,Buenos Aires,Argentina,23,3090
UA4772,United Airlines,Los Angeles International,Los Angeles,USA,7:47 AM,Denver International,Denver,USA,1,6552
WN2179,Southwest Airlines,Los Angeles International,Los Angeles,USA,8:38 PM,Cairo International,Cairo,Egypt,20,6133
WN7180,Southwest Airlines,Los Angeles International,Los Angeles,USA,12:05 PM,San Francisco International,San Francisco,USA,16,9512
QF5020,Qantas,Sydney Airport,Sydney,Australia,6:50 PM,Melbourne Airport,Melbourne,Australia,21,6190
AM4741,Aeroméxico,Benito Juárez International,Mexico City,Mexico,7:32 PM,O'Hare International,Chicago,USA,13,5203
AM8708,Aeroméxico,Benito Juárez International,Mexico City,Mexico,9:57 AM,O'Hare International,Chicago,USA,24,5620
LA9236,LATAM Airlines,São Paulo/Guarulhos International,São Paulo,Brazil,12:32 AM,Logan International,Boston,USA,15,7663
DL3595,Delta Air Lines,John F. Kennedy International,New York,USA,10:27 AM,Hartsfield-Jackson Atlanta,Atlanta,USA,7,2884
NH4530,All Nippon Airways,Haneda,Tokyo,Japan,1:09 AM,O.R. Tambo International,Johannesburg,South Africa,16,2933
LH6417,Lufthansa,Frankfurt Airport,Frankfurt,Germany,10:38 AM,Ministro Pistarini International,Buenos Aires,Argentina,23,3045
IB5919,Iberia,Adolfo Suárez Madrid–Barajas,Madrid,Spain,12:39 AM,Charles de Gaulle,Paris,France,7,1926
AA7962,American Airlines,John F. Kennedy International,New York,USA,6:12 PM,Logan International,Boston,USA,14,4318
SA7702,South African Airways,O.R. Tambo International,Johannesburg,South Africa,4:03 PM,Charles de Gaulle,Paris,France,2,6685
TG5949,Thai Airways,Suvarnabhumi,Bangkok,Thailand,1:05 AM,Changi,Singapore,Singapore,7,4688
QR7315,Qatar Airways,Hamad International,Doha,Qatar,3:38 AM,Jomo Kenyatta International,Nairobi,Kenya,23,2127
QR6792,Qatar Airways,Hamad International,Doha,Qatar,11:29 AM,Bole International,Addis Ababa,Ethiopia,1,8234
ET8238,Ethiopian Airlines,Bole International,Addis Ababa,Ethiopia,3:28 PM,Hamad International,Doha,Qatar,7,6700
WN3151,Southwest Airlines,Los Angeles International,Los Angeles,USA,11:27 AM,San Francisco International,San Francisco,USA,8,3549
KL3967,KLM Royal Dutch Airlines,Amsterdam Airport Schiphol,Amsterdam,Netherlands,2:07 AM,Arturo Merino Benítez International,Santiago,Chile,7,8178
TG7537,Thai Airways,Suvarnabhumi,Bangkok,Thailand,12:27 AM,Changi,Singapore,Singapore,17,3554
AV6614,Avianca,El Dorado International,Bogotá,Colombia,2:29 PM,O'Hare International,Chicago,USA,18,9366
TG5220,Thai Airways,Suvarnabhumi,Bangkok,Thailand,6:57 PM,Changi,Singapore,Singapore,1,266
WN5430,Southwest Airlines,Los Angeles International,Los Angeles,USA,1:31 PM,San Francisco International,San Francisco,USA,10,3952
TG2523,Thai Airways,Suvarnabhumi,Bangkok,Thailand,3:03 AM,Changi,Singapore,Singapore,18,3863
AZ6720,Alitalia,Leonardo da Vinci International,Rome,Italy,10:51 PM,Cairo International,Cairo,Egypt,6,6171
BA4860,British Airways,Heathrow,London,UK,12:56 AM,Zurich Airport,Zurich,Switzerland,14,7366
QF5453,Qantas,Sydney Airport,Sydney,Australia,1:58 PM,Melbourne Airport,Melbourne,Australia,9,3557
TG1544,Thai Airways,Suvarnabhumi,Bangkok,Thailand,8:13 AM,Beijing Capital International,Beijing,China,14,2944
KL5248,KLM Royal Dutch Airlines,Amsterdam Airport Schiphol,Amsterdam,Netherlands,6:38 PM,Toronto Pearson,Toronto,Canada,5,5635
NH6128,All Nippon Airways,Haneda,Tokyo,Japan,10:24 AM,Incheon International,Seoul,South Korea,24,2503
AA6633,American Airlines,John F. Kennedy International,New York,USA,12:24 AM,Hartsfield-Jackson Atlanta,Atlanta,USA,9,2850
AA5655,American Airlines,John F. Kennedy International,New York,USA,2:29 AM,Hartsfield-Jackson Atlanta,Atlanta,USA,16,733
SQ5181,Singapore Airlines,Changi,Singapore,Singapore,9:44 AM,Hong Kong International,Hong Kong,China,8,5669
UA3447,United Airlines,Los Angeles International,Los Angeles,USA,11:11 PM,San Francisco International,San Francisco,USA,23,6557
LH5685,Lufthansa,Frankfurt Airport,Frankfurt,Germany,1:00 PM,Stockholm Arlanda,Stockholm,Sweden,15,2855
SQ8522,Singapore Airlines,Changi,Singapore,Singapore,12:12 AM,Beijing Capital International,Beijing,China,19,7998
AI1298,Air India,Indira Gandhi International,Delhi,India,1:04 PM,Chhatrapati Shivaji International,Mumbai,India,1,3027
NZ1419,Air New Zealand,Auckland Airport,Auckland,New Zealand,9:31 AM,Sydney Airport,Sydney,Australia,5,2672
KE3468,Korean Air,Incheon International,Seoul,South Korea,12:26 PM,Haneda,Tokyo,Japan,13,4994
ET5125,Ethiopian Airlines,Bole International,Addis Ababa,Ethiopia,2:31 PM,Hamad International,Doha,Qatar,20,5130
LA7890,LATAM Airlines,São Paulo/Guarulhos International,São Paulo,Brazil,4:27 PM,Ministro Pistarini International,Buenos Aires,Argentina,15,5186
DL1765,Delta Air Lines,John F. Kennedy International,New York,USA,10:47 PM,Hartsfield-Jackson Atlanta,Atlanta,USA,4,9062
NH7298,All Nippon Airways,Haneda,Tokyo,Japan,7:49 PM,Suvarnabhumi,Bangkok,Thailand,2,3145
LA3959,LATAM Airlines,São Paulo/Guarulhos International,São Paulo,Brazil,11:27 PM,Ministro Pistarini International,Buenos Aires,Argentina,10,1662
QF8394,Qantas,Sydney Airport,Sydney,Australia,8:28 AM,Stockholm Arlanda,Stockholm,Sweden,19,8462
ET8603,Ethiopian Airlines,Bole International,Addis Ababa,Ethiopia,5:33 PM,Hamad International,Doha,Qatar,2,663
QF6081,Qantas,Sydney Airport,Sydney,Australia,3:18 AM,Melbourne Airport,Melbourne,Australia,11,9148
NZ5909,Air New Zealand,Auckland Airport,Auckland,New Zealand,2:31 PM,Vancouver International,Vancouver,Canada,1,4465
IB4707,Iberia,Adolfo Suárez Madrid–Barajas,Madrid,Spain,1:10 PM,Charles de Gaulle,Paris,France,9,7987
SA4500,South African Airways,O.R. Tambo International,Johannesburg,South Africa,8:49 AM,Stockholm Arlanda,Stockholm,Sweden,17,5202
DL4434,Delta Air Lines,John F. Kennedy International,New York,USA,3:47 AM,São Paulo/Guarulhos International,São Paulo,Brazil,2,3220
KE2633,Korean Air,Incheon International,Seoul,South Korea,5:59 AM,Ministro Pistarini International,Buenos Aires,Argentina,13,928
BA4267,British Airways,Heathrow,London,UK,6:22 AM,Charles de Gaulle,Paris,France,5,2337
LH5030,Lufthansa,Frankfurt Airport,Frankfurt,Germany,2:12 PM,Charles de Gaulle,Paris,France,14,3214
QR7176,Qatar Airways,Hamad International,Doha,Qatar,3:45 AM,Bole International,Addis Ababa,Ethiopia,20,2150
LH3949,Lufthansa,Frankfurt Airport,Frankfurt,Germany,10:46 AM,Charles de Gaulle,Paris,France,11,108
UA1609,United Airlines,Los Angeles International,Los Angeles,USA,3:48 AM,Vancouver International,Vancouver,Canada,20,9405
IB8461,Iberia,Adolfo Suárez Madrid–Barajas,Madrid,Spain,9:07 PM,Charles de Gaulle,Paris,France,16,2057
KL3711,KLM Royal Dutch Airlines,Amsterdam Airport Schiphol,Amsterdam,Netherlands,6:22 AM,Charles de Gaulle,Paris,France,9,8260
NH9722,All Nippon Airways,Haneda,Tokyo,Japan,10:08 AM,Incheon International,Seoul,South Korea,19,5416
LH3991,Lufthansa,Frankfurt Airport,Frankfurt,Germany,1:14 PM,Charles de Gaulle,Paris,France,22,5059
QR5172,Qatar Airways,Hamad International,Doha,Qatar,3:55 AM,Bole International,Addis Ababa,Ethiopia,11,5381
SQ8501,Singapore Airlines,Changi,Singapore,Singapore,9:48 PM,Beijing Capital International,Beijing,China,11,1532
WN9069,Southwest Airlines,Los Angeles International,Los Angeles,USA,3:23 PM,San Francisco International,San Francisco,USA,7,9664
NZ6571,Air New Zealand,Auckland Airport,Auckland,New Zealand,4:52 AM,Brisbane Airport,Brisbane,Australia,24,5694
AM4317,Aeroméxico,Benito Juárez International,Mexico City,Mexico,4:57 PM,O'Hare International,Chicago,USA,20,980
AZ9175,Alitalia,Leonardo da Vinci International,Rome,Italy,10:33 AM,Charles de Gaulle,Paris,France,6,7317
CX1254,Cathay Pacific,Hong Kong International,Hong Kong,China,12:29 PM,Changi,Singapore,Singapore,14,6103
AA7975,American Airlines,John F. Kennedy International,New York,USA,6:21 AM,Hartsfield-Jackson Atlanta,Atlanta,USA,23,7212
DL1991,Delta Air Lines,John F. Kennedy International,New York,USA,1:34 PM,Vancouver International,Vancouver,Canada,12,4296
QF4792,Qantas,Sydney Airport,Sydney,Australia,10:11 AM,Melbourne Airport,Melbourne,Australia,8,6897
SA4381,South African Airways,O.R. Tambo International,Johannesburg,South Africa,6:42 PM,Frankfurt Airport,Frankfurt,Germany,17,635
LA3448,LATAM Airlines,São Paulo/Guarulhos International,São Paulo,Brazil,7:24 AM,Ministro Pistarini International,Buenos Aires,Argentina,15,6950
EK2108,Emirates,Dubai International,Dubai,UAE,3:11 PM,Hamad International,Doha,Qatar,12,1880
AM1964,Aeroméxico,Benito Juárez International,Mexico City,Mexico,11:10 AM,O'Hare International,Chicago,USA,16,4557
ET9838,Ethiopian Airlines,Bole International,Addis Ababa,Ethiopia,2:20 AM,Hamad International,Doha,Qatar,20,3370
AC3020,Air Canada,Toronto Pearson,Toronto,Canada,2:20 PM,John F. Kennedy International,New York,USA,2,1148
NH8743,All Nippon Airways,Haneda,Tokyo,Japan,7:43 PM,Incheon International,Seoul,South Korea,22,4947
AI1775,Air India,Indira Gandhi International,Delhi,India,2:57 PM,Arturo Merino Benítez International,Santiago,Chile,17,8812
CX8409,Cathay Pacific,Hong Kong International,Hong Kong,China,3:52 AM,Changi,Singapore,Singapore,13,7249
WN1265,Southwest Airlines,Los Angeles International,Los Angeles,USA,11:24 PM,Vancouver International,Vancouver,Canada,13,9180
LA2187,LATAM Airlines,São Paulo/Guarulhos International,São Paulo,Brazil,2:18 AM,Jomo Kenyatta International,Nairobi,Kenya,22,762
QR5695,Qatar Airways,Hamad International,Doha,Qatar,8:44 PM,Chhatrapati Shivaji International,Mumbai,India,12,468
AC3505,Air Canada,Toronto Pearson,Toronto,Canada,12:00 PM,John F. Kennedy International,New York,USA,21,8647
WN9155,Southwest Airlines,Los Angeles International,Los Angeles,USA,8:07 PM,San Francisco International,San Francisco,USA,15,6081
AV4539,Avianca,El Dorado International,Bogotá,Colombia,3:26 PM,Changi,Singapore,Singapore,20,518
AV4884,Avianca,El Dorado International,Bogotá,Colombia,2:49 PM,O'Hare International,Chicago,USA,3,4110
UA1392,United Airlines,Los Angeles International,Los Angeles,USA,7:12 PM,San Francisco International,San Francisco,USA,19,8418
AI8506,Air India,Indira Gandhi International,Delhi,India,4:05 AM,Dubai International,Dubai,UAE,13,5585
AZ3766,Alitalia,Leonardo da Vinci International,Rome,Italy,4:50 AM,Amsterdam Airport Schiphol,Amsterdam,Netherlands,12,2146
SA6768,South African Airways,O.R. Tambo International,Johannesburg,South Africa,11:11 PM,Hartsfield-Jackson Atlanta,Atlanta,USA,17,8581
AV3743,Avianca,El Dorado International,Bogotá,Colombia,10:45 AM,O'Hare International,Chicago,USA,4,4583
DL4343,Delta Air Lines,John F. Kennedy International,New York,USA,6:37 PM,Logan International,Boston,USA,15,1248
SQ4857,Singapore Airlines,Changi,Singapore,Singapore,3:18 AM,Vienna International,Vienna,Austria,18,745
LH2536,Lufthansa,Frankfurt Airport,Frankfurt,Germany,3:12 AM,Amsterdam Airport Schiphol,Amsterdam,Netherlands,1,7122
NH9502,All Nippon Airways,Haneda,Tokyo,Japan,6:05 PM,Incheon International,Seoul,South Korea,14,6334
SK6503,SAS Scandinavian,Copenhagen Airport,Copenhagen,Denmark,11:28 PM,Charles de Gaulle,Paris,France,18,5309
QF1724,Qantas,Sydney Airport,Sydney,Australia,7:28 AM,Melbourne Airport,Melbourne,Australia,11,6651
IB5226,Iberia,Adolfo Suárez Madrid–Barajas,Madrid,Spain,8:43 PM,Charles de Gaulle,Paris,France,3,4876
QF7218,Qantas,Sydney Airport,Sydney,Australia,11:53 PM,Melbourne Airport,Melbourne,Australia,7,4414
IB2507,Iberia,Adolfo Suárez Madrid–Barajas,Madrid,Spain,5:05 AM,Charles de Gaulle,Paris,France,6,4208
WN7726,Southwest Airlines,Los Angeles International,Los Angeles,USA,12:07 PM,San Francisco International,San Francisco,USA,22,4687
AC8262,Air Canada,Toronto Pearson,Toronto,Canada,9:50 AM,Hartsfield-Jackson Atlanta,Atlanta,USA,1,189
NZ2820,Air New Zealand,Auckland Airport,Auckland,New Zealand,4:38 PM,Changi,Singapore,Singapore,11,961
EK6905,Emirates,Dubai International,Dubai,UAE,1:32 AM,Jomo Kenyatta International,Nairobi,Kenya,16,1211
WN5098,Southwest Airlines,Los Angeles International,Los Angeles,USA,8:15 PM,San Francisco International,San Francisco,USA,17,7438
AA1144,American Airlines,John F. Kennedy International,New York,USA,4:17 AM,Hartsfield-Jackson Atlanta,Atlanta,USA,5,1654
SQ3131,Singapore Airlines,Changi,Singapore,Singapore,11:13 AM,Brisbane Airport,Brisbane,Australia,7,1669
TG5589,Thai Airways,Suvarnabhumi,Bangkok,Thailand,4:49 AM,Changi,Singapore,Singapore,15,3250
SK2386,SAS Scandinavian,Copenhagen Airport,Copenhagen,Denmark,6:08 PM,Charles de Gaulle,Paris,France,21,2787
NH7202,All Nippon Airways,Haneda,Tokyo,Japan,11:17 PM,Incheon International,Seoul,South Korea,20,9415
QF2199,Qantas,Sydney Airport,Sydney,Australia,10:04 PM,Melbourne Airport,Melbourne,Australia,22,752
KE5284,Korean Air,Incheon International,Seoul,South Korea,9:22 PM,Haneda,Tokyo,Japan,19,4472
AV2826,Avianca,El Dorado International,Bogotá,Colombia,1:43 AM,O'Hare International,Chicago,USA,4,3054
IB8002,Iberia,Adolfo Suárez Madrid–Barajas,Madrid,Spain,1:20 AM,Charles de Gaulle,Paris,France,8,8374
TG7537,Thai Airways,Suvarnabhumi,Bangkok,Thailand,9:04 PM,Changi,Singapore,Singapore,13,4369
TG3547,Thai Airways,Suvarnabhumi,Bangkok,Thailand,1:26 AM,Indira Gandhi International,Delhi,India,21,7098
SA4429,South African Airways,O.R. Tambo International,Johannesburg,South Africa,1:19 PM,Charles de Gaulle,Paris,France,15,3321
NZ4265,Air New Zealand,Auckland Airport,Auckland,New Zealand,7:20 PM,Miami International,Miami,USA,8,5200
NH5949,All Nippon Airways,Haneda,Tokyo,Japan,11:42 PM,Frankfurt Airport,Frankfurt,Germany,13,4931
DL4833,Delta Air Lines,John F. Kennedy International,New York,USA,5:51 AM,Hartsfield-Jackson Atlanta,Atlanta,USA,12,8711
DL2308,Delta Air Lines,John F. Kennedy International,New York,USA,9:28 PM,Hartsfield-Jackson Atlanta,Atlanta,USA,24,1748
AZ7649,Alitalia,Leonardo da Vinci International,Rome,Italy,9:09 AM,Charles de Gaulle,Paris,France,8,3502
KL5799,KLM Royal Dutch Airlines,Amsterdam Airport Schiphol,Amsterdam,Netherlands,10:04 AM,Munich Airport,Munich,Germany,11,7496
TG2649,Thai Airways,Suvarnabhumi,Bangkok,Thailand,9:57 AM,Melbourne Airport,Melbourne,Australia,5,8205
NH6392,All Nippon Airways,Haneda,Tokyo,Japan,10:38 PM,Incheon International,Seoul,South Korea,15,2759
AA7284,American Airlines,John F. Kennedy International,New York,USA,9:27 PM,Los Angeles International,Los Angeles,USA,16,5883
AI3081,Air India,Indira Gandhi International,Delhi,India,8:13 PM,Hong Kong International,Hong Kong,China,7,4709
AI8506,Air India,Indira Gandhi International,Delhi,India,4:11 AM,Dubai International,Dubai,UAE,2,5094
AA6481,American Airlines,John F. Kennedy International,New York,USA,9:00 AM,Hartsfield-Jackson Atlanta,Atlanta,USA,18,194
WN9522,Southwest Airlines,Los Angeles International,Los Angeles,USA,10:46 AM,San Francisco International,San Francisco,USA,10,5245
UA4386,United Airlines,Los Angeles International,Los Angeles,USA,10:44 AM,San Francisco International,San Francisco,USA,4,2356
SK3905,SAS Scandinavian,Copenhagen Airport,Copenhagen,Denmark,10:26 PM,Charles de Gaulle,Paris,France,4,2663
BA7540,British Airways,Heathrow,London,UK,12:11 AM,Charles de Gaulle,Paris,France,2,7104
DL8353,Delta Air Lines,John F. Kennedy International,New York,USA,9:05 PM,Hartsfield-Jackson Atlanta,Atlanta,USA,23,8002
CX9277,Cathay Pacific,Hong Kong International,Hong Kong,China,1:55 PM,Charles de Gaulle,Paris,France,24,5947
AC7769,Air Canada,Toronto Pearson,Toronto,Canada,4:51 PM,Miami International,Miami,USA,19,583
UA8589,United Airlines,Los Angeles International,Los Angeles,USA,1:59 PM,Adolfo Suárez Madrid–Barajas,Madrid,Spain,22,9543
SQ3534,Singapore Airlines,Changi,Singapore,Singapore,1:34 PM,Leonardo da Vinci International,Rome,Italy,18,156
CX1637,Cathay Pacific,Hong Kong International,Hong Kong,China,12:15 AM,Changi,Singapore,Singapore,6,9172
IB9152,Iberia,Adolfo Suárez Madrid–Barajas,Madrid,Spain,9:18 AM,Charles de Gaulle,Paris,France,7,1510
AI8874,Air India,Indira Gandhi International,Delhi,India,4:53 PM,Chhatrapati Shivaji International,Mumbai,India,24,9604
AM9301,Aeroméxico,Benito Juárez International,Mexico City,Mexico,1:44 AM,O'Hare International,Chicago,USA,16,9448
SA3924,South African Airways,O.R. Tambo International,Johannesburg,South Africa,1:09 AM,Leonardo da Vinci International,Rome,Italy,6,4584
NZ3376,Air New Zealand,Auckland Airport,Auckland,New Zealand,6:05 AM,Brisbane Airport,Brisbane,Australia,20,8869
DL9023,Delta Air Lines,John F. Kennedy International,New York,USA,7:52 PM,Hartsfield-Jackson Atlanta,Atlanta,USA,18,2216
NZ5165,Air New Zealand,Auckland Airport,Auckland,New Zealand,3:10 PM,Sydney Airport,Sydney,Australia,14,8007
AC8594,Air Canada,Toronto Pearson,Toronto,Canada,7:17 PM,Hartsfield-Jackson Atlanta,Atlanta,USA,21,5021
DL4495,Delta Air Lines,John F. Kennedy International,New York,USA,9:51 PM,Miami International,Miami,USA,22,8545
BA7302,British Airways,Heathrow,London,UK,6:04 AM,Charles de Gaulle,Paris,France,5,3403
EK5772,Emirates,Dubai International,Dubai,UAE,7:53 AM,Hamad International,Doha,Qatar,3,5875
AM2018,Aeroméxico,Benito Juárez International,Mexico City,Mexico,1:20 AM,O'Hare International,Chicago,USA,14,1888
AC3652,Air Canada,Toronto Pearson,Toronto,Canada,11:03 AM,Miami International,Miami,USA,16,9306
BA6528,British Airways,Heathrow,London,UK,1:47 AM,Vienna International,Vienna,Austria,14,4789
AF5551,Air France,Charles de Gaulle,Paris,France,11:23 AM,Ministro Pistarini International,Buenos Aires,Argentina,2,2925
KE4403,Korean Air,Incheon International,Seoul,South Korea,11:31 AM,Haneda,Tokyo,Japan,2,8007
WN3613,Southwest Airlines,Los Angeles International,Los Angeles,USA,3:00 PM,San Francisco International,San Francisco,USA,7,2259
IB2973,Iberia,Adolfo Suárez Madrid–Barajas,Madrid,Spain,6:52 AM,Charles de Gaulle,Paris,France,8,9873
NH3030,All Nippon Airways,Haneda,Tokyo,Japan,9:51 AM,Incheon International,Seoul,South Korea,6,2282
BA7701,British Airways,Heathrow,London,UK,2:56 AM,São Paulo/Guarulhos International,São Paulo,Brazil,18,8238
AV3749,Avianca,El Dorado International,Bogotá,Colombia,11:32 PM,O'Hare International,Chicago,USA,24,7400
