product_name,product_category,product_price,product_description,stock_quantity,manufacturer,shipping_cost,customer_name,customer_email,customer_address,order_date
Beef Sirloin Steak,Food - Meat,755.55,tortor id nulla ultrices aliquet maecenas leo odio condimentum id luctus nec molestie sed justo pellentesque,975,Centidel,9.08,Daphene Dalliwatr,ddalliwatr0@hao123.com,43 Dovetail Pass,12/9/2021
Herb-Infused Olive Oil,Food - Oils,506.66,amet eleifend pede libero quis orci nullam molestie nibh in lectus pellentesque at nulla suspendisse potenti cras in,368,Jaloo,7.01,Sibby Astlatt,sastlatt1@devhub.com,65437 Moulton Terrace,9/23/2021
Classic Bagels,Food - Bakery,586.73,tempus semper est quam pharetra magna ac consequat metus sapien ut,621,Rhynyx,45.07,Conrade Shaxby,cshaxby2@squarespace.com,4037 Garrison Circle,12/6/2021
Plant-Based Cookbook,Books,741.23,tempus sit amet sem fusce consequat nulla nisl nunc nisl,229,Twiyo,46.43,Marshall Haggett,mhaggett3@paypal.com,53 6th Street,12/19/2021
Maple Cinnamon Granola Bars,Food - Snacks,507.44,vestibulum aliquet ultrices erat tortor sollicitudin mi sit amet lobortis sapien sapien non,23,Dabtype,33.91,Hailee Burrass,hburrass4@seesaa.net,91 Victoria Hill,7/18/2021
Peas (frozen),Food - Frozen Foods,591.84,volutpat erat quisque erat eros viverra eget congue eget semper rutrum nulla nunc purus phasellus,115,Realfire,18.36,Lorraine Zanetti,lzanetti5@census.gov,03537 Schiller Terrace,5/6/2021
Honey Almond Granola Bars,Food - Snacks,699.65,eget eros elementum pellentesque quisque porta volutpat erat quisque erat eros viverra eget congue eget semper rutrum nulla,461,Edgetag,30.2,Agustin Biasio,abiasio6@wp.com,09 Service Lane,1/10/2021
Adjustable Dog Harness,Pets,307.16,phasellus in felis donec semper sapien a libero nam dui proin leo odio porttitor id consequat in,75,Eayo,30.78,Ted Jurczik,tjurczik7@virginia.edu,6 Pierstorff Avenue,10/13/2021
Fashionable Scarves Set,Clothing,761.85,platea dictumst maecenas ut massa quis augue luctus tincidunt nulla mollis molestie lorem quisque ut erat curabitur gravida nisi at,792,LiveZ,18.21,Madelena Thresh,mthresh8@cbslocal.com,81 Carberry Parkway,9/13/2021
Portable Dog Water Bottle,Pets,993.66,quisque erat eros viverra eget congue eget semper rutrum nulla nunc purus phasellus in felis donec semper,598,Edgeblab,28.53,Ginnie Smail,gsmail9@eventbrite.com,541 Dixon Hill,2/7/2021
Cilantro Lime Rice,Food - Grains,635.1,proin eu mi nulla ac enim in tempor turpis nec euismod scelerisque quam turpis,451,Vinte,34.96,Tris Calleja,tcallejaa@twitter.com,654 Warrior Lane,8/7/2021
Indestructible Dog Toy,Pets,857.62,quis lectus suspendisse potenti in eleifend quam a odio in hac habitasse platea dictumst maecenas,605,Plajo,29.12,Timmie Warmisham,twarmishamb@dagondesign.com,7 Mariners Cove Park,12/25/2021
Bike Repair Tool Kit,Outdoor,127.05,tempus vivamus in felis eu sapien cursus vestibulum proin eu mi nulla ac enim in tempor turpis,43,Skalith,10.54,Vittorio Norfolk,vnorfolkc@phoca.cz,91 Erie Point,12/9/2021
Throw Pillow Covers,Home,971.45,quam turpis adipiscing lorem vitae mattis nibh ligula nec sem duis aliquam convallis nunc proin at turpis a,936,Zoomlounge,41.23,Eal Puttan,eputtand@ihg.com,93855 Ludington Center,11/5/2021
Ultraviolet Phone Sanitizer,Health,564.92,interdum venenatis turpis enim blandit mi in porttitor pede justo eu massa donec,291,Mycat,32.64,Adoree Plumbridge,aplumbridgee@bing.com,524 Pepper Wood Plaza,1/9/2021
LED Flashlight with Rechargeable Batteries,Outdoor,700.16,non lectus aliquam sit amet diam in magna bibendum imperdiet nullam orci pede venenatis non sodales,839,Ntags,18.49,Nancie Ballinger,nballingerf@harvard.edu,349 Harbort Crossing,11/12/2021
Vegetable Chips,Food - Snacks,480.38,eget congue eget semper rutrum nulla nunc purus phasellus in felis donec semper sapien a libero nam dui proin,6,Dabshots,38.71,Zechariah Dossetter,zdossetterg@mail.ru,0081 Nevada Plaza,7/31/2021
Organic Coconut Oil,Food - Oils,553.32,elit ac nulla sed vel enim sit amet nunc viverra dapibus nulla suscipit ligula in lacus curabitur at ipsum ac,649,Eazzy,32.06,Ettore Standingford,estandingfordh@vimeo.com,029 Fair Oaks Trail,6/4/2021
Organic Granola,Food - Breakfast,237.25,pretium nisl ut volutpat sapien arcu sed augue aliquam erat volutpat,938,Youtags,44.07,Lori Franzman,lfranzmani@printfriendly.com,1594 Monterey Terrace,10/15/2021
Herb Drying Rack,Garden,564.78,et ultrices posuere cubilia curae duis faucibus accumsan odio curabitur convallis,26,Mita,6.61,Rozalin Foukx,rfoukxj@so-net.ne.jp,8 Mallory Pass,3/14/2021
Cotton Pajama Set,Clothing - Loungewear,432.35,tristique in tempus sit amet sem fusce consequat nulla nisl nunc nisl duis bibendum felis sed interdum venenatis turpis enim,194,Omba,6.82,Ches Ovize,covizek@ameblo.jp,484 Marcy Hill,12/19/2021
Mango Chutney,Food - Condiments,548.81,lorem ipsum dolor sit amet consectetuer adipiscing elit proin interdum mauris non ligula pellentesque ultrices phasellus,596,Layo,22.58,Colby Spieght,cspieghtl@virginia.edu,20291 Texas Drive,12/9/2021
Balsamic Fig Dressing,Food - Condiments,958.21,metus vitae ipsum aliquam non mauris morbi non lectus aliquam sit amet diam in magna,818,Yamia,16.44,Clea Arnoldi,carnoldim@google.ru,13 Fair Oaks Park,4/25/2021
Cocoa Powder,Food - Baking,961.87,nunc proin at turpis a pede posuere nonummy integer non velit donec diam neque vestibulum eget vulputate ut,662,Zoozzy,34.5,Pate McIlvaney,pmcilvaneyn@businessinsider.com,1 Stang Parkway,7/25/2021
Mashed Sweet Potatoes,Food - Sides,771.85,sociis natoque penatibus et magnis dis parturient montes nascetur ridiculus mus vivamus vestibulum sagittis sapien cum sociis,820,Realmix,23.13,Cinnamon Armytage,carmytageo@cdbaby.com,864 Brentwood Avenue,12/8/2021
Essential White Button-Up,Clothing - Shirts,240.52,pede justo lacinia eget tincidunt eget tempus vel pede morbi porttitor lorem id ligula suspendisse ornare consequat lectus in est,269,Tagtune,11.61,Byrom Hastwall,bhastwallp@yahoo.com,4863 Onsgard Street,10/23/2021
Travel Shoe Bags Set,Travel,828.71,at ipsum ac tellus semper interdum mauris ullamcorper purus sit amet nulla quisque arcu libero rutrum ac lobortis vel dapibus,243,Dynava,13.61,Renaldo Blakeslee,rblakesleeq@bloglines.com,265 Duke Street,11/23/2021
Coconut Cashew Yogurt,Food - Dairy Alternatives,994.18,duis bibendum morbi non quam nec dui luctus rutrum nulla tellus in sagittis dui vel nisl,69,Rhyzio,47.63,Sigismondo Scoates,sscoatesr@elegantthemes.com,90271 Dawn Circle,5/11/2021
Cold Brew Coffee Concentrate,Food - Beverages,814.56,in blandit ultrices enim lorem ipsum dolor sit amet consectetuer adipiscing elit proin,311,Devbug,19.38,Ambros Prando,aprandos@patch.com,28434 Rusk Terrace,11/9/2021
Wrap Front Midi Skirt,Clothing - Bottoms,440.53,nisi venenatis tristique fusce congue diam id ornare imperdiet sapien,55,Zoombeat,21.42,Cortie Ochterlonie,cochterloniet@princeton.edu,135 Crest Line Road,8/27/2021
Cranberry Almond Biscotti,Food - Bakery,143.68,sapien varius ut blandit non interdum in ante vestibulum ante ipsum primis in faucibus orci luctus et ultrices posuere,743,Yabox,18.23,Michel Ragdale,mragdaleu@omniture.com,77373 Sachs Point,9/11/2021
Pet Nail Clipper,Pets,338.18,rhoncus sed vestibulum sit amet cursus id turpis integer aliquet massa id lobortis convallis tortor risus dapibus augue,334,Kaymbo,47.56,Clevey Knagges,cknaggesv@wikia.com,718 Tennyson Place,12/5/2021
Lemon Pepper Seasoning,Food - Seasonings,856.71,imperdiet et commodo vulputate justo in blandit ultrices enim lorem ipsum dolor sit amet consectetuer adipiscing,616,Trilia,44.69,Ingelbert Tyres,ityresw@slashdot.org,535 Victoria Trail,3/23/2021
Classic Black Trousers,Clothing - Pants,868.47,ut massa volutpat convallis morbi odio odio elementum eu interdum eu tincidunt in,245,Tekfly,32.6,Boothe Erswell,berswellx@ovh.net,17398 Anthes Drive,7/25/2021
Woven Storage Baskets,Home,420.35,eros viverra eget congue eget semper rutrum nulla nunc purus phasellus in felis donec semper sapien a libero nam,770,Skidoo,20.75,Caryl Largan,clargany@whitehouse.gov,46850 Mayer Trail,7/24/2021
Smoked Gouda Cheese,Food - Dairy,229.67,nunc donec quis orci eget orci vehicula condimentum curabitur in libero ut massa volutpat convallis morbi odio,693,Flipstorm,19.98,Bentley MacMickan,bmacmickanz@canalblog.com,2 Sugar Plaza,5/30/2021
Sturdy Bookends,Office,311.62,in congue etiam justo etiam pretium iaculis justo in hac habitasse platea dictumst etiam faucibus cursus urna ut,129,Mudo,45.8,Dillon Marr,dmarr10@behance.net,8097 Blackbird Alley,5/11/2021
Smoked Gouda Cheese,Food - Dairy,514.49,pellentesque at nulla suspendisse potenti cras in purus eu magna vulputate luctus cum sociis natoque penatibus et,543,BlogXS,44.52,Ignacio Winterscale,iwinterscale11@boston.com,0389 Elmside Junction,4/3/2021
Chocolate Syrup,Food - Condiments,352.75,dolor quis odio consequat varius integer ac leo pellentesque ultrices mattis,383,Tavu,7.15,Rochette Sheber,rsheber12@icq.com,41165 Loeprich Terrace,7/16/2021
Board Game,Toys,153.9,felis eu sapien cursus vestibulum proin eu mi nulla ac,416,Blogtag,42.06,Antonie Fouracre,afouracre13@comcast.net,155 Iowa Terrace,11/15/2021
Dish Soap Dispenser,Kitchen,908.97,quisque ut erat curabitur gravida nisi at nibh in hac,188,Zazio,12.23,Joell Guyton,jguyton14@dmoz.org,2 Victoria Lane,6/13/2021
Almond Flour Biscuits,Food - Bakery,578.28,at vulputate vitae nisl aenean lectus pellentesque eget nunc donec quis orci eget orci vehicula condimentum curabitur in libero,336,Buzzster,2.68,Rutledge Jansson,rjansson15@storify.com,45 Barby Place,3/15/2021
Chipotle Black Bean Burger,Food - Meats,931.18,praesent lectus vestibulum quam sapien varius ut blandit non interdum,623,Tekfly,23.48,Erika Sellan,esellan16@devhub.com,70 Mockingbird Parkway,10/13/2021
Carrot and Celery Sticks,Food - Produce,246.1,lorem ipsum dolor sit amet consectetuer adipiscing elit proin interdum mauris non,240,Jabberbean,25.4,Nerty Cribbins,ncribbins17@umn.edu,84861 Roxbury Center,1/2/2021
Pumpkin Seeds,Food - Snacks,246.39,odio condimentum id luctus nec molestie sed justo pellentesque viverra pede ac diam cras pellentesque,576,Dazzlesphere,43.44,Fairlie Cleyne,fcleyne18@imdb.com,56 Pawling Plaza,11/29/2021
Lentil Pasta,Food - Pasta,9.08,nulla suscipit ligula in lacus curabitur at ipsum ac tellus semper interdum mauris ullamcorper purus sit amet nulla,499,Yoveo,34.91,Sayer Dimbylow,sdimbylow19@independent.co.uk,8513 Summit Court,11/14/2021
Gaming Headset,Gaming,148.02,congue elementum in hac habitasse platea dictumst morbi vestibulum velit id pretium iaculis diam erat fermentum justo nec condimentum,126,Twinte,39.24,Hal Lucia,hlucia1a@go.com,21355 Coleman Parkway,3/30/2021
Magnetic Phone Case,Accessories,762.78,suscipit nulla elit ac nulla sed vel enim sit amet nunc viverra dapibus,99,Youspan,38.5,Haskell Biasio,hbiasio1b@infoseek.co.jp,5 Luster Way,6/17/2021
Leather Biker Jacket,Clothing - Outerwear,605.84,ligula pellentesque ultrices phasellus id sapien in sapien iaculis congue vivamus metus arcu adipiscing molestie hendrerit,953,Aimbo,44.73,Ericha Durbridge,edurbridge1c@eepurl.com,910 Fairfield Crossing,1/11/2021
Pet Tracking Collar,Pets,519.12,lectus in quam fringilla rhoncus mauris enim leo rhoncus sed vestibulum sit amet cursus id turpis integer aliquet,510,Fivechat,41.05,Sloan Sueter,ssueter1d@altervista.org,1 Dayton Crossing,6/11/2021
Caramel Apple Chips,Food - Snacks,766.43,libero rutrum ac lobortis vel dapibus at diam nam tristique tortor eu,567,Tazzy,22.02,Janelle Carthew,jcarthew1e@forbes.com,14693 Stone Corner Road,5/3/2021
Adjustable Laptop Desk,Office,782.79,nisl venenatis lacinia aenean sit amet justo morbi ut odio cras mi pede malesuada,783,Kaymbo,36.83,Tara Mayow,tmayow1f@quantcast.com,51242 Meadow Ridge Place,11/9/2021
Telescope,Outdoor,556.73,est et tempus semper est quam pharetra magna ac consequat,220,Twitterbridge,8.53,Daron Bebb,dbebb1g@senate.gov,79 Delladonna Place,4/25/2021
Wall-Mounted Spice Rack,Kitchen,969.38,nibh in quis justo maecenas rhoncus aliquam lacus morbi quis tortor,658,Fivespan,32.02,Ardra Gilgryst,agilgryst1h@marriott.com,5160 Drewry Court,6/3/2021
Handmade Soap Making Kit,Crafts,314.56,vitae quam suspendisse potenti nullam porttitor lacus at turpis donec posuere metus vitae ipsum aliquam non mauris morbi,861,Tagtune,28.12,Davine Orrum,dorrum1i@google.co.jp,607 Alpine Circle,2/11/2021
Lemon Garlic Marinade,Food - Condiments,926.25,nunc purus phasellus in felis donec semper sapien a libero nam dui proin leo odio,209,Flashset,2.43,Dalli Lansberry,dlansberry1j@altervista.org,07 Novick Street,12/17/2021
Ramen Noodle Soup Cups,Food - Prepared Meals,786.81,in ante vestibulum ante ipsum primis in faucibus orci luctus et ultrices,926,Reallinks,41.24,Jeniece Musla,jmusla1k@fastcompany.com,510 Havey Terrace,12/26/2021
Oven Thermometer,Kitchen,601.67,pede malesuada in imperdiet et commodo vulputate justo in blandit ultrices enim lorem ipsum dolor sit amet consectetuer adipiscing elit,505,Skyba,31.59,Irvine Mursell,imursell1l@com.com,36077 Mccormick Center,7/13/2021
Coconut Curry Lentil Soup,Food - Canned Goods,955.16,risus dapibus augue vel accumsan tellus nisi eu orci mauris lacinia sapien quis libero,716,Tagopia,2.17,Dewie Huxham,dhuxham1m@tumblr.com,9017 Mcguire Center,11/21/2021
Travel Pillow with Memory Foam,Travel,209.13,pede libero quis orci nullam molestie nibh in lectus pellentesque at nulla suspendisse potenti cras in purus,973,Fanoodle,44.14,Belita Carrier,bcarrier1n@bluehost.com,684 Gina Point,3/27/2021
Handcrafted Wooden Coasters,Home,880.12,suscipit ligula in lacus curabitur at ipsum ac tellus semper,794,Chatterpoint,18.69,Noella Vedyasov,nvedyasov1o@tuttocitta.it,23810 Merrick Lane,1/27/2021
Frozen Acai Purée,Food - Frozen,966.3,primis in faucibus orci luctus et ultrices posuere cubilia curae duis faucibus accumsan odio curabitur convallis duis,529,Edgepulse,45.44,Corie Dominici,cdominici1p@mail.ru,9 Johnson Center,1/6/2021
Organic Black Rice,Food - Grains,775.57,morbi vel lectus in quam fringilla rhoncus mauris enim leo rhoncus sed,668,Topiclounge,22.55,Coralie Monck,cmonck1q@360.cn,3240 Meadow Valley Street,1/5/2021
Children's Gardening Set,Toys,267.65,tempus sit amet sem fusce consequat nulla nisl nunc nisl duis bibendum felis sed,834,Topdrive,47.71,Lexi Stockau,lstockau1r@fastcompany.com,26257 Reindahl Lane,6/1/2021
Voice-Controlled Speaker,Audio,317.4,ut suscipit a feugiat et eros vestibulum ac est lacinia nisi venenatis tristique fusce congue,728,Yacero,13.28,Lindsay Athelstan,lathelstan1s@mayoclinic.com,24 3rd Plaza,9/17/2021
Golf Polo Shirt,Clothing - Tops,590.52,sit amet consectetuer adipiscing elit proin risus praesent lectus vestibulum quam sapien,677,Browsezoom,42.47,Abbie Galway,agalway1t@dell.com,90 Novick Court,6/16/2021
Vegetable Stir Fry Mix,Food - Fresh Produce,65.17,curae mauris viverra diam vitae quam suspendisse potenti nullam porttitor lacus,706,Flipbug,0.07,Benn Gabits,bgabits1u@ft.com,2 Cherokee Junction,1/18/2021
Pasta Primavera,Food - Frozen Foods,437.38,pharetra magna vestibulum aliquet ultrices erat tortor sollicitudin mi sit amet lobortis sapien sapien,664,Ntag,15.5,Hartwell Bolan,hbolan1v@mail.ru,83 Lakeland Center,11/5/2021
Blue Corn Tortilla Chips,Food - Snacks,812.56,et ultrices posuere cubilia curae mauris viverra diam vitae quam suspendisse potenti nullam,242,Vipe,45.9,Kordula Phetteplace,kphetteplace1w@yahoo.co.jp,6064 Tomscot Junction,6/4/2021
Spaghetti and Meatball Dinner Kit,Food - Meal Kits,559.24,faucibus orci luctus et ultrices posuere cubilia curae donec pharetra magna vestibulum aliquet ultrices erat tortor sollicitudin mi sit,79,Babblestorm,42.15,Rafael Cristofolo,rcristofolo1x@reddit.com,5522 Dennis Road,9/19/2021
Beef Tacos,Food - Meat,285.2,bibendum morbi non quam nec dui luctus rutrum nulla tellus,232,Browsebug,16.52,Carolyne Jepensen,cjepensen1y@mail.ru,3891 Summer Ridge Center,2/26/2021
Induction Cooktop,Kitchen,416.94,sed magna at nunc commodo placerat praesent blandit nam nulla integer pede justo lacinia eget tincidunt eget,280,Voonte,36.79,Audy Nassy,anassy1z@archive.org,2020 Lien Park,9/28/2021
Zesty Cilantro Lime Dressing,Food - Condiments,802.49,posuere nonummy integer non velit donec diam neque vestibulum eget vulputate,392,Trilith,11.16,Tierney McBoyle,tmcboyle20@elpais.com,4 Huxley Circle,7/10/2021
Spaghetti Sauce,Food - Canned Goods,640.0,pellentesque ultrices mattis odio donec vitae nisi nam ultrices libero non mattis pulvinar nulla pede ullamcorper augue a suscipit,246,Kwilith,40.06,Paige Sommerville,psommerville21@washington.edu,2351 Cardinal Plaza,11/3/2021
Tropical Fruit Bowl,Food - Snacks,710.25,tincidunt nulla mollis molestie lorem quisque ut erat curabitur gravida nisi at nibh in,575,Yodoo,18.08,Standford Pothergill,spothergill22@kickstarter.com,9935 Oxford Way,1/17/2021
Cheddar & Bacon Potato Skins,Food - Frozen,136.69,nulla tellus in sagittis dui vel nisl duis ac nibh fusce lacus purus aliquet,5,Gevee,31.78,Georgy Ferminger,gferminger23@issuu.com,8516 Mcguire Trail,5/27/2021
Digital Kitchen Timer,Kitchen,914.98,et ultrices posuere cubilia curae donec pharetra magna vestibulum aliquet ultrices erat,714,Ntag,48.12,Tomaso Bartoszewicz,tbartoszewicz24@dmoz.org,8530 Manitowish Drive,12/4/2021
Lemon Zest Olive Oil,Food - Oils & Vinegars,859.36,sapien urna pretium nisl ut volutpat sapien arcu sed augue aliquam erat volutpat,338,Abata,16.39,Ewart Braund,ebraund25@apache.org,39628 Michigan Circle,9/14/2021
Maple Bacon Popcorn,Food - Snacks,469.75,natoque penatibus et magnis dis parturient montes nascetur ridiculus mus etiam vel augue vestibulum,480,Flipopia,7.84,Nestor Izakovitz,nizakovitz26@ocn.ne.jp,4 Moland Trail,11/29/2021
Pumpkin Spice Pancake Mix,Food - Breakfast,834.84,justo nec condimentum neque sapien placerat ante nulla justo aliquam quis turpis eget elit sodales scelerisque mauris,543,Twimm,27.8,Neal Pund,npund27@squarespace.com,4 2nd Pass,10/4/2021
Portable USB-C Monitor,Electronics,971.48,in magna bibendum imperdiet nullam orci pede venenatis non sodales sed tincidunt eu felis fusce posuere felis sed,10,Dynazzy,21.94,Jammie Bartolomivis,jbartolomivis28@walmart.com,61 Thackeray Hill,6/3/2021
Lentil Soup (canned),Food - Canned Goods,585.92,nibh ligula nec sem duis aliquam convallis nunc proin at turpis a pede posuere nonummy integer non velit,729,Trunyx,28.85,Jenelle Le Houx,jle29@parallels.com,1 Carey Plaza,4/6/2021
Asian Stir-Fry Kit,Food - Frozen Meals,213.98,in tempor turpis nec euismod scelerisque quam turpis adipiscing lorem vitae,132,Thoughtworks,40.77,Vernen Pfertner,vpfertner2a@icio.us,7792 Scofield Alley,9/11/2021
Basil Tomato Soup,Food - Canned Soups,247.01,venenatis turpis enim blandit mi in porttitor pede justo eu massa donec dapibus duis at velit eu est,468,Gigazoom,13.91,Ludvig Kinnear,lkinnear2b@si.edu,85 Shelley Center,10/9/2021
Whole Grain Mustard,Food - Condiments,61.92,nulla pede ullamcorper augue a suscipit nulla elit ac nulla sed vel enim sit amet nunc,485,Feedfish,4.95,Casie Yesenev,cyesenev2c@wisc.edu,7451 Hovde Hill,5/15/2021
Italian Herbal Seasoning,Food - Spices,26.87,habitasse platea dictumst etiam faucibus cursus urna ut tellus nulla ut erat id mauris vulputate elementum nullam varius nulla,376,Babblestorm,49.24,Faina Reggiani,freggiani2d@bbb.org,6417 Lakewood Gardens Parkway,6/20/2021
Chopping Board,Kitchen,731.59,luctus et ultrices posuere cubilia curae nulla dapibus dolor vel est donec odio justo sollicitudin ut suscipit,656,Jetwire,5.95,Pollyanna McGavin,pmcgavin2e@deviantart.com,441 Stone Corner Alley,3/27/2021
Wireless Printer,Office,7.34,pede justo lacinia eget tincidunt eget tempus vel pede morbi porttitor lorem,219,Photobean,36.03,Sibbie Dominichelli,sdominichelli2f@google.pl,913 Springview Way,8/6/2021
Organic Coconut Oil,Food - Oils,563.46,leo odio porttitor id consequat in consequat ut nulla sed accumsan felis ut at dolor quis odio consequat varius,258,Twitterwire,23.29,Mariya Torrisi,mtorrisi2g@chronoengine.com,74073 Farwell Circle,1/7/2021
Peanut Butter Banana Smoothie,Food - Beverages,603.72,sapien non mi integer ac neque duis bibendum morbi non quam,629,Eamia,46.64,Jaynell Casacchia,jcasacchia2h@cbslocal.com,20 Hermina Alley,5/25/2021
Fitness Foam Roller,Fitness,638.13,ullamcorper purus sit amet nulla quisque arcu libero rutrum ac lobortis vel dapibus at diam nam,592,Youopia,24.36,Jaquenetta Rittmeier,jrittmeier2i@digg.com,5124 Linden Pass,7/2/2021
BBQ Jackfruit,Food - Prepared Foods,462.82,luctus et ultrices posuere cubilia curae donec pharetra magna vestibulum,617,Yabox,36.89,Jennee Breydin,jbreydin2j@youtube.com,31940 Hagan Junction,2/10/2021
Teriyaki Stir-Fry Sauce,Food - Condiments,13.8,bibendum felis sed interdum venenatis turpis enim blandit mi in porttitor pede justo,498,Thoughtstorm,6.35,Marv Vasilov,mvasilov2k@vkontakte.ru,5 Valley Edge Pass,7/17/2021
Window Bird Feeder with Suction Cups,Outdoor,578.58,quis orci nullam molestie nibh in lectus pellentesque at nulla suspendisse potenti cras in,449,Shufflebeat,8.83,Meier Arbuckle,marbuckle2l@xrea.com,09063 Weeping Birch Circle,4/1/2021
Biodegradable Dog Waste Bags,Pets,725.07,sed augue aliquam erat volutpat in congue etiam justo etiam pretium iaculis justo in hac habitasse platea,91,Muxo,28.95,Ainsley Syddall,asyddall2m@skyrock.com,751 Sauthoff Center,3/23/2021
Travel Orthopedic Pillow,Travel,188.93,at velit vivamus vel nulla eget eros elementum pellentesque quisque porta volutpat erat,733,Reallinks,21.06,Grange Scott,gscott2n@usnews.com,2516 Jana Crossing,7/31/2021
Spicy BBQ Sauce,Food - Condiments,179.76,erat vestibulum sed magna at nunc commodo placerat praesent blandit nam nulla,116,Eamia,37.45,Jesselyn Varley,jvarley2o@mac.com,68192 Mayfield Center,6/25/2021
Essential White Button-Up,Clothing - Shirts,524.58,quam sapien varius ut blandit non interdum in ante vestibulum,676,Shufflebeat,31.65,Myrah Dinzey,mdinzey2p@homestead.com,211 Thompson Crossing,11/22/2021
Canned Sardines,Food - Seafood,470.5,consequat ut nulla sed accumsan felis ut at dolor quis odio consequat,461,Bubbletube,36.38,D'arcy Tuxill,dtuxill2q@people.com.cn,8564 Bonner Circle,12/30/2021
High-Quality Yoga Block,Fitness,61.17,congue diam id ornare imperdiet sapien urna pretium nisl ut volutpat sapien arcu sed augue aliquam erat volutpat in,191,Buzzbean,39.04,Burg Mcwhinnie,bmcwhinnie2r@newsvine.com,1 Parkside Street,9/12/2021
Plaid Flannel Shirt,Clothing - Tops,120.95,aliquam erat volutpat in congue etiam justo etiam pretium iaculis justo in,367,Vitz,13.83,Berri Haglinton,bhaglinton2s@washington.edu,483 Dahle Parkway,5/31/2021
Fridge Magnet Set,Home,821.15,erat id mauris vulputate elementum nullam varius nulla facilisi cras non velit,331,Yozio,34.43,Freddy Eaddy,feaddy2t@technorati.com,61894 School Crossing,7/18/2021
Creamy Ranch Dressing,Food - Dressings,551.21,mattis pulvinar nulla pede ullamcorper augue a suscipit nulla elit ac nulla sed vel enim,503,Quimba,17.89,Kelsi Elner,kelner2u@army.mil,65 Sherman Pass,9/14/2021
Coconut Oil,Food - Oils & Vinegars,877.91,aenean auctor gravida sem praesent id massa id nisl venenatis lacinia aenean sit amet justo morbi ut odio,217,Babbleopia,40.02,Corrianne Fleay,cfleay2v@hud.gov,5 Fordem Park,8/2/2021
Legging Pants,Clothing - Activewear,920.81,scelerisque mauris sit amet eros suspendisse accumsan tortor quis turpis sed ante vivamus tortor duis,618,Cogilith,28.21,Jaquelyn Cullingworth,jcullingworth2w@pagesperso-orange.fr,9 Corben Drive,7/22/2021
Classic Watch,Accessories,486.28,hac habitasse platea dictumst maecenas ut massa quis augue luctus tincidunt nulla mollis molestie lorem,739,Skinix,36.17,Christan Emilien,cemilien2x@posterous.com,006 Anthes Way,10/5/2021
Chocolate Hazelnut Granola,Food - Cereal,568.67,ac neque duis bibendum morbi non quam nec dui luctus rutrum nulla,542,Gabvine,5.25,Dorris Grabham,dgrabham2y@zdnet.com,59920 Charing Cross Point,3/8/2021
Portable Blender,Kitchen,29.57,aliquet maecenas leo odio condimentum id luctus nec molestie sed justo pellentesque viverra pede ac diam cras pellentesque volutpat,396,Tanoodle,0.33,Josias Gosnay,jgosnay2z@baidu.com,29632 Barby Park,12/15/2021
Vegan Chocolate Cake Mix,Food - Baking,710.71,blandit ultrices enim lorem ipsum dolor sit amet consectetuer adipiscing elit proin interdum mauris non ligula pellentesque ultrices phasellus id,151,Linkbuzz,47.47,Heda Higgonet,hhiggonet30@typepad.com,30 Texas Point,2/9/2021
Compact Shoe Rack,Home,352.52,lorem vitae mattis nibh ligula nec sem duis aliquam convallis nunc proin at,256,Brainsphere,12.32,Fons Goymer,fgoymer31@lulu.com,6851 Graedel Crossing,6/19/2021
Over-the-Door Shoe Organizer,Home,990.68,lectus aliquam sit amet diam in magna bibendum imperdiet nullam orci pede venenatis non sodales sed tincidunt eu felis,131,Linktype,48.77,Burton Fidgeon,bfidgeon32@toplist.cz,46 Westerfield Terrace,7/12/2021
Hot Salsa,Food - Dips,937.7,ante vestibulum ante ipsum primis in faucibus orci luctus et,232,Twitterbeat,35.34,Trev McEntee,tmcentee33@timesonline.co.uk,97719 Elka Avenue,8/3/2021
Gardening Tools Set,Garden,719.72,nullam porttitor lacus at turpis donec posuere metus vitae ipsum aliquam non mauris morbi non lectus aliquam sit amet,222,Skinix,27.61,Mellisa Mumbeson,mmumbeson34@nsw.gov.au,63422 Golf Course Park,5/6/2021
Dishwasher Safe Cutting Board,Kitchen,439.96,ante ipsum primis in faucibus orci luctus et ultrices posuere cubilia,54,Yakitri,18.73,Reed Strowthers,rstrowthers35@bandcamp.com,5320 Fuller Pass,7/16/2021
Chickpea Salad Deluxe,Food - Produce,467.69,in est risus auctor sed tristique in tempus sit amet sem fusce consequat nulla nisl nunc nisl duis bibendum felis,717,Twitterbridge,38.78,Berke Pippard,bpippard36@deviantart.com,7578 Bayside Court,9/7/2021
Sculpting Kit,Art Supplies,471.88,erat id mauris vulputate elementum nullam varius nulla facilisi cras non velit nec nisi vulputate,222,Brightdog,27.92,Iosep Miquelet,imiquelet37@hostgator.com,1 Fairfield Street,6/10/2021
Almond Flour Biscuits,Food - Bakery,322.26,cras non velit nec nisi vulputate nonummy maecenas tincidunt lacus at velit vivamus vel nulla eget eros elementum pellentesque quisque,402,Katz,18.09,Judye Kerkham,jkerkham38@sitemeter.com,6 Rowland Trail,5/28/2021
Fishing Rod,Outdoor,501.44,in quam fringilla rhoncus mauris enim leo rhoncus sed vestibulum sit amet cursus id turpis integer aliquet massa id lobortis,267,Photospace,46.0,Kellen Longlands,klonglands39@wired.com,6 Forest Street,9/14/2021
Stylish Wide-Leg Trousers,Clothing - Bottoms,527.16,adipiscing elit proin interdum mauris non ligula pellentesque ultrices phasellus id,445,Eadel,18.58,Toinette Toffaloni,ttoffaloni3a@google.com.br,28 Riverside Pass,3/12/2021
Balsamic Fig Dressing,Food - Condiments,49.3,mauris non ligula pellentesque ultrices phasellus id sapien in sapien iaculis congue vivamus metus arcu adipiscing molestie hendrerit,388,Trudoo,39.43,Barnaby Cecely,bcecely3b@miitbeian.gov.cn,144 Prairie Rose Way,10/9/2021
Vegetable Lasagna,Food - Frozen Foods,899.25,suspendisse potenti cras in purus eu magna vulputate luctus cum sociis natoque penatibus et magnis dis,692,Zoomzone,1.39,Grove Hardistry,ghardistry3c@wikimedia.org,0 Golf Point,2/2/2021
Lentil Pasta,Food - Pasta,271.33,a feugiat et eros vestibulum ac est lacinia nisi venenatis,771,Oozz,45.54,Jaquith Aldhouse,jaldhouse3d@biblegateway.com,98 Tennyson Terrace,2/10/2021
Chipotle Sauce,Food - Condiments,922.81,orci pede venenatis non sodales sed tincidunt eu felis fusce posuere felis sed lacus morbi sem mauris laoreet,842,Meevee,10.79,Roseline Suggey,rsuggey3e@ibm.com,033 Manley Way,4/25/2021
Silicone Stretch Lids,Kitchen,521.62,mauris ullamcorper purus sit amet nulla quisque arcu libero rutrum ac lobortis vel dapibus at,815,Flipstorm,0.08,Eugen Sherrott,esherrott3f@xinhuanet.com,91 Upham Hill,4/26/2021
DIY Lip Balm Making Kit,Crafts,405.35,pede ac diam cras pellentesque volutpat dui maecenas tristique est et tempus semper est quam pharetra,804,Npath,29.3,Myrlene Duns,mduns3g@wsj.com,7691 Rutledge Avenue,6/17/2021
Falafel Mix,Food - Baking & Cooking,220.08,lacus at turpis donec posuere metus vitae ipsum aliquam non mauris morbi non lectus aliquam sit amet diam in,673,Skippad,24.47,Clem Feaver,cfeaver3h@e-recht24.de,9335 Oneill Junction,7/21/2021
Organic Cereal Bars,Food - Snacks,729.76,iaculis diam erat fermentum justo nec condimentum neque sapien placerat ante nulla justo aliquam quis,691,Wordify,41.02,Fara Corbishley,fcorbishley3i@google.com.br,00 Londonderry Parkway,5/24/2021
Adjustable Bar Stools,Furniture,946.59,orci pede venenatis non sodales sed tincidunt eu felis fusce posuere felis sed lacus morbi sem mauris,274,Oyoba,23.28,Isak Whiteman,iwhiteman3j@tripod.com,82620 Holy Cross Lane,5/24/2021
Hair Dryer,Beauty,364.57,orci luctus et ultrices posuere cubilia curae donec pharetra magna,491,Vimbo,21.32,Dulcie Dunley,ddunley3k@is.gd,93 Hayes Junction,8/25/2021
Organic Lentil Soup,Food - Soups,121.77,convallis duis consequat dui nec nisi volutpat eleifend donec ut dolor morbi,286,Twitterlist,23.23,Ariela Seckington,aseckington3l@jimdo.com,190 Karstens Circle,11/21/2021
Kids' Educational Tablet,Electronics,647.85,morbi a ipsum integer a nibh in quis justo maecenas rhoncus aliquam lacus,405,Skipstorm,21.36,Claiborne Klemke,cklemke3m@sohu.com,987 Sherman Lane,1/22/2021
Artisan Cornbread Mix,Food - Baking,933.54,felis eu sapien cursus vestibulum proin eu mi nulla ac enim in tempor,541,Livefish,18.77,Trace de Guise,tde3n@51.la,35 David Circle,9/3/2021
Spinach and Ricotta Ravioli,Food - Pasta,436.59,mauris morbi non lectus aliquam sit amet diam in magna bibendum imperdiet nullam orci pede venenatis,625,Tazzy,6.28,Elka McGunley,emcgunley3o@cisco.com,809 Southridge Hill,12/19/2021
Travel Yoga Mat,Fitness,23.2,pede libero quis orci nullam molestie nibh in lectus pellentesque at nulla suspendisse potenti cras,83,Jaxspan,31.87,Kerry Greenland,kgreenland3p@cdbaby.com,3 5th Drive,8/8/2021
Kids' Crafting Station,Toys,228.92,rutrum rutrum neque aenean auctor gravida sem praesent id massa id nisl,710,Talane,45.38,Fran Moreside,fmoreside3q@census.gov,0799 Park Meadow Hill,12/23/2021
Streaming Device,Electronics,423.15,ornare consequat lectus in est risus auctor sed tristique in tempus sit amet sem fusce consequat nulla nisl nunc,942,Wordtune,16.5,Noemi Dusey,ndusey3r@ibm.com,059 Fairview Point,1/23/2021
Portable Speakers,Audio,526.28,vulputate vitae nisl aenean lectus pellentesque eget nunc donec quis orci eget,177,Topicware,14.18,Susanne Delve,sdelve3s@state.gov,83 Lotheville Avenue,9/30/2021
Cacao Nibs,Food - Baking,928.42,dapibus duis at velit eu est congue elementum in hac habitasse platea dictumst morbi vestibulum velit id pretium iaculis diam,261,Quire,35.75,Ilse McDougald,imcdougald3t@dagondesign.com,36202 Kedzie Way,12/23/2021
Screen Cleaning Kit,Electronics,619.9,adipiscing molestie hendrerit at vulputate vitae nisl aenean lectus pellentesque eget nunc donec quis orci,976,Muxo,39.57,Homere Besque,hbesque3u@hc360.com,9334 Victoria Crossing,6/29/2021
Pineapple Chunks (canned),Food - Fruits,800.24,fusce lacus purus aliquet at feugiat non pretium quis lectus suspendisse potenti in eleifend quam,690,Browsedrive,29.91,Jamie Farquharson,jfarquharson3v@state.tx.us,11 Northwestern Plaza,7/16/2021
Fresh Basil,Food - Produce,682.13,justo in blandit ultrices enim lorem ipsum dolor sit amet consectetuer adipiscing elit,114,Digitube,41.11,Reynolds Beckham,rbeckham3w@ihg.com,6835 Express Court,5/17/2021
Cranberry Orange Juice,Food - Beverages,476.17,in magna bibendum imperdiet nullam orci pede venenatis non sodales,229,Gevee,20.72,Quintin Smithin,qsmithin3x@amazon.co.uk,26 Westridge Center,7/27/2021
Pet Safety Harness,Pets,208.91,lectus suspendisse potenti in eleifend quam a odio in hac habitasse platea dictumst maecenas ut,272,Skyndu,15.61,Albert Spadoni,aspadoni3y@trellian.com,68 Hoepker Place,9/26/2021
Smart Plant Monitor,Garden,985.29,accumsan odio curabitur convallis duis consequat dui nec nisi volutpat eleifend donec ut,488,Blogtag,41.29,Johnath Torns,jtorns3z@desdev.cn,1180 Meadow Valley Way,4/17/2021
Gluten-Free Pancake Mix,Food - Baking Goods,786.71,sapien cum sociis natoque penatibus et magnis dis parturient montes nascetur ridiculus mus etiam vel augue vestibulum rutrum,43,Voomm,46.99,Hurlee McIleen,hmcileen40@illinois.edu,26436 Muir Center,5/10/2021
Peanut Butter Banana Smoothie Mix,Food - Beverages,721.45,amet sem fusce consequat nulla nisl nunc nisl duis bibendum,662,Vipe,34.74,Lane MacTrustram,lmactrustram41@last.fm,997 New Castle Way,5/14/2021
Buffalo Cauliflower Wings,Food - Frozen Foods,499.21,ligula nec sem duis aliquam convallis nunc proin at turpis a,581,Flipstorm,37.08,Ester Mutch,emutch42@intel.com,0 Westridge Crossing,11/4/2021
Outdoor Portable Fire Pit,Outdoor,167.44,suspendisse potenti in eleifend quam a odio in hac habitasse platea dictumst maecenas,430,Jabbertype,18.17,Edeline Dobell,edobell43@fastcompany.com,6 3rd Crossing,6/26/2021
Rice Pilaf Mix,Food - Grains,444.03,nisi venenatis tristique fusce congue diam id ornare imperdiet sapien urna pretium nisl ut volutpat sapien,351,Jaxworks,44.56,Kassie Attrie,kattrie44@utexas.edu,10 Havey Circle,4/16/2021
Portable Solar Generator,Outdoor,424.37,morbi non quam nec dui luctus rutrum nulla tellus in sagittis dui vel,229,Oyope,19.08,Austin Angerstein,aangerstein45@stumbleupon.com,405 Fieldstone Hill,3/29/2021
Pet Training Clicker,Pets,943.91,dapibus augue vel accumsan tellus nisi eu orci mauris lacinia,54,Quatz,15.51,Susanne Akaster,sakaster46@g.co,0 Browning Hill,5/4/2021
Graphic Hoodie,Clothing - Outerwear,263.31,et ultrices posuere cubilia curae nulla dapibus dolor vel est donec odio justo sollicitudin ut suscipit a feugiat et,475,Fivechat,6.69,Tani Pipe,tpipe47@miibeian.gov.cn,77281 Florence Hill,12/3/2021
Pineapple Coconut Yogurt,Food - Dairy,258.18,ut dolor morbi vel lectus in quam fringilla rhoncus mauris enim leo rhoncus sed vestibulum sit,762,Eabox,37.33,Ermanno Kirby,ekirby48@diigo.com,208 Becker Way,2/25/2021
Graphic Tee,Clothing,281.54,ante ipsum primis in faucibus orci luctus et ultrices posuere cubilia curae,252,BlogXS,7.59,Franny Preston,fpreston49@patch.com,253 Eagle Crest Circle,6/10/2021
Party Mini Dress,Clothing - Dresses,520.49,non lectus aliquam sit amet diam in magna bibendum imperdiet nullam,714,Fliptune,43.28,Dyna Cracie,dcracie4a@github.com,532 Thackeray Pass,5/18/2021
Canvas High-Top Sneakers,Clothing - Footwear,667.96,a odio in hac habitasse platea dictumst maecenas ut massa quis augue luctus tincidunt,914,Feedbug,30.62,Rustin Sirette,rsirette4b@wufoo.com,39 Farmco Pass,7/24/2021
Coffee Subscription Service,Food,946.04,eget eleifend luctus ultricies eu nibh quisque id justo sit amet sapien dignissim vestibulum vestibulum ante ipsum,400,Mynte,37.25,Trevar Booton,tbooton4c@ifeng.com,526 Prentice Alley,1/3/2021
Veggie Burger Patties,Food - Meat Substitutes,715.56,eget vulputate ut ultrices vel augue vestibulum ante ipsum primis in faucibus orci luctus et ultrices posuere,666,Dabtype,24.99,Cora Ellwell,cellwell4d@shinystat.com,06091 Twin Pines Drive,12/9/2021
Organic Coconut Water,Food - Beverages,360.65,porta volutpat erat quisque erat eros viverra eget congue eget semper rutrum,872,Thoughtblab,23.9,Maressa Marjanovic,mmarjanovic4e@meetup.com,6 Stuart Pass,11/4/2021
Mini Pretzels,Food - Snacks,573.3,praesent blandit nam nulla integer pede justo lacinia eget tincidunt eget tempus vel,396,Layo,36.92,Benetta Jatczak,bjatczak4f@squidoo.com,7159 Lindbergh Lane,7/30/2021
Deluxe First Aid Kit,Health,885.43,ut rhoncus aliquet pulvinar sed nisl nunc rhoncus dui vel sem sed sagittis nam congue risus semper porta volutpat,614,Wikizz,27.94,Joletta Shewon,jshewon4g@4shared.com,0034 Anderson Park,12/14/2021
Apple Cinnamon Breakfast Muffins,Food - Bakery,25.49,mauris laoreet ut rhoncus aliquet pulvinar sed nisl nunc rhoncus dui vel sem sed sagittis nam,289,Mynte,48.0,Fabian Dugdale,fdugdale4h@ezinearticles.com,800 Schurz Park,2/23/2021
Coffee Grinder,Kitchen,815.78,neque sapien placerat ante nulla justo aliquam quis turpis eget elit sodales scelerisque,481,Realbuzz,37.18,Linet Calafato,lcalafato4i@wisc.edu,806 Farmco Lane,10/9/2021
Organic Honeycrisp Apples,Food - Fruits,618.2,consequat metus sapien ut nunc vestibulum ante ipsum primis in faucibus orci luctus et ultrices posuere,794,Tazz,39.49,Tad Cammack,tcammack4j@altervista.org,5873 Texas Plaza,10/22/2021
Magnetic Phone Car Mount,Automotive,286.88,pellentesque at nulla suspendisse potenti cras in purus eu magna vulputate luctus cum sociis natoque penatibus et magnis,80,Skyndu,34.85,Heinrick Orme,horme4k@digg.com,2748 Stuart Center,10/16/2021
Reusable Produce Bags Set,Kitchen,743.99,ultrices posuere cubilia curae donec pharetra magna vestibulum aliquet ultrices erat tortor sollicitudin,71,Shufflester,17.85,Jamaal Bruggen,jbruggen4l@meetup.com,7425 Declaration Hill,9/3/2021
Scent Diffuser,Home,344.13,elementum pellentesque quisque porta volutpat erat quisque erat eros viverra,232,Kanoodle,13.24,Emanuele Pawelek,epawelek4m@foxnews.com,83 Springview Point,5/25/2021
Sour Cream,Food - Dairy,158.79,in lectus pellentesque at nulla suspendisse potenti cras in purus eu magna vulputate luctus cum,772,Quimba,42.82,Burch Maplethorp,bmaplethorp4n@who.int,120 Crest Line Alley,11/25/2021
Sliced Turkey Breast,Food - Deli Meats,640.48,etiam justo etiam pretium iaculis justo in hac habitasse platea dictumst etiam faucibus cursus urna ut tellus nulla ut,749,Jamia,37.45,Catharine Peschka,cpeschka4o@github.com,449 Anzinger Pass,5/12/2021
Asian Salad Mix,Food - Produce,205.84,vel ipsum praesent blandit lacinia erat vestibulum sed magna at nunc commodo placerat praesent blandit nam nulla integer pede justo,497,Linktype,48.55,Eb Meadway,emeadway4p@webs.com,14922 East Avenue,8/17/2021
Travel Laundry Bag,Travel,948.7,parturient montes nascetur ridiculus mus etiam vel augue vestibulum rutrum rutrum neque aenean auctor,42,Muxo,44.24,Corrinne Quaintance,cquaintance4q@amazon.co.uk,9 Onsgard Junction,2/9/2021
Waffle Maker,Kitchen,622.79,pellentesque at nulla suspendisse potenti cras in purus eu magna,234,Devpoint,27.05,Jefferson Ernshaw,jernshaw4r@themeforest.net,2 Rutledge Parkway,5/11/2021
Kombucha Drink,Food - Beverages,735.74,et ultrices posuere cubilia curae mauris viverra diam vitae quam suspendisse potenti nullam porttitor lacus,74,Brightbean,24.86,Chrisy Wicklin,cwicklin4s@cpanel.net,673 Larry Lane,7/2/2021
Teriyaki Stir-Fry Sauce,Food - Condiments,543.02,orci pede venenatis non sodales sed tincidunt eu felis fusce,806,Blogtags,37.29,Chelsie Rickaby,crickaby4t@sogou.com,73871 Lien Hill,1/29/2021
Almond Milk,Food - Dairy,717.31,in quam fringilla rhoncus mauris enim leo rhoncus sed vestibulum sit amet cursus id turpis integer aliquet massa,950,Devify,9.7,Lanae Temperley,ltemperley4u@weather.com,993 La Follette Plaza,6/25/2021
Ceramic Knife Set,Kitchen,403.93,nulla integer pede justo lacinia eget tincidunt eget tempus vel pede morbi porttitor lorem id ligula suspendisse ornare consequat lectus,572,Gabspot,14.26,Edythe Gwyn,egwyn4v@mediafire.com,1 Menomonie Trail,6/9/2021
Honey Mustard Pretzel Bites,Food - Snacks,782.35,cubilia curae donec pharetra magna vestibulum aliquet ultrices erat tortor sollicitudin mi sit amet lobortis sapien sapien,36,Trudeo,32.14,Elyn Heard,eheard4w@alexa.com,51804 Express Pass,12/11/2021
Photo Album,Home,397.18,interdum venenatis turpis enim blandit mi in porttitor pede justo eu massa donec,672,Thoughtblab,47.01,Franklin Schelle,fschelle4x@so-net.ne.jp,17 Thackeray Terrace,6/9/2021
Pet Hair Vacuum Cleaner Attachment,Pets,128.5,rhoncus aliquet pulvinar sed nisl nunc rhoncus dui vel sem,792,Ailane,1.73,Karrah Armatage,karmatage4y@amazon.de,77790 Sheridan Alley,2/11/2021
Collapsible Camping Cup,Outdoor,574.29,sapien cursus vestibulum proin eu mi nulla ac enim in tempor turpis nec euismod scelerisque quam turpis adipiscing,610,Agivu,32.31,Anetta Cramphorn,acramphorn4z@intel.com,9 Burning Wood Place,8/14/2021
Vegan Mac & Cheese,Food - Frozen,480.6,interdum eu tincidunt in leo maecenas pulvinar lobortis est phasellus sit amet erat nulla tempus vivamus in felis,181,Voolia,42.55,Rebecka Berger,rberger50@github.com,4 Gateway Junction,10/4/2021
Chili Lime Seasoning,Food - Spices,530.06,pulvinar nulla pede ullamcorper augue a suscipit nulla elit ac nulla sed,1000,Youspan,43.87,Kenton Gumn,kgumn51@cargocollective.com,2 Mariners Cove Junction,4/26/2021
Cauliflower Pizza Crust,Food - Frozen Foods,802.52,sit amet nunc viverra dapibus nulla suscipit ligula in lacus curabitur at ipsum ac tellus semper,84,Edgeblab,36.83,Dorey MacCaig,dmaccaig52@vimeo.com,40 Northfield Junction,3/16/2021
Customizable Name Puzzle,Toys,471.1,phasellus in felis donec semper sapien a libero nam dui proin leo odio,132,Shuffledrive,32.11,Stesha Manis,smanis53@un.org,44 Schlimgen Way,11/8/2021
Organic Cereal Bars,Food - Snacks,338.9,turpis elementum ligula vehicula consequat morbi a ipsum integer a nibh in quis justo maecenas rhoncus aliquam lacus morbi quis,124,Npath,23.91,Rozalie Giacoppo,rgiacoppo54@ifeng.com,1 Rusk Point,5/26/2021
Sporty Slide Sandals,Clothing - Footwear,276.37,nunc viverra dapibus nulla suscipit ligula in lacus curabitur at ipsum,53,Realcube,15.69,Hayes Boucher,hboucher55@ebay.com,7 Butternut Lane,7/21/2021
Chewy Granola Bars,Food - Snacks,977.22,sapien a libero nam dui proin leo odio porttitor id consequat in consequat ut nulla sed accumsan felis ut,387,Roodel,3.14,Chrisse Sicily,csicily56@qq.com,03 Summer Ridge Point,10/20/2021
Maple Syrup,Food - Condiments,344.4,faucibus orci luctus et ultrices posuere cubilia curae mauris viverra diam vitae quam suspendisse potenti nullam porttitor lacus at turpis,191,Twinder,32.97,Field Booley,fbooley57@rakuten.co.jp,25 Aberg Hill,6/3/2021
Hiking Gaiters,Outdoor,404.34,lacinia sapien quis libero nullam sit amet turpis elementum ligula,761,Photolist,16.46,Ellissa Bendan,ebendan58@virginia.edu,4415 North Street,2/16/2021
Ripped Boyfriend Jeans,Clothing - Bottoms,93.12,risus dapibus augue vel accumsan tellus nisi eu orci mauris lacinia sapien quis libero nullam sit amet turpis elementum ligula,40,Plajo,40.83,Evelyn Yanshonok,eyanshonok59@wordpress.com,8440 Hoffman Pass,4/16/2021
Yoga Mat Carrier,Fitness,476.59,nulla nunc purus phasellus in felis donec semper sapien a libero nam dui proin,516,Riffpath,28.46,Danette Langdale,dlangdale5a@squidoo.com,19396 Prentice Crossing,8/17/2021
Oats,Food - Grains,135.59,justo in blandit ultrices enim lorem ipsum dolor sit amet consectetuer adipiscing elit,711,Tazz,24.06,Kacie Wogden,kwogden5b@mtv.com,1550 Myrtle Pass,6/15/2021
Reflective Safety Vest,Safety,170.49,libero nullam sit amet turpis elementum ligula vehicula consequat morbi a,15,Blogtags,5.66,Jobye Lorimer,jlorimer5c@ft.com,21 Oneill Road,12/10/2021
Compact Dishwasher,Home Appliances,585.18,montes nascetur ridiculus mus etiam vel augue vestibulum rutrum rutrum neque aenean,945,Brainbox,36.25,Larissa Barwood,lbarwood5d@wikimedia.org,19 Green Street,7/23/2021
Oven Thermometer,Kitchen,138.64,magna vestibulum aliquet ultrices erat tortor sollicitudin mi sit amet lobortis sapien sapien non mi integer ac neque duis,581,Youspan,2.37,Penn Crassweller,pcrassweller5e@drupal.org,69 Mayfield Center,3/27/2021
Almond Crunch Granola Bars,Food - Snacks,986.15,eu sapien cursus vestibulum proin eu mi nulla ac enim in tempor turpis nec euismod,128,Yoveo,34.6,Aylmer Roney,aroney5f@forbes.com,089 Helena Place,3/23/2021
Stainless Steel Straws,Kitchen,786.34,a suscipit nulla elit ac nulla sed vel enim sit amet nunc,823,Quire,7.17,Merrick Weale,mweale5g@google.co.jp,65637 7th Plaza,7/6/2021
Sliced Ham,Food - Meat,106.33,in hac habitasse platea dictumst etiam faucibus cursus urna ut tellus nulla ut erat id mauris vulputate elementum nullam,424,Tekfly,15.92,Maryjane Gresswell,mgresswell5h@tinyurl.com,369 Hoard Alley,6/3/2021
Mediterranean Olives,Food - Condiments,385.73,integer non velit donec diam neque vestibulum eget vulputate ut,857,Dynabox,35.18,Ibbie Warburton,iwarburton5i@fema.gov,489 Pawling Point,9/15/2021
Coconut Almond Granola,Food - Breakfast,323.81,natoque penatibus et magnis dis parturient montes nascetur ridiculus mus etiam,713,Tazz,20.34,Bil Joye,bjoye5j@unesco.org,9127 Havey Hill,11/20/2021
LED Christmas Lights,Home,189.4,magna at nunc commodo placerat praesent blandit nam nulla integer pede justo lacinia eget,378,Edgeblab,2.81,Lea Abernethy,labernethy5k@hp.com,64211 School Drive,12/17/2021
Electric Stir Fry Pan,Kitchen,316.56,eros viverra eget congue eget semper rutrum nulla nunc purus phasellus,937,Skinix,26.13,Beryle McCullogh,bmccullogh5l@berkeley.edu,4418 Towne Hill,4/13/2021
Apple Cinnamon Breakfast Muffins,Food - Bakery,886.36,condimentum curabitur in libero ut massa volutpat convallis morbi odio odio elementum eu interdum eu tincidunt in leo,200,Kazu,8.41,Kaylil Laible,klaible5m@senate.gov,21691 Golf View Parkway,6/18/2021
Kale Caesar Salad Kit,Food - Salads,690.05,auctor gravida sem praesent id massa id nisl venenatis lacinia aenean sit amet justo morbi ut odio cras mi,695,Abata,3.72,Siward Jasiak,sjasiak5n@virginia.edu,31759 Iowa Plaza,8/14/2021
Portable Charcoal Grill,Outdoor,63.26,non pretium quis lectus suspendisse potenti in eleifend quam a odio in hac habitasse,912,Flipopia,45.01,Monti Sherred,msherred5o@forbes.com,3453 Gerald Drive,9/3/2021
Pumpkin Seeds,Food - Snacks,142.26,praesent blandit nam nulla integer pede justo lacinia eget tincidunt eget tempus vel pede morbi porttitor lorem id ligula,945,Skivee,29.3,Jamal Corsham,jcorsham5p@51.la,14 Cody Road,8/10/2021
Pear and Gorgonzola Salad,Food - Salads,343.23,sed justo pellentesque viverra pede ac diam cras pellentesque volutpat dui,657,Oyonder,21.87,Francisca Inseal,finseal5q@histats.com,581 Clarendon Center,2/7/2021
Free-Range Eggs,Food - Dairy,982.55,posuere nonummy integer non velit donec diam neque vestibulum eget,809,Trilia,33.56,Bonni Khilkov,bkhilkov5r@deviantart.com,8353 1st Court,2/26/2021
Black Bean Soup,Food - Soups,862.49,posuere cubilia curae donec pharetra magna vestibulum aliquet ultrices erat tortor sollicitudin mi,487,Aimbu,45.18,Malchy Wainwright,mwainwright5s@angelfire.com,92 Raven Road,6/29/2021
Magnetic Phone Car Mount,Automotive,939.41,nulla tellus in sagittis dui vel nisl duis ac nibh fusce lacus purus aliquet at feugiat non pretium,879,Skivee,30.19,Bron Cornils,bcornils5t@marketwatch.com,2226 Mifflin Road,4/9/2021
DIY Lip Balm Kit,Crafts,779.09,in hac habitasse platea dictumst etiam faucibus cursus urna ut tellus nulla ut erat,713,Twinte,29.96,Claudelle McFadden,cmcfadden5u@businessinsider.com,8016 Ruskin Junction,4/2/2021
Plaid Flannel Shirt,Clothing - Tops,216.56,non pretium quis lectus suspendisse potenti in eleifend quam a odio in hac habitasse platea dictumst maecenas ut,718,Riffpath,46.13,Wright Overshott,wovershott5v@delicious.com,45372 Dahle Point,11/23/2021
Folding Backpack Chair,Outdoor,761.0,quis turpis sed ante vivamus tortor duis mattis egestas metus aenean fermentum donec ut mauris eget massa tempor convallis,986,Kazio,13.48,Ivar Exon,iexon5w@squarespace.com,9321 Service Place,1/26/2021
Jennifer's Amazing Lip Balm Kit,Beauty,410.96,morbi non lectus aliquam sit amet diam in magna bibendum imperdiet nullam orci pede venenatis non sodales,414,Zoombeat,0.52,Rudiger Adshede,radshede5x@patch.com,50117 Waywood Place,6/18/2021
Smart Light Switch,Smart Home,559.31,pellentesque viverra pede ac diam cras pellentesque volutpat dui maecenas tristique est,787,Ntag,12.49,Shana Whittaker,swhittaker5y@github.com,816 Monument Junction,4/29/2021
Memory Foam Mattress Topper,Home,178.21,curabitur at ipsum ac tellus semper interdum mauris ullamcorper purus sit,609,Gabvine,31.73,Kat Gipp,kgipp5z@gravatar.com,8 Rowland Place,5/13/2021
Stainless Steel Mixing Bowls,Kitchen,892.46,at turpis donec posuere metus vitae ipsum aliquam non mauris morbi non,427,Youfeed,15.26,Dorthea Mellon,dmellon60@sitemeter.com,00732 Little Fleur Place,4/4/2021
Active Racerback Tank,Clothing - Tops,215.93,volutpat dui maecenas tristique est et tempus semper est quam pharetra magna ac consequat metus sapien ut nunc vestibulum,115,Mybuzz,47.9,Ingar Boddington,iboddington61@de.vu,8 Oxford Way,12/13/2021
Kids' Trampoline,Toys,976.65,mi in porttitor pede justo eu massa donec dapibus duis at velit,300,Gigashots,14.08,Warden McGrotty,wmcgrotty62@odnoklassniki.ru,81887 Anzinger Court,5/14/2021
Italian Herb Balsamic Marinade,Food - Condiments,809.91,enim sit amet nunc viverra dapibus nulla suscipit ligula in lacus curabitur,527,Eimbee,34.72,Bendick Saffran,bsaffran63@senate.gov,13956 Cody Road,9/30/2021
Bicycle Lock,Bicycles,27.17,integer pede justo lacinia eget tincidunt eget tempus vel pede morbi porttitor lorem id ligula,946,Twitterbeat,14.9,Natividad Pawle,npawle64@etsy.com,669 Petterle Circle,5/5/2021
Sliced Bread,Food - Bakery,808.11,dolor vel est donec odio justo sollicitudin ut suscipit a feugiat et,898,Buzzster,12.81,Robena Meiklam,rmeiklam65@huffingtonpost.com,421 Glacier Hill Crossing,6/17/2021
Halloween Decoration Set,Home,536.76,vestibulum eget vulputate ut ultrices vel augue vestibulum ante ipsum primis in faucibus orci luctus et ultrices posuere cubilia,956,Skajo,35.4,Rochell Oliphant,roliphant66@mayoclinic.com,161 Butterfield Drive,4/12/2021
Handheld Garment Steamer,Home,3.76,sapien placerat ante nulla justo aliquam quis turpis eget elit sodales scelerisque mauris sit amet eros suspendisse accumsan tortor quis,942,Chatterpoint,30.29,Cherlyn Bellham,cbellham67@europa.eu,7036 1st Way,1/6/2021
Beef Chili,Food - Canned Goods,488.3,turpis enim blandit mi in porttitor pede justo eu massa donec dapibus duis at velit eu est congue elementum,194,Rooxo,44.69,Aguste Hubbart,ahubbart68@webs.com,590 Sullivan Alley,1/4/2021
Travel Mug with Leak-Proof Lid,Kitchen,688.88,nullam orci pede venenatis non sodales sed tincidunt eu felis fusce posuere felis sed,640,Tagchat,22.76,Ealasaid Ottiwill,eottiwill69@ucla.edu,0 Thierer Pass,9/13/2021
Almond Flour Brownies,Food - Baking,187.47,est lacinia nisi venenatis tristique fusce congue diam id ornare imperdiet sapien urna pretium nisl ut volutpat sapien arcu,427,Ntags,28.62,Hillary Leroy,hleroy6a@ustream.tv,8 Dovetail Point,9/22/2021
Pet Leash,Pets,304.9,donec odio justo sollicitudin ut suscipit a feugiat et eros,687,DabZ,14.97,Robbin Desesquelle,rdesesquelle6b@nyu.edu,2165 Roxbury Pass,9/12/2021
Educational STEM Kit,Toys,485.11,mus etiam vel augue vestibulum rutrum rutrum neque aenean auctor gravida sem praesent id massa id nisl venenatis lacinia aenean,980,Zoonder,23.78,Josiah Bennetto,jbennetto6c@kickstarter.com,47185 Aberg Parkway,12/14/2021
Microfiber Cleaning Cloths,Home,141.35,potenti in eleifend quam a odio in hac habitasse platea dictumst maecenas ut massa,486,Ainyx,25.48,Tyrone Jacobsson,tjacobsson6d@nasa.gov,86002 Valley Edge Circle,9/22/2021
Travel Pillow with Memory Foam,Travel,513.77,sit amet turpis elementum ligula vehicula consequat morbi a ipsum integer a nibh in quis justo maecenas rhoncus,101,Brainlounge,36.98,Tiphani Grigoryov,tgrigoryov6e@usgs.gov,8 Surrey Avenue,8/8/2021
Sweet Potato & Kale Hash,Food - Prepared Foods,117.99,vel nisl duis ac nibh fusce lacus purus aliquet at feugiat non,403,Abatz,24.81,Merrick Bartusek,mbartusek6f@geocities.com,47 Barnett Place,10/26/2021
Portable Electric Fan,Home,971.84,nec nisi vulputate nonummy maecenas tincidunt lacus at velit vivamus vel nulla eget eros elementum,112,Zoombox,44.02,Magnum Adolphine,madolphine6g@independent.co.uk,9659 Mayer Place,1/15/2021
Sliced Provolone Cheese,Food - Dairy,72.42,tincidunt in leo maecenas pulvinar lobortis est phasellus sit amet,270,Roombo,24.27,Adah Ruggieri,aruggieri6h@cnbc.com,1 Badeau Place,7/19/2021
Travel Sewing Kit,Travel,753.67,est lacinia nisi venenatis tristique fusce congue diam id ornare imperdiet sapien urna pretium nisl ut volutpat sapien arcu,950,Plambee,30.07,Emilio Duthie,eduthie6i@forbes.com,11520 Fremont Way,9/10/2021
Organic Baby Spinach,Food - Produce,999.81,potenti nullam porttitor lacus at turpis donec posuere metus vitae ipsum aliquam non mauris morbi non lectus,117,Browseblab,23.41,Claudina Jeannard,cjeannard6j@sbwire.com,3 Pennsylvania Point,2/25/2021
Wildflower Honey,Food - Condiments,132.84,nulla tellus in sagittis dui vel nisl duis ac nibh,751,LiveZ,28.51,Janelle Pilkinton,jpilkinton6k@surveymonkey.com,570 Gale Plaza,6/19/2021
Honey Mustard Dip,Food - Condiments,924.04,quam nec dui luctus rutrum nulla tellus in sagittis dui vel nisl,726,Shuffledrive,36.18,Palmer Macconaghy,pmacconaghy6l@flickr.com,4 Blaine Street,6/26/2021
Wrap Jumpsuit,Clothing - Jumpsuits,690.22,morbi a ipsum integer a nibh in quis justo maecenas rhoncus aliquam lacus morbi quis tortor,847,Jabbersphere,7.21,Olive Hadny,ohadny6m@senate.gov,1 Burrows Park,2/21/2021
Indestructible Dog Toy,Pets,442.04,integer ac leo pellentesque ultrices mattis odio donec vitae nisi nam ultrices libero non mattis pulvinar,347,Topdrive,15.16,Quintilla Emsley,qemsley6n@scribd.com,2 Ridgeway Trail,2/2/2021
Spicy Hummus,Food - Deli,756.11,odio curabitur convallis duis consequat dui nec nisi volutpat eleifend donec,644,Devshare,20.11,Cloris Demer,cdemer6o@sohu.com,20386 Buena Vista Center,6/8/2021
Mint Chocolate Chip Ice Cream,Food - Frozen Desserts,683.14,nulla sed vel enim sit amet nunc viverra dapibus nulla suscipit ligula in lacus curabitur at ipsum ac,822,Jaxbean,23.27,Conni Godber,cgodber6p@ning.com,555 Talmadge Avenue,11/2/2021
Cookbook,Books,807.28,pellentesque volutpat dui maecenas tristique est et tempus semper est quam pharetra magna,0,Jayo,34.97,Kimberlyn Ivons,kivons6q@rediff.com,11391 Schiller Lane,1/12/2021
Maple Cinnamon Granola,Food - Cereals,543.41,metus aenean fermentum donec ut mauris eget massa tempor convallis nulla neque libero convallis,78,Divape,17.93,Elayne Cotterill,ecotterill6r@slideshare.net,83877 Northridge Road,9/17/2021
Grilled Vegetable Medley,Food - Vegetables,816.85,commodo placerat praesent blandit nam nulla integer pede justo lacinia eget tincidunt eget,966,Eabox,47.51,Vally Worge,vworge6s@biglobe.ne.jp,557 Kingsford Lane,2/10/2021
Pet Grooming Gloves,Pets,187.88,leo rhoncus sed vestibulum sit amet cursus id turpis integer aliquet massa id lobortis convallis tortor risus dapibus augue vel,378,Zava,24.86,Rich Tuffield,rtuffield6t@wunderground.com,52793 David Point,8/30/2021
Wireless Gaming Headset,Gaming,873.49,nisl aenean lectus pellentesque eget nunc donec quis orci eget orci,711,Riffpath,0.66,Kissie Kimpton,kkimpton6u@pcworld.com,35642 Mifflin Alley,7/25/2021
Non-Stick Crepe Pan,Kitchen,490.56,convallis eget eleifend luctus ultricies eu nibh quisque id justo sit amet sapien dignissim vestibulum,781,Lazz,30.3,Winona Royans,wroyans6v@webnode.com,33698 Upham Drive,5/20/2021
High-Speed Hand Blender,Kitchen,639.52,interdum venenatis turpis enim blandit mi in porttitor pede justo eu massa donec dapibus duis at velit eu,725,Yoveo,2.82,Herold Millen,hmillen6w@about.com,31 Anniversary Trail,9/26/2021
Honey Roasted Peanuts,Food - Snacks,281.31,amet consectetuer adipiscing elit proin interdum mauris non ligula pellentesque ultrices phasellus id sapien in sapien iaculis congue vivamus,175,Yamia,17.5,Cort Skipp,cskipp6x@craigslist.org,62 Summerview Junction,12/4/2021
Tandoori Chicken Marinade,Food - Condiments,42.48,tincidunt nulla mollis molestie lorem quisque ut erat curabitur gravida nisi at nibh,194,Quinu,10.2,Nadiya Edelheid,nedelheid6y@mapy.cz,157 Vermont Way,1/29/2021
Pecan Nuts,Food - Snacks,500.05,ut rhoncus aliquet pulvinar sed nisl nunc rhoncus dui vel sem sed sagittis nam,520,Skipstorm,25.74,Eryn Gay,egay6z@mozilla.com,013 Bay Circle,9/16/2021
Chocolate Chip Cliff Bars,Food - Snacks,680.2,nulla tempus vivamus in felis eu sapien cursus vestibulum proin,740,Trunyx,10.38,Donnajean Saines,dsaines70@w3.org,6471 Maple Pass,1/2/2021
Portable Solar Generator,Outdoor,463.37,rutrum neque aenean auctor gravida sem praesent id massa id nisl venenatis lacinia,901,Gigabox,11.15,Ramonda Gentil,rgentil71@macromedia.com,7552 Holmberg Point,8/8/2021
Outdoor Adventure Kit,Outdoor,676.25,faucibus orci luctus et ultrices posuere cubilia curae donec pharetra,976,Youspan,4.98,Milt De Andisie,mde72@seesaa.net,5 Grim Park,2/23/2021
Vegetable Medley,Food - Produce,754.86,vel nulla eget eros elementum pellentesque quisque porta volutpat erat,471,Brightbean,2.81,Cordy Twine,ctwine73@domainmarket.com,70 Menomonie Terrace,11/10/2021
Peach Salsa,Food - Dips,455.7,scelerisque mauris sit amet eros suspendisse accumsan tortor quis turpis sed ante vivamus tortor duis mattis egestas metus aenean fermentum,937,Bubblebox,46.65,Conroy Struther,cstruther74@fc2.com,02 Petterle Place,5/2/2021
Lemon Sorbet,Food - Frozen Desserts,847.23,quis lectus suspendisse potenti in eleifend quam a odio in hac habitasse platea dictumst maecenas ut massa quis augue,425,Browsetype,32.18,Toddy Malenoir,tmalenoir75@plala.or.jp,90 Starling Trail,9/19/2021
Maple Glazed Carrots,Food - Prepared Foods,903.97,at lorem integer tincidunt ante vel ipsum praesent blandit lacinia erat vestibulum sed,583,Skinte,48.31,Aloise Scanterbury,ascanterbury76@free.fr,88 Lyons Avenue,11/24/2021
Portable Hand Warmer,Accessories,906.37,turpis elementum ligula vehicula consequat morbi a ipsum integer a nibh in quis justo maecenas rhoncus aliquam lacus morbi quis,971,Eimbee,34.63,Felizio Blasi,fblasi77@wiley.com,9524 4th Street,5/9/2021
Crew Neck Sweater,Clothing - Sweaters,366.86,odio justo sollicitudin ut suscipit a feugiat et eros vestibulum ac est lacinia nisi venenatis tristique fusce congue diam id,869,Dabshots,46.98,Ermanno Szanto,eszanto78@dell.com,44754 Bluestem Center,6/14/2021
Smart Wi-Fi Camera,Smart Home,137.4,integer a nibh in quis justo maecenas rhoncus aliquam lacus morbi quis tortor id nulla ultrices aliquet maecenas leo odio,983,Geba,17.19,Dora Tench,dtench79@bravesites.com,7 Larry Parkway,11/2/2021
Outdoor Adventure Backpack,Outdoor,424.58,faucibus orci luctus et ultrices posuere cubilia curae duis faucibus accumsan odio curabitur convallis duis consequat dui,265,Realcube,16.17,Guido Haucke,ghaucke7a@hao123.com,09 Homewood Drive,7/21/2021
Portable Laptop Table,Office,622.16,ante vestibulum ante ipsum primis in faucibus orci luctus et,32,Bluejam,10.08,Oona Pilling,opilling7b@alibaba.com,1577 Forest Run Parkway,5/27/2021
Wireless HDMI Transmitter,Electronics,949.58,eget eleifend luctus ultricies eu nibh quisque id justo sit amet sapien dignissim vestibulum,97,Photobean,44.73,Trescha Krollmann,tkrollmann7c@earthlink.net,5024 Packers Drive,5/3/2021
Blueberry Muffin Mix,Food - Baking,135.63,laoreet ut rhoncus aliquet pulvinar sed nisl nunc rhoncus dui vel sem,361,Brightbean,46.53,Nari Gartery,ngartery7d@desdev.cn,47 Buhler Plaza,11/28/2021
Compact Pop-Up Tent,Outdoor,776.2,ultrices erat tortor sollicitudin mi sit amet lobortis sapien sapien non mi,689,Brightbean,35.16,Kelly Brownbill,kbrownbill7e@tripadvisor.com,66 Petterle Avenue,10/3/2021
Frozen Edamame,Food - Frozen Foods,41.62,cum sociis natoque penatibus et magnis dis parturient montes nascetur ridiculus mus,858,Oyoyo,18.68,Kaleena Van der Velden,kvan7f@sina.com.cn,9 Sutteridge Lane,9/13/2021
Sports Bottle,Fitness,367.79,accumsan tortor quis turpis sed ante vivamus tortor duis mattis egestas metus aenean fermentum donec,135,Zoozzy,10.34,Sabina Sellors,ssellors7g@cdbaby.com,572 Randy Parkway,12/27/2021
Sporty Slide Sandals,Clothing - Footwear,800.04,nulla elit ac nulla sed vel enim sit amet nunc viverra dapibus nulla suscipit,354,Skinder,33.97,Cece Thams,cthams7h@latimes.com,1537 Ohio Plaza,7/6/2021
Cucumber,Food - Produce,274.09,enim blandit mi in porttitor pede justo eu massa donec dapibus duis at velit eu est congue,447,Aibox,49.94,Lorilyn Vauls,lvauls7i@twitter.com,2217 Homewood Lane,7/25/2021
Salsa Verde,Food - Condiments,168.06,tellus nulla ut erat id mauris vulputate elementum nullam varius nulla facilisi cras non velit nec nisi vulputate,255,Edgepulse,18.52,Benny Brumby,bbrumby7j@army.mil,6813 Sachtjen Junction,9/2/2021
Electric Pressure Cooker,Kitchen,164.04,rutrum neque aenean auctor gravida sem praesent id massa id nisl venenatis lacinia aenean sit amet,607,Voomm,43.4,Karola Goddman,kgoddman7k@businessinsider.com,4949 Merrick Pass,7/18/2021
Wireless Car Charger,Automotive,493.35,faucibus orci luctus et ultrices posuere cubilia curae duis faucibus accumsan odio curabitur convallis duis consequat dui,22,Livefish,13.28,Eddie Philipart,ephilipart7l@mail.ru,19 Hanson Plaza,2/1/2021
BBQ Jackfruit,Food - Prepared Foods,799.28,sapien arcu sed augue aliquam erat volutpat in congue etiam justo etiam pretium iaculis,628,Dabshots,35.9,Ignatius Gauson,igauson7m@ucla.edu,97805 Scofield Road,7/27/2021
Teriyaki Chicken Stir-Fry,Food - Frozen Foods,980.11,ligula vehicula consequat morbi a ipsum integer a nibh in,301,Voonix,39.17,Lona Stirrip,lstirrip7n@ustream.tv,8457 Bowman Alley,2/18/2021
Printed Maxi Skirt,Clothing - Skirts,270.16,metus aenean fermentum donec ut mauris eget massa tempor convallis nulla neque libero convallis,142,Skidoo,2.65,Elisabet Wyles,ewyles7o@admin.ch,0 Morrow Point,2/8/2021
Portable Solar Charger,Electronics,223.91,leo pellentesque ultrices mattis odio donec vitae nisi nam ultrices libero non,254,Browsecat,41.48,Ruthie Dodshon,rdodshon7p@marketwatch.com,1 Bashford Plaza,3/9/2021
Athletic Compression Tights,Clothing - Activewear,869.23,eget elit sodales scelerisque mauris sit amet eros suspendisse accumsan,241,Aivee,37.2,Brita Bellsham,bbellsham7q@discovery.com,84492 Evergreen Pass,5/11/2021
Stuffed Grape Leaves,Food - Prepared Foods,856.48,cum sociis natoque penatibus et magnis dis parturient montes nascetur ridiculus mus vivamus vestibulum sagittis sapien cum sociis natoque penatibus,907,Dabjam,0.53,Jeffry Sibbald,jsibbald7r@typepad.com,47 Hoard Lane,4/21/2021
Smart WiFi Plug,Smart Home,749.14,eget semper rutrum nulla nunc purus phasellus in felis donec semper sapien a libero nam dui proin leo odio,719,Bubblebox,0.55,Levi Glason,lglason7s@issuu.com,6077 Lakewood Street,4/21/2021
Electric Toothbrush,Health,615.5,est donec odio justo sollicitudin ut suscipit a feugiat et eros vestibulum ac est lacinia,197,Podcat,46.34,Andree Scopham,ascopham7t@hugedomains.com,4535 Thackeray Hill,8/4/2021
Avocados,Food - Produce,413.6,consequat varius integer ac leo pellentesque ultrices mattis odio donec vitae nisi nam ultrices libero non,164,Browsecat,41.46,Chalmers Middleton,cmiddleton7u@usnews.com,80079 Nobel Drive,7/26/2021
Screen Cleaning Kit,Electronics,140.72,ipsum primis in faucibus orci luctus et ultrices posuere cubilia curae duis faucibus accumsan odio curabitur convallis,874,Voolia,47.57,Robena Fairham,rfairham7v@miitbeian.gov.cn,6447 Derek Pass,1/28/2021
Watercolor Paint Set,Art Supplies,957.35,metus arcu adipiscing molestie hendrerit at vulputate vitae nisl aenean lectus,749,Quinu,13.24,Pen Matthewman,pmatthewman7w@theguardian.com,470 Katie Way,5/5/2021
Pretzel Bites,Food - Snacks,418.99,luctus ultricies eu nibh quisque id justo sit amet sapien dignissim vestibulum vestibulum ante ipsum primis in faucibus orci luctus,328,Yadel,46.02,Fawnia Summerell,fsummerell7x@blogspot.com,261 Alpine Center,8/5/2021
Non-Stick Grill Pan,Kitchen,966.23,ipsum primis in faucibus orci luctus et ultrices posuere cubilia curae nulla dapibus dolor,900,Topicware,42.03,Ermin Spivie,espivie7y@tripod.com,63 Mcbride Trail,3/11/2021
Heated Throw Blanket,Home,678.63,nec condimentum neque sapien placerat ante nulla justo aliquam quis turpis eget elit sodales scelerisque mauris sit,109,Zoomdog,42.76,Mamie Shelper,mshelper7z@quantcast.com,2533 Hoffman Pass,7/30/2021
Chili Beans in Sauce,Food - Canned Goods,53.11,blandit non interdum in ante vestibulum ante ipsum primis in faucibus orci luctus,566,Brainsphere,1.22,Silvia Potte,spotte80@uiuc.edu,121 Hintze Circle,12/27/2021
Vegetable Stir-Fry Sauce,Food - Sauces,769.94,condimentum neque sapien placerat ante nulla justo aliquam quis turpis eget elit sodales scelerisque mauris,990,Flipopia,4.96,Cori Iorizzo,ciorizzo81@hatena.ne.jp,11 Anthes Point,5/26/2021
Winter Insulated Jacket,Clothing,551.82,donec dapibus duis at velit eu est congue elementum in hac,10,Dabtype,41.21,Banky Loftus,bloftus82@prnewswire.com,2427 Sage Pass,6/23/2021
Rustic Italian Bread,Food - Bakery,47.09,adipiscing elit proin interdum mauris non ligula pellentesque ultrices phasellus id sapien in sapien,137,Kaymbo,12.41,Tito Wormleighton,twormleighton83@cnet.com,8 Oakridge Court,4/3/2021
Gluten-Free Biscuits,Food - Baking,81.45,tempor convallis nulla neque libero convallis eget eleifend luctus ultricies,846,Teklist,44.09,Steffie Muston,smuston84@geocities.jp,16 Del Sol Plaza,10/7/2021
Infrared Thermometer Gun,Health,685.43,tincidunt in leo maecenas pulvinar lobortis est phasellus sit amet erat nulla tempus,19,Oozz,13.66,Netti Spradbery,nspradbery85@mozilla.com,25 Daystar Road,4/12/2021
Juice Extractor,Kitchen,98.74,pretium iaculis justo in hac habitasse platea dictumst etiam faucibus cursus urna ut,379,Realbridge,46.91,Sibyl Sugar,ssugar86@umich.edu,6660 Clove Alley,7/13/2021
Solar Power Bank,Electronics,240.52,magna vestibulum aliquet ultrices erat tortor sollicitudin mi sit amet lobortis sapien sapien non,189,Yadel,20.27,Jemmie Forrest,jforrest87@163.com,003 Northport Junction,10/10/2021
Ice Cream Scoop,Kitchen,856.94,quam a odio in hac habitasse platea dictumst maecenas ut massa quis augue luctus tincidunt nulla mollis molestie lorem quisque,919,Dynazzy,31.83,Sibby Gilyatt,sgilyatt88@ucsd.edu,1475 Grayhawk Crossing,12/26/2021
Natural Soy Candles,Home,263.85,eget semper rutrum nulla nunc purus phasellus in felis donec semper sapien a libero nam dui proin leo odio porttitor,409,Abatz,33.07,Mara Mickleborough,mmickleborough89@fc2.com,0180 Armistice Point,11/13/2021
Berry Smoothie Mix,Food - Frozen Foods,192.17,vitae nisl aenean lectus pellentesque eget nunc donec quis orci eget orci vehicula condimentum curabitur in libero ut,997,Mydo,14.48,Cleon Manwell,cmanwell8a@hugedomains.com,268 Hoard Way,11/5/2021
Tomato Paste,Food - Canned Goods,397.67,morbi quis tortor id nulla ultrices aliquet maecenas leo odio condimentum id luctus nec molestie sed justo pellentesque,496,Wikizz,23.65,Abbey Fowden,afowden8b@csmonitor.com,46 Sunnyside Pass,4/1/2021
Frozen Pizza,Food - Frozen Foods,222.1,semper interdum mauris ullamcorper purus sit amet nulla quisque arcu libero rutrum ac lobortis,420,Skivee,29.57,Patton Piddlesden,ppiddlesden8c@istockphoto.com,5 Summerview Drive,6/23/2021
Emergency Preparedness Kit,Safety,201.6,convallis tortor risus dapibus augue vel accumsan tellus nisi eu orci mauris lacinia,602,Fadeo,8.96,Mable Littledyke,mlittledyke8d@nature.com,8 Mallard Trail,11/19/2021
Customizable Name Puzzle,Toys,115.17,id pretium iaculis diam erat fermentum justo nec condimentum neque sapien placerat ante nulla justo aliquam quis turpis eget,360,Digitube,37.92,Jarib Djorvic,jdjorvic8e@zdnet.com,8 Algoma Place,3/5/2021
Set of Herb Garden Markers,Garden,288.46,sed vel enim sit amet nunc viverra dapibus nulla suscipit ligula in lacus curabitur at ipsum ac,722,Babbleblab,35.07,Alexio Maffi,amaffi8f@artisteer.com,1100 Schlimgen Road,1/3/2021
Multi-Functional Rice Cooker,Kitchen,360.55,placerat ante nulla justo aliquam quis turpis eget elit sodales scelerisque mauris sit amet eros suspendisse accumsan tortor,621,Twitterbridge,35.17,Ramsay Zipsell,rzipsell8g@techcrunch.com,411 Judy Way,11/11/2021
Electric Razor,Health,285.45,in faucibus orci luctus et ultrices posuere cubilia curae duis faucibus accumsan odio curabitur convallis duis consequat dui,646,Buzzster,5.3,Nerty Sturgess,nsturgess8h@businessinsider.com,27208 Red Cloud Drive,7/27/2021
Coconut Oil Spray,Food - Cooking Oils,696.67,rhoncus aliquam lacus morbi quis tortor id nulla ultrices aliquet maecenas leo odio condimentum,599,Tagfeed,28.5,Vivie Miner,vminer8i@bbc.co.uk,8894 Schmedeman Way,4/13/2021
Honey Sesame Chicken,Food - Frozen Food,691.49,duis aliquam convallis nunc proin at turpis a pede posuere nonummy integer non velit,147,Livetube,18.56,Germaine Moon,gmoon8j@google.it,84 Mitchell Pass,8/26/2021
Portable Charcoal Grill,Outdoor,703.27,eleifend luctus ultricies eu nibh quisque id justo sit amet sapien,716,BlogXS,37.55,Cacilia Vandenhoff,cvandenhoff8k@google.com.au,3 Monument Place,3/11/2021
Cheddar Cheese Crackers,Food - Snacks,658.96,justo pellentesque viverra pede ac diam cras pellentesque volutpat dui maecenas tristique est et tempus semper est quam pharetra magna,155,Feedfire,49.25,Gussie Dils,gdils8l@constantcontact.com,1 Marcy Pass,8/20/2021
Whole Grain Hamburger Buns,Food - Bakery,159.78,nisi nam ultrices libero non mattis pulvinar nulla pede ullamcorper augue a suscipit nulla elit ac nulla,709,Livepath,28.86,Fredrika Loadsman,floadsman8m@businesswire.com,3 Ruskin Center,9/11/2021
Phone Case,Accessories,748.5,et ultrices posuere cubilia curae mauris viverra diam vitae quam suspendisse potenti nullam porttitor lacus at turpis donec,464,Realfire,2.39,Wolfie Brimblecomb,wbrimblecomb8n@studiopress.com,30 Buell Court,12/19/2021
Almond Flour Cookies,Food - Bakery,685.42,eget eleifend luctus ultricies eu nibh quisque id justo sit amet sapien dignissim,373,Browsezoom,6.06,Mari Josifovic,mjosifovic8o@tinyurl.com,3470 Sunfield Street,6/18/2021
Almond Flour Bread Mix,Food - Baking,20.72,elementum pellentesque quisque porta volutpat erat quisque erat eros viverra eget congue eget semper,840,Twitterbridge,44.33,Mame Daens,mdaens8p@1und1.de,58 Holmberg Crossing,6/26/2021
Fitness Tracker with Heart Rate Monitor,Fitness,771.92,volutpat dui maecenas tristique est et tempus semper est quam pharetra magna ac,676,Babbleset,18.16,Ainslee Killbey,akillbey8q@vkontakte.ru,46 Thompson Avenue,6/22/2021
Luxury Yoga Mat,Fitness,263.23,nibh fusce lacus purus aliquet at feugiat non pretium quis lectus suspendisse,987,Divanoodle,46.67,Scotti Youd,syoud8r@blinklist.com,4226 Mayfield Terrace,4/19/2021
Wireless Earbud Silicone Covers,Accessories,675.26,viverra pede ac diam cras pellentesque volutpat dui maecenas tristique est et tempus semper est quam pharetra,488,Nlounge,0.67,Dario Librey,dlibrey8s@cyberchimps.com,6214 Rieder Way,2/16/2021
Foot Massager Machine,Health,109.36,nunc viverra dapibus nulla suscipit ligula in lacus curabitur at ipsum ac tellus semper,666,Realcube,42.55,Daffie Shuard,dshuard8t@t-online.de,87 Talisman Lane,8/21/2021
Camera Tripod,Photography,103.9,amet nulla quisque arcu libero rutrum ac lobortis vel dapibus at diam nam tristique,618,Youspan,25.44,Sanson Di Nisco,sdi8u@google.ru,1970 Helena Court,6/26/2021
Dish Soap Dispenser,Kitchen,983.0,id nisl venenatis lacinia aenean sit amet justo morbi ut odio cras mi,869,Flashspan,47.83,Sly Treece,streece8v@ifeng.com,6592 Eggendart Hill,8/3/2021
Pesto Pasta Sauce,Food - Sauces,247.16,feugiat et eros vestibulum ac est lacinia nisi venenatis tristique fusce congue diam id ornare imperdiet sapien urna,299,Devpoint,24.76,Ardelia Wettern,awettern8w@wisc.edu,25 Brown Road,4/23/2021
Set of Herb Garden Markers,Garden,803.31,blandit ultrices enim lorem ipsum dolor sit amet consectetuer adipiscing elit proin interdum mauris non ligula pellentesque ultrices phasellus,542,Jabbertype,6.86,Innis Sowthcote,isowthcote8x@forbes.com,03 Manley Center,4/16/2021
Wine Decanter,Home,292.19,justo in blandit ultrices enim lorem ipsum dolor sit amet consectetuer,881,Skibox,46.09,Eveline Quillinane,equillinane8y@reference.com,38019 Fairview Pass,2/4/2021
Party Mini Dress,Clothing - Dresses,36.58,urna ut tellus nulla ut erat id mauris vulputate elementum nullam varius nulla facilisi cras non velit nec,920,Buzzster,33.57,Sal Hussy,shussy8z@usgs.gov,2124 Daystar Trail,8/29/2021
Lightweight Rain Jacket,Clothing - Outerwear,646.18,risus dapibus augue vel accumsan tellus nisi eu orci mauris lacinia sapien quis libero nullam sit,920,Muxo,48.21,Alan Roundtree,aroundtree90@shinystat.com,77837 Dayton Place,4/11/2021
Inflatable Paddle Board,Outdoor,725.65,integer pede justo lacinia eget tincidunt eget tempus vel pede morbi porttitor lorem id ligula suspendisse ornare consequat lectus in,245,Dynabox,42.59,Homerus Ashe,hashe91@furl.net,8 Merchant Court,3/5/2021
Air Fryer,Kitchen,15.13,amet consectetuer adipiscing elit proin interdum mauris non ligula pellentesque ultrices phasellus id,231,Kimia,44.05,Antonino Shallcroff,ashallcroff92@forbes.com,98986 Novick Trail,9/14/2021
Compost Bin,Garden,417.53,magna vulputate luctus cum sociis natoque penatibus et magnis dis parturient montes nascetur ridiculus mus vivamus vestibulum,981,Youspan,21.76,Finlay Jouaneton,fjouaneton93@census.gov,6 Clarendon Hill,10/5/2021
Portable Dog Water Bottle,Pets,251.03,etiam justo etiam pretium iaculis justo in hac habitasse platea dictumst etiam faucibus cursus urna ut tellus,908,Twitterworks,42.63,Dacie Hunton,dhunton94@vimeo.com,2962 Jana Road,10/24/2021
Dark Chocolate Covered Almonds,Food - Snacks,772.39,in faucibus orci luctus et ultrices posuere cubilia curae nulla dapibus dolor vel est donec odio justo sollicitudin ut suscipit,681,Tavu,48.46,Simon de Clerk,sde95@flavors.me,61185 Northwestern Crossing,7/11/2021
Habanero Hot Sauce,Food - Condiments,136.63,pede libero quis orci nullam molestie nibh in lectus pellentesque at nulla suspendisse potenti cras in,216,Blognation,48.11,Karlotta Schimank,kschimank96@google.com.au,0236 Packers Street,6/3/2021
Almond Flour Pancake Mix,Food - Baking,259.6,interdum mauris non ligula pellentesque ultrices phasellus id sapien in sapien iaculis congue vivamus metus arcu adipiscing molestie,208,Eadel,42.75,Emmalynn Mercer,emercer97@wikia.com,236 Fairfield Drive,6/29/2021
Non-Stick Grill Mat,Outdoor,704.24,in eleifend quam a odio in hac habitasse platea dictumst maecenas ut massa quis augue,896,Izio,30.87,Jermaine Delf,jdelf98@icq.com,79521 Morningstar Street,1/1/2021
Portable Folding Picnic Table,Outdoor,816.82,ac neque duis bibendum morbi non quam nec dui luctus rutrum nulla tellus,754,Dabtype,15.76,Gunilla Listone,glistone99@gmpg.org,6 Clemons Terrace,9/10/2021
Chocolate Chip Cliff Bars,Food - Snacks,252.71,feugiat et eros vestibulum ac est lacinia nisi venenatis tristique fusce congue diam,428,Brainsphere,34.45,Kakalina Colbourn,kcolbourn9a@wiley.com,4748 Bluejay Trail,6/5/2021
Deluxe First Aid Kit,Health,190.32,a feugiat et eros vestibulum ac est lacinia nisi venenatis tristique fusce congue diam id ornare,220,Jaxbean,38.05,Eloisa Merrill,emerrill9b@cdc.gov,0190 Cottonwood Court,8/9/2021
Mini Food Processor,Kitchen,182.48,magna vulputate luctus cum sociis natoque penatibus et magnis dis parturient,583,Podcat,1.49,Kore Ricciardi,kricciardi9c@reddit.com,97 Calypso Court,11/5/2021
Kombucha Drink,Food - Beverages,146.66,curabitur convallis duis consequat dui nec nisi volutpat eleifend donec ut dolor morbi,867,Oloo,5.04,Rosa Endecott,rendecott9d@reference.com,3 Mallard Drive,5/3/2021
Pepper Jack Cheese Sticks,Food - Snacks,942.49,nec molestie sed justo pellentesque viverra pede ac diam cras pellentesque,494,Feednation,21.01,Moise Orsay,morsay9e@nifty.com,41 Fair Oaks Circle,9/28/2021
Outdoor Camping Hammock,Outdoor,759.92,sociis natoque penatibus et magnis dis parturient montes nascetur ridiculus mus etiam,149,Jayo,40.67,Percival Harris,pharris9f@google.ca,60 Vera Lane,2/15/2021
Scent Diffuser,Home,2.09,ipsum aliquam non mauris morbi non lectus aliquam sit amet diam in magna bibendum,22,Meejo,28.65,Aylmar Bernucci,abernucci9g@tumblr.com,1589 Macpherson Court,3/23/2021
Chili Con Carne Mix,Food - Spices & Seasonings,674.17,vel pede morbi porttitor lorem id ligula suspendisse ornare consequat lectus in est risus auctor sed tristique in tempus,204,Flipopia,24.88,Serena Extance,sextance9h@theatlantic.com,29 Bellgrove Point,12/6/2021
Herbed Couscous,Food - Grains,910.13,lectus vestibulum quam sapien varius ut blandit non interdum in,26,Linkbuzz,32.16,Gothart Alkin,galkin9i@lycos.com,7253 Ridge Oak Street,8/29/2021
Handmade Soap Making Kit,Crafts,620.27,vel est donec odio justo sollicitudin ut suscipit a feugiat,646,Reallinks,15.8,Puff Ricards,pricards9j@thetimes.co.uk,1374 Arrowood Center,8/25/2021
Coffee Subscription Service,Food,850.93,pretium nisl ut volutpat sapien arcu sed augue aliquam erat volutpat in congue etiam,374,Agivu,34.1,Jemmie Serraillier,jserraillier9k@merriam-webster.com,7 Brentwood Avenue,7/14/2021
Indestructible Dog Toy,Pets,401.29,at feugiat non pretium quis lectus suspendisse potenti in eleifend,488,Devcast,18.39,Codi Kalinke,ckalinke9l@twitter.com,81129 Granby Parkway,6/22/2021
Smoky BBQ Jackfruit,Food - Grocery,3.82,nisl aenean lectus pellentesque eget nunc donec quis orci eget orci vehicula condimentum curabitur in libero ut massa volutpat convallis,109,Plajo,43.72,Danie Breckon,dbreckon9m@webeden.co.uk,67427 Luster Circle,4/19/2021
Feta Cheese Crumbles,Food - Dairy,616.44,lacinia nisi venenatis tristique fusce congue diam id ornare imperdiet sapien urna pretium,751,Zooveo,43.73,Tiebold Chisnell,tchisnell9n@usgs.gov,95653 Jenifer Parkway,6/8/2021
Portable Water Filter,Outdoor,862.81,quam sapien varius ut blandit non interdum in ante vestibulum ante ipsum primis in,410,Youspan,27.55,Leoine Mehmet,lmehmet9o@berkeley.edu,93690 Declaration Center,7/18/2021
Chocolate Avocado Pudding,Food - Desserts,336.02,quis augue luctus tincidunt nulla mollis molestie lorem quisque ut erat curabitur gravida nisi at nibh in,318,Devpulse,34.37,Clyve Serjent,cserjent9p@accuweather.com,3375 Marquette Hill,8/26/2021
Chic Ankle Strap Heels,Clothing - Shoes,310.72,praesent lectus vestibulum quam sapien varius ut blandit non interdum in ante vestibulum ante ipsum primis in faucibus,783,Jabbertype,28.77,Noami Naseby,nnaseby9q@google.pl,38 Johnson Avenue,1/20/2021
Ginger Snaps,Food - Confectionery,155.44,turpis sed ante vivamus tortor duis mattis egestas metus aenean fermentum donec ut mauris,406,Snaptags,8.18,Camella Hyne,chyne9r@parallels.com,160 Delladonna Pass,9/24/2021
Frozen Berry Medley,Food - Frozen Foods,221.92,lectus vestibulum quam sapien varius ut blandit non interdum in ante,140,Feednation,0.52,Hewett McAlees,hmcalees9s@yahoo.co.jp,22142 Luster Trail,5/14/2021
Dog Car Seat Cover,Pets,318.52,et ultrices posuere cubilia curae donec pharetra magna vestibulum aliquet ultrices erat tortor sollicitudin mi sit amet,801,Demizz,36.59,Phebe Balf,pbalf9t@ocn.ne.jp,18 Briar Crest Hill,6/18/2021
Pressure Cooker,Kitchen,747.04,eget elit sodales scelerisque mauris sit amet eros suspendisse accumsan tortor quis turpis sed ante,440,Quire,12.55,Stafford Glaze,sglaze9u@arizona.edu,331 Veith Court,4/14/2021
Electric Griddle with Lid,Kitchen,722.21,eu felis fusce posuere felis sed lacus morbi sem mauris laoreet ut rhoncus aliquet,695,DabZ,37.13,Barby Cardiff,bcardiff9v@furl.net,425 Merchant Lane,5/27/2021
Oven-Baked Chicken Tenders,Food - Meat,412.27,mollis molestie lorem quisque ut erat curabitur gravida nisi at nibh in hac,405,Fatz,27.26,Gaylene Bryde,gbryde9w@adobe.com,70573 Hollow Ridge Drive,8/31/2021
Compact Hair Dryer,Beauty,399.02,maecenas tristique est et tempus semper est quam pharetra magna,501,Agimba,46.16,Judi Barrett,jbarrett9x@accuweather.com,638 Center Hill,11/7/2021
Cranberry Almond Cookies,Food - Bakery,436.35,quis orci nullam molestie nibh in lectus pellentesque at nulla suspendisse potenti cras in purus eu,804,Avamba,27.96,Harris Hymas,hhymas9y@webmd.com,661 Portage Place,7/8/2021
Portable Massage Gun,Health,316.02,ante vestibulum ante ipsum primis in faucibus orci luctus et ultrices posuere cubilia curae duis faucibus accumsan odio curabitur convallis,893,Demivee,5.69,Lennard Koenraad,lkoenraad9z@theglobeandmail.com,702 Pearson Court,5/3/2021
Hibiscus Herbal Tea,Food - Beverages,459.68,lectus vestibulum quam sapien varius ut blandit non interdum in ante,251,Tagopia,39.42,Cora Brighouse,cbrighousea0@cisco.com,371 Eastlawn Drive,9/3/2021
Truffle Parmesan Fries,Food - Snacks,349.11,sed magna at nunc commodo placerat praesent blandit nam nulla integer,743,Ooba,25.53,Jeanine Leisman,jleismana1@mayoclinic.com,39244 Hanson Plaza,6/22/2021
Reusable Produce Bags Set,Kitchen,309.71,nisi venenatis tristique fusce congue diam id ornare imperdiet sapien urna,940,Topiczoom,48.86,Ariella Hanshaw,ahanshawa2@simplemachines.org,1642 Monica Circle,9/13/2021
Classic Bagels,Food - Bakery,973.74,augue vel accumsan tellus nisi eu orci mauris lacinia sapien quis libero nullam sit,839,Eire,17.48,Lindon Brockhurst,lbrockhursta3@163.com,54467 Dixon Alley,4/14/2021
Pet Travel Backpack Carrier,Pets,986.55,enim sit amet nunc viverra dapibus nulla suscipit ligula in lacus curabitur at ipsum ac,334,Trudoo,18.47,Hildagarde Draco,hdracoa4@paginegialle.it,45 Homewood Road,2/11/2021
Digital Kitchen Timer,Kitchen,42.97,non interdum in ante vestibulum ante ipsum primis in faucibus orci,114,Pixonyx,27.42,Neil Shawell,nshawella5@bandcamp.com,26889 Maywood Court,1/24/2021
Phone Screen Protector,Accessories,140.35,donec semper sapien a libero nam dui proin leo odio porttitor id consequat in,801,Skinix,33.18,Ludovico Presslee,lpressleea6@google.fr,60311 Nova Avenue,7/8/2021
Pet Bed with Removable Cover,Pets,141.55,nisi vulputate nonummy maecenas tincidunt lacus at velit vivamus vel nulla,122,InnoZ,37.68,Pall Esbrook,pesbrooka7@lulu.com,54 Texas Center,1/26/2021
Cranberry Lime Sparkling Water,Food - Beverages,63.59,pharetra magna ac consequat metus sapien ut nunc vestibulum ante ipsum primis in faucibus orci luctus et ultrices posuere cubilia,291,Devcast,29.19,Adam Kaplan,akaplana8@topsy.com,37 Lerdahl Lane,10/16/2021
Herbal Tea Set,Food,923.7,risus dapibus augue vel accumsan tellus nisi eu orci mauris lacinia sapien quis libero nullam sit,448,Jetpulse,47.77,Sauncho Fairbrother,sfairbrothera9@businesswire.com,5 Forest Run Trail,12/30/2021
Smartphone UV Sanitizer,Health,194.41,leo maecenas pulvinar lobortis est phasellus sit amet erat nulla tempus vivamus in felis eu,844,Eare,19.55,Kayla Lage,klageaa@blogspot.com,878 Manufacturers Plaza,5/24/2021
Coconut Cream Pie Yogurt,Food - Dairy Alternatives,341.53,dui luctus rutrum nulla tellus in sagittis dui vel nisl duis ac nibh fusce lacus purus aliquet at,588,Ozu,44.37,Helga Cowern,hcowernab@parallels.com,2 Almo Plaza,7/30/2021
Buttermilk Pancakes,Food - Breakfast,227.04,nam ultrices libero non mattis pulvinar nulla pede ullamcorper augue a suscipit nulla elit,693,Gigazoom,32.18,Amargo Bennetts,abennettsac@theglobeandmail.com,604 Corscot Crossing,12/24/2021
Basil Lemonade,Food - Beverages,459.0,neque libero convallis eget eleifend luctus ultricies eu nibh quisque id justo sit amet sapien dignissim vestibulum vestibulum ante,450,Eazzy,48.81,Etienne Boulds,ebouldsad@nih.gov,09452 Iowa Circle,9/1/2021
Portable Water Filter,Outdoor,426.96,in faucibus orci luctus et ultrices posuere cubilia curae nulla dapibus dolor vel est donec,255,Skyndu,1.49,Alexio Racine,aracineae@wiley.com,43150 Mccormick Point,6/17/2021
Caribbean Jerk Marinade,Food - Marinades,223.26,duis faucibus accumsan odio curabitur convallis duis consequat dui nec nisi volutpat eleifend donec ut dolor morbi,617,Divape,38.3,Jaclyn Houston,jhoustonaf@xrea.com,6 Amoth Center,10/8/2021
Blue Corn Tortilla Chips,Food - Snacks,64.68,tincidunt lacus at velit vivamus vel nulla eget eros elementum pellentesque,93,Feedfire,16.31,Alyssa Branston,abranstonag@edublogs.org,041 Fordem Parkway,9/25/2021
Sporty Leggings,Clothing - Activewear,124.57,massa volutpat convallis morbi odio odio elementum eu interdum eu tincidunt in leo,666,Kazio,42.35,Izaak Shivlin,ishivlinah@51.la,49 Bartillon Way,3/3/2021
Home Cleaning Robot,Home Appliances,944.77,neque sapien placerat ante nulla justo aliquam quis turpis eget elit sodales scelerisque mauris sit amet eros suspendisse accumsan tortor,248,Feedfire,32.47,Ashien Tweedell,atweedellai@businessweek.com,559 Katie Street,10/4/2021
Home Cleaning Robot,Home Appliances,52.12,ut mauris eget massa tempor convallis nulla neque libero convallis eget eleifend luctus,441,Mydo,19.39,Angelico Ivachyov,aivachyovaj@gmpg.org,599 Canary Park,10/7/2021
Italian Herb Balsamic Marinade,Food - Condiments,347.47,suspendisse ornare consequat lectus in est risus auctor sed tristique in tempus sit amet,134,Fivebridge,12.63,Culley Fitchet,cfitchetak@hatena.ne.jp,646 Monument Terrace,11/18/2021
Sweet Chili Dipping Sauce,Food - Condiments,326.11,venenatis non sodales sed tincidunt eu felis fusce posuere felis,927,Skyndu,36.02,Penelopa Ashall,pashallal@ucsd.edu,7 Bluestem Road,7/17/2021
Indian Curry Sauce,Food - Condiments,15.96,elit proin interdum mauris non ligula pellentesque ultrices phasellus id sapien in sapien iaculis congue,499,Vimbo,49.37,Hallie Frank,hfrankam@sphinn.com,72262 Mallory Road,12/9/2021
Microwave Popcorn Maker,Kitchen,723.56,elementum pellentesque quisque porta volutpat erat quisque erat eros viverra eget congue eget semper rutrum nulla nunc,816,Vidoo,9.11,Bunny Dietz,bdietzan@ocn.ne.jp,9564 Stephen Park,1/18/2021
Zesty Cilantro Lime Dressing,Food - Condiments,132.81,aliquet massa id lobortis convallis tortor risus dapibus augue vel accumsan tellus nisi eu orci mauris,865,Edgetag,42.04,Eveline Eddies,eeddiesao@arstechnica.com,3 Waxwing Place,1/17/2021
Pet Hair Removal Roller,Pets,907.9,nulla mollis molestie lorem quisque ut erat curabitur gravida nisi at nibh,495,Dabtype,22.18,Halette Craig,hcraigap@cloudflare.com,60 Shelley Point,2/7/2021
Garlic Parmesan Roasted Potatoes,Food - Sides,299.69,lobortis ligula sit amet eleifend pede libero quis orci nullam molestie,33,Linkbuzz,31.2,Heath Boichat,hboichataq@webnode.com,6 Hauk Crossing,6/7/2021
Digital Food Scale,Kitchen,349.34,eu est congue elementum in hac habitasse platea dictumst morbi vestibulum velit id pretium,919,Ainyx,15.77,Cosette Sneaker,csneakerar@google.co.uk,2986 Roth Lane,8/27/2021
Workstation Laptop Stand,Office,715.4,est quam pharetra magna ac consequat metus sapien ut nunc vestibulum ante ipsum primis in faucibus orci luctus,77,Livepath,16.55,Roana Barling,rbarlingas@bloomberg.com,2922 Fordem Drive,2/24/2021
Italian Sausage and Peppers,Food - Meat,218.6,nulla eget eros elementum pellentesque quisque porta volutpat erat quisque erat eros viverra eget congue eget semper rutrum,412,Zava,28.91,Zacharia Jacob,zjacobat@edublogs.org,7 Montana Road,11/5/2021
Bamboo Toothbrush,Health,927.24,tortor risus dapibus augue vel accumsan tellus nisi eu orci mauris lacinia sapien,79,Twitterwire,47.72,Nolly Detoile,ndetoileau@boston.com,7 Nobel Way,2/9/2021
Pet Travel Backpack Carrier,Pets,975.92,ante nulla justo aliquam quis turpis eget elit sodales scelerisque mauris sit amet eros suspendisse accumsan tortor quis turpis,400,Avamba,14.2,Tally Cromer,tcromerav@bbc.co.uk,26 Anzinger Hill,9/2/2021
Portable Hand Warmer,Accessories,568.85,posuere cubilia curae donec pharetra magna vestibulum aliquet ultrices erat tortor sollicitudin,692,Jetpulse,31.56,Rafaelia McGlaud,rmcglaudaw@etsy.com,921 Forest Place,12/1/2021
Faux Fur Coat,Clothing - Coats,47.19,non lectus aliquam sit amet diam in magna bibendum imperdiet nullam orci pede,531,LiveZ,22.87,Trescha Stevings,tstevingsax@gov.uk,47 Hanson Street,1/2/2021
Watercolor Brush Pens,Art Supplies,293.15,felis sed lacus morbi sem mauris laoreet ut rhoncus aliquet,137,Skalith,34.82,Barn Coulthard,bcoultharday@163.com,830 Dawn Plaza,5/28/2021
Peach Slices in Syrup,Food - Canned Goods,524.07,auctor gravida sem praesent id massa id nisl venenatis lacinia aenean sit amet justo morbi ut odio cras,630,Meevee,37.51,Jordain Standon,jstandonaz@umich.edu,36 Golf View Circle,3/31/2021
Beard Grooming Kit,Grooming,877.34,tempus sit amet sem fusce consequat nulla nisl nunc nisl duis bibendum felis sed interdum venenatis,822,Katz,5.38,Harper Johnsson,hjohnssonb0@google.es,51172 Cordelia Junction,10/22/2021
Wireless Security System,Home Security,284.96,nulla mollis molestie lorem quisque ut erat curabitur gravida nisi,630,Realblab,21.77,Ursa Forri,uforrib1@bbb.org,50006 Elgar Terrace,12/11/2021
Pork Tenderloin,Food - Meat,291.95,a ipsum integer a nibh in quis justo maecenas rhoncus aliquam lacus morbi quis,875,Kwimbee,2.79,Georgine Allibon,gallibonb2@myspace.com,18940 Center Way,2/9/2021
Adjustable Garden Rake,Garden,163.27,morbi odio odio elementum eu interdum eu tincidunt in leo,113,Voomm,6.02,Humfrey Minifie,hminifieb3@yolasite.com,431 Mariners Cove Terrace,6/23/2021
Fitness Resistance Bands,Fitness,415.89,rhoncus mauris enim leo rhoncus sed vestibulum sit amet cursus id turpis,206,Quimm,26.77,Johnathon Whittet,jwhittetb4@uol.com.br,124 Anniversary Alley,5/26/2021
Safety Goggles,Safety,319.86,nisl nunc rhoncus dui vel sem sed sagittis nam congue risus semper porta volutpat quam pede lobortis ligula sit amet,82,Fivebridge,1.01,Cchaddie Penning,cpenningb5@newsvine.com,39 Dovetail Way,12/15/2021
Reflective Safety Vest,Safety,832.91,ac neque duis bibendum morbi non quam nec dui luctus rutrum nulla tellus in sagittis dui,20,Buzzdog,4.64,Afton Stamper,astamperb6@photobucket.com,9 Pawling Street,9/26/2021
Plant Watering Spikes,Garden,566.35,justo in blandit ultrices enim lorem ipsum dolor sit amet consectetuer adipiscing elit proin,381,Quimm,0.25,Shaylah Wellstead,swellsteadb7@linkedin.com,7955 Sugar Court,10/5/2021
Chipotle Seasoning Blend,Food - Spices,597.31,nec nisi vulputate nonummy maecenas tincidunt lacus at velit vivamus vel nulla eget,407,Miboo,36.08,Jarvis Pickvance,jpickvanceb8@canalblog.com,889 Mccormick Parkway,9/4/2021
Heavy-Duty Utility Tote,Accessories,41.27,a ipsum integer a nibh in quis justo maecenas rhoncus aliquam lacus morbi quis tortor id nulla ultrices aliquet,7,Photofeed,30.83,Tomas Berrygun,tberrygunb9@mit.edu,895 Russell Way,7/17/2021
Dog Waste Bag Dispenser,Pets,828.24,donec diam neque vestibulum eget vulputate ut ultrices vel augue vestibulum ante ipsum primis in,478,Oyoloo,36.73,Lorrie Danhel,ldanhelba@cmu.edu,5 High Crossing Park,7/24/2021
Granola Bars,Food - Snacks,768.82,vulputate elementum nullam varius nulla facilisi cras non velit nec nisi vulputate nonummy maecenas tincidunt lacus at velit vivamus,583,Jetwire,45.8,Rab Pearcehouse,rpearcehousebb@domainmarket.com,38417 Red Cloud Drive,4/6/2021
Travel Luggage Scale,Travel,95.3,massa id nisl venenatis lacinia aenean sit amet justo morbi ut odio cras,869,Livepath,13.6,Levy Illesley,lillesleybc@miibeian.gov.cn,6 Pond Crossing,5/5/2021
Crispy Onion Rings,Food - Frozen Foods,550.2,ligula pellentesque ultrices phasellus id sapien in sapien iaculis congue vivamus metus arcu adipiscing molestie hendrerit at vulputate vitae,8,Tagopia,24.05,Constantine Chatelet,cchateletbd@kickstarter.com,4 Nelson Lane,1/28/2021
Sushi Roll Kit,Food - Cooking Kits,493.63,mollis molestie lorem quisque ut erat curabitur gravida nisi at nibh in hac habitasse platea dictumst aliquam augue quam sollicitudin,627,Wikido,13.85,Didi Figiovanni,dfigiovannibe@europa.eu,0888 Buhler Center,9/1/2021
Printed Maxi Skirt,Clothing - Skirts,839.75,pede justo eu massa donec dapibus duis at velit eu est congue elementum in hac habitasse platea dictumst morbi vestibulum,439,Flashspan,24.38,Cati Cabrer,ccabrerbf@webeden.co.uk,7 East Trail,5/18/2021
Pasta (Fusilli),Food - Pasta,974.57,mauris laoreet ut rhoncus aliquet pulvinar sed nisl nunc rhoncus,611,Tagtune,33.18,Andrey Raleston,aralestonbg@state.gov,4 Starling Pass,9/28/2021
Puffer Winter Coat,Clothing - Outerwear,494.64,luctus tincidunt nulla mollis molestie lorem quisque ut erat curabitur,679,Vinder,12.81,Boony Huntley,bhuntleybh@cafepress.com,36759 Ronald Regan Court,12/21/2021
Italian Sausage and Peppers,Food - Meat,796.59,cursus vestibulum proin eu mi nulla ac enim in tempor turpis nec,365,Tagtune,7.39,Barnie Mawman,bmawmanbi@bandcamp.com,0935 5th Road,6/11/2021
Potting Soil,Garden,571.83,pede libero quis orci nullam molestie nibh in lectus pellentesque at nulla suspendisse potenti cras in,881,Realmix,35.09,Willyt Josef,wjosefbj@va.gov,9962 Everett Way,12/20/2021
Lightweight Backpacking Tent,Outdoor,597.1,at velit vivamus vel nulla eget eros elementum pellentesque quisque porta volutpat erat quisque,299,Oyope,18.27,Andy Guerre,aguerrebk@shutterfly.com,2341 Roxbury Junction,11/2/2021
Woven Storage Baskets,Home,511.48,odio odio elementum eu interdum eu tincidunt in leo maecenas pulvinar lobortis est phasellus sit amet erat nulla tempus vivamus,358,Dabvine,47.88,Kerstin Piscopello,kpiscopellobl@google.fr,826 Briar Crest Junction,2/18/2021
Wall-Mounted Bookshelf,Home,158.92,in quis justo maecenas rhoncus aliquam lacus morbi quis tortor id nulla ultrices aliquet maecenas leo odio condimentum id luctus,521,Topicblab,44.01,Dan Tourry,dtourrybm@imageshack.us,263 Arrowood Junction,6/29/2021
Adjustable Height Standing Desk Converter,Office,820.85,nisl nunc rhoncus dui vel sem sed sagittis nam congue risus semper porta volutpat quam pede lobortis ligula sit amet,657,Aimbu,20.47,Frazier Blackboro,fblackborobn@noaa.gov,8126 Basil Court,2/28/2021
Chino Shorts,Clothing - Bottoms,781.54,luctus tincidunt nulla mollis molestie lorem quisque ut erat curabitur,460,Gigaclub,42.11,Terese Rainon,trainonbo@digg.com,9 Burning Wood Lane,8/12/2021
Spiralizer,Kitchen,165.22,eu tincidunt in leo maecenas pulvinar lobortis est phasellus sit amet erat nulla tempus vivamus in felis eu sapien,774,Linkbridge,18.72,Dulcinea Rayman,draymanbp@gravatar.com,98992 Burning Wood Avenue,4/13/2021
Field Journal,Books,610.86,a ipsum integer a nibh in quis justo maecenas rhoncus aliquam lacus morbi quis,770,Youfeed,4.08,Kevin Chapiro,kchapirobq@dell.com,7 Fulton Center,7/12/2021
Spinach and Cheese Quiche,Food - Prepared Meals,639.43,bibendum imperdiet nullam orci pede venenatis non sodales sed tincidunt eu felis fusce,786,Centizu,47.02,Vonni Barstowk,vbarstowkbr@accuweather.com,27084 Warrior Center,6/4/2021
Cheese Stuffed Jalapenos,Food - Snacks,821.79,ut nunc vestibulum ante ipsum primis in faucibus orci luctus et ultrices,859,Skibox,32.58,Saul Ride,sridebs@example.com,640 Cascade Hill,4/7/2021
Kettle Chip Variety Pack,Food - Snacks,588.45,maecenas leo odio condimentum id luctus nec molestie sed justo pellentesque,659,Snaptags,36.89,Austin Mainston,amainstonbt@ocn.ne.jp,15 Little Fleur Trail,12/7/2021
Organic Spinach,Food - Produce,982.12,venenatis tristique fusce congue diam id ornare imperdiet sapien urna,837,Dazzlesphere,14.15,Cybil Harkins,charkinsbu@auda.org.au,8 5th Hill,4/8/2021
Fitness Tracker with Heart Rate Monitor,Fitness,511.15,vestibulum eget vulputate ut ultrices vel augue vestibulum ante ipsum,228,Reallinks,31.77,Cob Dunderdale,cdunderdalebv@reddit.com,292 Florence Junction,6/22/2021
Bluetooth Tracker,Accessories,160.19,nulla sed accumsan felis ut at dolor quis odio consequat varius integer,920,Gabcube,23.9,Lu Guerra,lguerrabw@yellowbook.com,909 Pankratz Center,8/5/2021
BBQ Sauce,Food - Condiments,952.43,et ultrices posuere cubilia curae duis faucibus accumsan odio curabitur convallis duis consequat dui,12,Pixope,26.87,Dermot Chanders,dchandersbx@illinois.edu,9 Fieldstone Plaza,12/19/2021
Silicone Baking Cups,Kitchen,356.52,ullamcorper purus sit amet nulla quisque arcu libero rutrum ac lobortis vel dapibus at,986,Youopia,36.24,Douglass Lipsett,dlipsettby@nba.com,626 Reindahl Court,8/14/2021
Veggie Chips Variety Pack,Food - Snacks,271.14,libero convallis eget eleifend luctus ultricies eu nibh quisque id justo,740,Oloo,37.51,Andrea Howen,ahowenbz@jalbum.net,78207 Hallows Plaza,8/29/2021
Coconut Macaroons,Food - Confectionery,112.14,etiam pretium iaculis justo in hac habitasse platea dictumst etiam faucibus cursus urna ut,254,Bubbletube,23.82,Tina Borth,tborthc0@mtv.com,5 Northview Way,8/28/2021
Couscous,Food - Grains,208.37,accumsan odio curabitur convallis duis consequat dui nec nisi volutpat eleifend,197,Kwimbee,16.65,Torin McGee,tmcgeec1@hud.gov,07660 Claremont Center,1/19/2021
Buttermilk Pancakes,Food - Breakfast,347.2,sit amet justo morbi ut odio cras mi pede malesuada in imperdiet et commodo vulputate justo in blandit ultrices enim,766,Gabvine,26.29,Lavinie Lieber,llieberc2@digg.com,70 Talmadge Street,10/20/2021
Savory Oats,Food - Breakfast,829.56,maecenas pulvinar lobortis est phasellus sit amet erat nulla tempus vivamus in felis,515,Rhycero,5.73,Kathi Basnall,kbasnallc3@amazon.co.jp,5 Vidon Alley,7/31/2021
Spicy Salsa Verde,Food - Condiments,346.97,fringilla rhoncus mauris enim leo rhoncus sed vestibulum sit amet cursus id turpis integer aliquet massa,96,Oyondu,29.11,Nil Suffe,nsuffec4@slate.com,14 Straubel Place,8/10/2021
Teriyaki Tofu Stir-Fry,Food - Prepared Meals,900.63,porttitor id consequat in consequat ut nulla sed accumsan felis ut at dolor,507,Jaxbean,22.13,Guillemette Caldecott,gcaldecottc5@netscape.com,774 Charing Cross Hill,6/1/2021
Car Escape Tool,Automotive,747.86,consequat in consequat ut nulla sed accumsan felis ut at dolor quis odio,766,Jayo,35.46,Ida De Bruyne,idec6@ucoz.ru,7084 Hoffman Terrace,6/27/2021
Cacao Nibs,Food - Baking,334.61,nibh ligula nec sem duis aliquam convallis nunc proin at turpis a pede,796,Twitterwire,21.68,Bren Dahlborg,bdahlborgc7@printfriendly.com,6211 Debra Court,7/25/2021
Rechargeable Hand Warmer,Accessories,72.8,proin at turpis a pede posuere nonummy integer non velit donec diam neque vestibulum eget vulputate,266,Katz,33.92,Anissa Naisby,anaisbyc8@hexun.com,41541 Fairfield Place,3/23/2021
Smartphone Tripod with Bluetooth Remote,Photography,15.67,dictumst aliquam augue quam sollicitudin vitae consectetuer eget rutrum at lorem integer tincidunt ante vel ipsum praesent blandit,273,Thoughtworks,22.6,Lorelle Jerzyk,ljerzykc9@paypal.com,6 Alpine Pass,5/26/2021
Strawberry Fruit Spread,Food - Jams & Jellies,740.83,dolor quis odio consequat varius integer ac leo pellentesque ultrices mattis odio donec vitae nisi,485,Quamba,35.86,Rozanne Palombi,rpalombica@upenn.edu,81 Scofield Place,8/26/2021
Cat Tree with Scratching Posts,Pets,223.54,tortor quis turpis sed ante vivamus tortor duis mattis egestas metus aenean,794,Dynazzy,21.26,Dillon Quinby,dquinbycb@artisteer.com,1 Riverside Crossing,10/9/2021
Almond Coconut Granola,Food - Breakfast Foods,773.59,pellentesque ultrices mattis odio donec vitae nisi nam ultrices libero non mattis pulvinar,44,Quinu,3.08,Amelita Dobbson,adobbsoncc@alibaba.com,0 Hooker Pass,10/5/2021
Savory Trail Mix,Food - Snacks,18.3,dui proin leo odio porttitor id consequat in consequat ut nulla sed accumsan felis ut at dolor quis odio,182,Mycat,18.69,Dian Dufaire,ddufairecd@redcross.org,78337 Eliot Lane,7/1/2021
Eco-Friendly Cleaning Cloths,Home,447.37,lorem id ligula suspendisse ornare consequat lectus in est risus auctor,231,Avavee,46.36,Walther Willbraham,wwillbrahamce@simplemachines.org,7 Johnson Way,9/20/2021
Balsamic Fig Dressing,Food - Condiments,3.86,ipsum primis in faucibus orci luctus et ultrices posuere cubilia curae donec,449,Rhynoodle,27.93,Nikolaus Silvers,nsilverscf@umich.edu,1652 Warner Plaza,12/12/2021
Pet Grooming Kit,Pets,613.56,dui maecenas tristique est et tempus semper est quam pharetra magna ac consequat metus sapien ut nunc,496,Trilia,12.26,Lennie Gresly,lgreslycg@google.nl,55 Schlimgen Circle,8/6/2021
Rice Pudding,Food - Desserts,5.55,suspendisse potenti in eleifend quam a odio in hac habitasse platea dictumst maecenas,895,Voolia,16.45,Karlee Pactat,kpactatch@shop-pro.jp,9765 Swallow Junction,9/14/2021
Wire Shelving Unit,Home,816.34,elit sodales scelerisque mauris sit amet eros suspendisse accumsan tortor quis,641,Thoughtsphere,5.13,Keelia Gioani,kgioanici@shareasale.com,6307 Ramsey Way,1/29/2021
Smartphone Tripod with Remote,Photography,961.9,est risus auctor sed tristique in tempus sit amet sem fusce consequat,435,Kwimbee,18.4,Jemmie Attrey,jattreycj@yellowbook.com,4583 Merry Place,11/17/2021
Sliced Bell Peppers,Food - Fresh Produce,674.73,mi integer ac neque duis bibendum morbi non quam nec dui luctus rutrum nulla tellus in sagittis dui vel,852,Flipbug,40.03,Janean Girard,jgirardck@a8.net,0097 Nelson Street,8/20/2021
Cauliflower Crust Pizza,Food - Freezer,888.68,ac nibh fusce lacus purus aliquet at feugiat non pretium quis lectus suspendisse,179,Bluejam,12.8,Miner Feathers,mfeatherscl@symantec.com,02853 Kensington Junction,10/5/2021
Bike Repair Tool Kit,Outdoor,783.61,rhoncus dui vel sem sed sagittis nam congue risus semper,124,Flashspan,34.65,Jacinta Mawer,jmawercm@cbsnews.com,642 Algoma Road,5/17/2021
Essential White Button-Up,Clothing - Shirts,295.53,vestibulum proin eu mi nulla ac enim in tempor turpis nec euismod scelerisque,550,Plambee,24.08,Benedetto McCoveney,bmccoveneycn@squidoo.com,334 Melvin Drive,4/15/2021
Sunglasses,Accessories,220.3,vestibulum ac est lacinia nisi venenatis tristique fusce congue diam id ornare,994,Abata,4.47,Adriano Eloi,aeloico@mac.com,922 Blue Bill Park Plaza,12/19/2021
Camping Chair with Cooler,Outdoor,439.24,eu orci mauris lacinia sapien quis libero nullam sit amet turpis elementum ligula vehicula,888,Kare,27.46,Hilarius Imorts,himortscp@163.com,3 Lindbergh Road,12/9/2021
Freestanding Wine Rack,Home,271.18,vestibulum ante ipsum primis in faucibus orci luctus et ultrices posuere,470,Jaloo,45.46,Dayna Lenz,dlenzcq@wsj.com,578 Montana Junction,3/5/2021
Habanero Hot Sauce,Food - Condiments,893.6,ipsum dolor sit amet consectetuer adipiscing elit proin interdum mauris non ligula,118,Zoombox,48.51,Vlad Bulbrook,vbulbrookcr@t.co,34 Delladonna Park,5/18/2021
Vegan Mayonnaise,Food - Condiments,104.66,magna bibendum imperdiet nullam orci pede venenatis non sodales sed tincidunt eu,375,Skinder,17.98,Merle Brosnan,mbrosnancs@bizjournals.com,72 Roth Pass,8/23/2021
Smartphone Photography Ring Light,Photography,243.3,platea dictumst morbi vestibulum velit id pretium iaculis diam erat fermentum justo nec condimentum,517,Nlounge,12.43,Pattie Stearn,pstearnct@gizmodo.com,5 Quincy Hill,7/7/2021
Utility Cargo Pants,Clothing - Pants,272.63,sapien ut nunc vestibulum ante ipsum primis in faucibus orci luctus et ultrices posuere cubilia curae mauris viverra diam vitae,297,Linktype,45.88,Nevil Abarough,nabaroughcu@oakley.com,975 Mockingbird Center,4/20/2021
Automatic Pet Feeder,Pets,438.52,vestibulum aliquet ultrices erat tortor sollicitudin mi sit amet lobortis sapien sapien non,705,Livepath,44.6,Bessie Toun,btouncv@google.ru,1997 Upham Lane,2/23/2021
Electric Stir Fry Pan,Kitchen,177.07,lorem integer tincidunt ante vel ipsum praesent blandit lacinia erat vestibulum sed magna at nunc commodo placerat praesent blandit nam,291,Gabcube,13.71,Chrissy Bezant,cbezantcw@baidu.com,14 David Avenue,3/30/2021
Black Bean & Corn Salad,Food - Salads,554.42,ante nulla justo aliquam quis turpis eget elit sodales scelerisque mauris sit amet eros suspendisse accumsan tortor quis turpis,372,Edgewire,18.87,Katya Nelissen,knelissencx@mit.edu,6 Maywood Parkway,3/31/2021
Strawberry Fruit Spread,Food - Jams & Jellies,818.38,tellus in sagittis dui vel nisl duis ac nibh fusce lacus,2,Edgepulse,7.58,Charline Saltman,csaltmancy@dailymail.co.uk,5 Green Ridge Trail,7/17/2021
Pet Travel Backpack Carrier,Pets,139.38,amet nulla quisque arcu libero rutrum ac lobortis vel dapibus at diam nam tristique,14,Gabspot,4.11,Jeffie Doddrell,jdoddrellcz@furl.net,8 Blue Bill Park Junction,3/24/2021
Herb-Infused Olive Oil,Food - Oils,974.35,lacus morbi sem mauris laoreet ut rhoncus aliquet pulvinar sed nisl nunc rhoncus dui vel sem sed sagittis nam congue,323,Skyvu,19.32,Bobbie Overnell,bovernelld0@noaa.gov,12031 Crest Line Parkway,4/7/2021
Apple Juice,Food - Beverages,46.01,convallis duis consequat dui nec nisi volutpat eleifend donec ut dolor morbi vel lectus in quam fringilla rhoncus mauris enim,598,Eimbee,32.96,Aindrea Houlden,ahouldend1@exblog.jp,04 Becker Place,10/8/2021
Coconut Granola,Food - Snacks,640.42,justo lacinia eget tincidunt eget tempus vel pede morbi porttitor lorem id,811,Rhyzio,27.55,Lezlie Jeffryes,ljeffryesd2@discovery.com,11827 Hoffman Terrace,11/18/2021
Mini Food Processor,Kitchen,829.3,cubilia curae mauris viverra diam vitae quam suspendisse potenti nullam,171,Buzzbean,44.46,Sashenka Leyban,sleyband3@time.com,27120 Hovde Court,6/19/2021
Miso Soup Mix,Food - Soups,460.03,convallis nunc proin at turpis a pede posuere nonummy integer non velit donec diam neque vestibulum eget,41,Feedmix,6.71,Fey Penwright,fpenwrightd4@mail.ru,5744 American Ash Avenue,7/28/2021
Guitar Tuner,Music,371.39,vitae nisl aenean lectus pellentesque eget nunc donec quis orci eget orci vehicula condimentum curabitur,857,Kwideo,26.26,Clarisse Szantho,cszanthod5@chron.com,801 Toban Center,8/29/2021
Apple Sauce,Food - Canned Goods,299.69,vitae nisi nam ultrices libero non mattis pulvinar nulla pede ullamcorper augue a suscipit nulla elit ac,914,Devpoint,20.2,Jordain Ridd,jriddd6@noaa.gov,255 Upham Hill,5/12/2021
Smart Wi-Fi Camera,Smart Home,698.28,est phasellus sit amet erat nulla tempus vivamus in felis eu,733,Babblestorm,33.3,Mireielle Hogben,mhogbend7@biglobe.ne.jp,9537 Oneill Parkway,12/27/2021
Cocoa Powder,Food - Baking,335.0,arcu libero rutrum ac lobortis vel dapibus at diam nam,176,Rhynyx,11.42,Elfreda Cauley,ecauleyd8@japanpost.jp,79634 Florence Circle,10/4/2021
Pressure Cooker,Kitchen,208.62,metus aenean fermentum donec ut mauris eget massa tempor convallis,748,Browsezoom,11.58,Aymer Caskie,acaskied9@theatlantic.com,29980 Daystar Hill,4/29/2021
Indian Curry Sauce,Food - Condiments,59.6,eget massa tempor convallis nulla neque libero convallis eget eleifend luctus ultricies eu,507,Yamia,42.16,Brander Destouche,bdestoucheda@yellowbook.com,749 6th Circle,4/8/2021
Classic White T-Shirt,Clothing - Tops,590.25,vestibulum ante ipsum primis in faucibus orci luctus et ultrices posuere cubilia,599,Kazio,26.68,Julianne Lanigan,jlanigandb@themeforest.net,20206 Johnson Circle,4/11/2021
Frozen Broccoli,Food - Frozen,455.15,luctus rutrum nulla tellus in sagittis dui vel nisl duis ac nibh fusce lacus purus aliquet at feugiat non,705,Trupe,49.98,Noelle Uebel,nuebeldc@youtube.com,79054 Shopko Drive,8/17/2021
Tomatillo Salsa,Food - Condiments,515.08,nibh ligula nec sem duis aliquam convallis nunc proin at turpis,699,Kwilith,43.78,Tansy Trynor,ttrynordd@multiply.com,4525 Buhler Trail,3/12/2021
First Aid Kit,Health,305.97,lectus pellentesque at nulla suspendisse potenti cras in purus eu magna vulputate luctus cum sociis natoque penatibus et magnis,599,Feedspan,9.32,Malinde Gare,mgarede@hc360.com,5383 Bay Way,1/27/2021
Waffle Maker,Kitchen,344.38,metus aenean fermentum donec ut mauris eget massa tempor convallis nulla neque libero convallis eget eleifend,801,Chatterpoint,40.97,Gerome Fisk,gfiskdf@smh.com.au,78825 Meadow Vale Alley,9/15/2021
Coconut Curry Lentils,Food - Canned Goods,158.28,purus eu magna vulputate luctus cum sociis natoque penatibus et magnis dis parturient,391,Wikizz,4.97,Sondra Clarson,sclarsondg@dailymail.co.uk,67347 Main Way,2/10/2021
Smoked Paprika Chicken Thighs,Food - Meat,633.89,molestie lorem quisque ut erat curabitur gravida nisi at nibh,649,Browsedrive,11.97,Jenna Batha,jbathadh@indiegogo.com,75181 Boyd Drive,5/23/2021
Chickpea Pasta,Food - Pasta,441.61,dolor vel est donec odio justo sollicitudin ut suscipit a feugiat,878,Tagpad,28.48,Bernardina Prawle,bprawledi@tumblr.com,810 Gina Crossing,1/7/2021
Adjustable Stand for Tablets and Smartphones,Electronics,933.73,quisque porta volutpat erat quisque erat eros viverra eget congue,90,Wordpedia,39.3,Joye Smiths,jsmithsdj@nhs.uk,6905 Del Mar Point,10/12/2021
Casual Long Cardigan,Clothing - Outerwear,68.73,sapien cum sociis natoque penatibus et magnis dis parturient montes nascetur ridiculus mus etiam vel augue vestibulum rutrum rutrum neque,632,Gabtune,13.28,Carmencita Simyson,csimysondk@mediafire.com,457 Crownhardt Trail,2/21/2021
Picnic Blanket,Outdoor,551.46,non pretium quis lectus suspendisse potenti in eleifend quam a odio in hac habitasse platea dictumst maecenas ut massa quis,654,Linklinks,49.93,Natalee Torrecilla,ntorrecilladl@w3.org,59527 Eastwood Parkway,10/24/2021
Spicy Chicken Wings,Food - Meat,634.04,dapibus augue vel accumsan tellus nisi eu orci mauris lacinia sapien quis libero nullam sit amet turpis elementum,551,Eimbee,48.6,Lauri McCarty,lmccartydm@comsenz.com,1 Hermina Way,6/13/2021
Magnetic Whiteboard,Office,353.81,fusce consequat nulla nisl nunc nisl duis bibendum felis sed interdum venenatis turpis enim blandit mi,192,Babblestorm,31.76,Alexander Hendrick,ahendrickdn@hhs.gov,1770 Ryan Circle,1/8/2021
Garden Hoses with Expandable Features,Garden,487.31,nulla nunc purus phasellus in felis donec semper sapien a libero,161,Kaymbo,14.09,Thomasa Wolver,twolverdo@biglobe.ne.jp,5501 Bunker Hill Point,10/6/2021
Organic Green Tea,Food - Beverages,446.36,magna at nunc commodo placerat praesent blandit nam nulla integer,12,Yata,12.18,Pete Benko,pbenkodp@indiatimes.com,79541 Heffernan Park,3/29/2021
Curried Lentil Salad,Food - Salads,581.31,amet sem fusce consequat nulla nisl nunc nisl duis bibendum felis sed interdum venenatis turpis enim blandit mi,952,Fiveclub,3.86,Ryann Halahan,rhalahandq@chicagotribune.com,81588 Loeprich Circle,12/24/2021
Workstation Laptop Stand,Office,314.31,curabitur at ipsum ac tellus semper interdum mauris ullamcorper purus sit amet nulla quisque arcu libero rutrum ac lobortis,179,Devpoint,19.21,Ulric Leale,ulealedr@is.gd,9630 Dahle Parkway,11/25/2021
Portable Air Pump,Outdoor,370.29,convallis morbi odio odio elementum eu interdum eu tincidunt in leo maecenas pulvinar lobortis est phasellus,60,Feedspan,36.99,Jodee Biner,jbinerds@themeforest.net,461 Amoth Crossing,9/30/2021
Fruit Medley Juice,Food - Beverages,904.7,mauris vulputate elementum nullam varius nulla facilisi cras non velit nec nisi vulputate nonummy maecenas,793,Jayo,39.07,Rockwell Renbold,rrenbolddt@nytimes.com,1 Kensington Road,12/15/2021
Caramel Apple Chips,Food - Snacks,630.91,pretium iaculis justo in hac habitasse platea dictumst etiam faucibus cursus urna ut,263,Zava,36.46,Tory Amiranda,tamirandadu@yellowbook.com,973 2nd Parkway,4/4/2021
Smart WiFi Plug,Smart Home,938.21,accumsan odio curabitur convallis duis consequat dui nec nisi volutpat eleifend donec ut dolor morbi vel,59,Realmix,7.96,Carroll Snadden,csnaddendv@qq.com,7404 Petterle Park,3/21/2021
Creamy Garlic Mashed Potatoes,Food - Sides,954.36,habitasse platea dictumst maecenas ut massa quis augue luctus tincidunt,735,Edgepulse,47.93,Bone Arblaster,barblasterdw@ustream.tv,78 Novick Circle,4/21/2021
Chili Powder,Food - Spices,284.95,augue vestibulum ante ipsum primis in faucibus orci luctus et ultrices posuere cubilia curae donec pharetra magna,987,Feedmix,33.11,Randee Davidovics,rdavidovicsdx@nps.gov,6 Golf Course Park,2/6/2021
Ricotta Cheese,Food - Dairy,147.79,odio donec vitae nisi nam ultrices libero non mattis pulvinar nulla pede ullamcorper,692,Blogtags,1.25,Eula Guyet,eguyetdy@businessweek.com,6712 Nova Point,7/10/2021
Pet Grooming Kit,Pets,658.67,id consequat in consequat ut nulla sed accumsan felis ut at dolor quis odio consequat varius integer ac leo pellentesque,661,Fivespan,16.55,Dorthy Sloane,dsloanedz@fda.gov,3898 Summerview Drive,3/13/2021
Lightweight Workout Tank,Clothing - Activewear,589.71,justo in hac habitasse platea dictumst etiam faucibus cursus urna ut tellus nulla ut erat id mauris,854,Zoonoodle,5.78,Brucie McInerney,bmcinerneye0@cam.ac.uk,3 Center Plaza,9/4/2021
Sustainable Wooden Toys,Toys,383.95,ut suscipit a feugiat et eros vestibulum ac est lacinia nisi venenatis tristique,460,Shuffledrive,45.7,Armstrong Mournian,amourniane1@dailymail.co.uk,56 Springview Alley,1/8/2021
Organic Fruit Salad,Food - Produce,76.52,eleifend pede libero quis orci nullam molestie nibh in lectus pellentesque at nulla suspendisse potenti cras in purus eu,718,Jabbersphere,42.06,Davon Halsworth,dhalsworthe2@blogger.com,55 Transport Avenue,8/14/2021
Garlic Parmesan Wings,Food - Frozen Foods,816.49,in faucibus orci luctus et ultrices posuere cubilia curae nulla dapibus dolor vel est donec odio justo sollicitudin,964,Quatz,10.27,Dudley Huonic,dhuonice3@is.gd,06977 Jenifer Hill,1/23/2021
Pet Camera with Treat Dispenser,Pets,585.62,ipsum dolor sit amet consectetuer adipiscing elit proin risus praesent lectus vestibulum quam sapien varius ut,427,Meeveo,1.1,Charita Hawes,chawese4@bloglovin.com,29897 Meadow Ridge Lane,5/1/2021
Pineapple Coconut Yogurt,Food - Dairy,777.78,rhoncus aliquet pulvinar sed nisl nunc rhoncus dui vel sem,679,Agivu,42.64,Lia Blair,lblaire5@eventbrite.com,6918 Katie Lane,4/20/2021
Luminous Night Light,Home,660.71,cubilia curae duis faucibus accumsan odio curabitur convallis duis consequat dui nec nisi volutpat eleifend donec,693,Wordpedia,10.63,Lawry Lere,lleree6@flavors.me,18 Nelson Parkway,6/11/2021
Pumpkin Ice Cream,Food - Frozen Foods,275.31,a suscipit nulla elit ac nulla sed vel enim sit amet,912,Viva,28.3,Lari Leroy,lleroye7@amazon.co.jp,5 Loeprich Drive,1/12/2021
Oats,Food - Grains,936.48,odio consequat varius integer ac leo pellentesque ultrices mattis odio donec vitae nisi nam ultrices libero non mattis,298,Rhynoodle,12.95,Fairlie Gilfoyle,fgilfoylee8@stumbleupon.com,80122 Mendota Street,5/1/2021
Chickpea Flour,Food - Baking,746.68,aliquet at feugiat non pretium quis lectus suspendisse potenti in eleifend quam a odio in hac habitasse platea,93,Cogibox,24.84,Mildred Glew,mglewe9@nba.com,519 Del Mar Pass,11/12/2021
Sliced Strawberries,Food - Fruits,862.91,cum sociis natoque penatibus et magnis dis parturient montes nascetur ridiculus mus vivamus vestibulum sagittis sapien cum,19,Flipbug,18.29,Marni Adam,madamea@hc360.com,2216 Little Fleur Way,12/16/2021
Almond Milk,Food - Dairy,993.78,morbi vel lectus in quam fringilla rhoncus mauris enim leo rhoncus sed,113,Midel,0.02,Gray Ducaen,gducaeneb@dell.com,05 Buhler Pass,9/3/2021
Veggie Burger Patties,Food - Meat Substitutes,276.69,velit eu est congue elementum in hac habitasse platea dictumst morbi vestibulum velit id pretium iaculis diam,551,Wordware,48.15,Orel Noye,onoyeec@mashable.com,75157 Lyons Place,8/5/2021
Herb Drying Rack,Garden,571.39,nec dui luctus rutrum nulla tellus in sagittis dui vel nisl duis ac nibh,620,Yoveo,48.72,Kandace Cardillo,kcardilloed@illinois.edu,30 Northland Center,5/4/2021
Adjustable Bar Stools,Furniture,596.4,convallis nulla neque libero convallis eget eleifend luctus ultricies eu nibh quisque id justo sit amet,788,Kazu,35.28,Rikki Danher,rdanheree@issuu.com,2 Pennsylvania Center,6/18/2021
Vegan Chocolate Cake Mix,Food - Baking,855.98,sed lacus morbi sem mauris laoreet ut rhoncus aliquet pulvinar sed nisl nunc rhoncus dui vel,222,Meedoo,8.63,Ryon Foyston,rfoystonef@meetup.com,2 Straubel Parkway,1/19/2021
Buffalo Style Cauliflower Bites,Food - Frozen Vegetables,388.33,nibh in quis justo maecenas rhoncus aliquam lacus morbi quis tortor id nulla ultrices aliquet maecenas leo,120,Buzzdog,3.58,Deva Belbin,dbelbineg@meetup.com,4788 Myrtle Park,11/12/2021
Dark Chocolate Almond Butter Cups,Food - Snacks,455.38,cubilia curae nulla dapibus dolor vel est donec odio justo sollicitudin ut suscipit a feugiat et eros,372,Skaboo,5.23,Konstantine McCreedy,kmccreedyeh@fastcompany.com,6 Caliangt Street,8/20/2021
Fitness Tracker Band,Fitness,24.84,vestibulum eget vulputate ut ultrices vel augue vestibulum ante ipsum primis in faucibus orci luctus et ultrices posuere,854,Katz,43.34,Netti Constable,nconstableei@bing.com,65512 Tony Pass,11/25/2021
Organic Sweet Potatoes,Food - Produce,726.87,nisl ut volutpat sapien arcu sed augue aliquam erat volutpat in congue,944,Aimbo,0.93,Dulcea Yankishin,dyankishinej@about.me,00168 Caliangt Plaza,1/27/2021
Stylish Wireless Earbuds,Audio,831.53,duis faucibus accumsan odio curabitur convallis duis consequat dui nec nisi volutpat eleifend donec ut dolor,289,Zoovu,0.87,Marie-ann Shackleton,mshackletonek@dailymail.co.uk,807 Holmberg Plaza,7/5/2021
Almond Coconut Granola,Food - Breakfast Foods,392.09,est donec odio justo sollicitudin ut suscipit a feugiat et,678,Blogtags,3.47,Winnie Schmidt,wschmidtel@stumbleupon.com,1841 Pennsylvania Lane,9/18/2021
Pet Training Clicker,Pets,209.5,massa tempor convallis nulla neque libero convallis eget eleifend luctus ultricies,641,Brainlounge,9.34,Adrian Pykett,apykettem@themeforest.net,716 Grasskamp Crossing,12/23/2021
Homemade Salsa,Food - Condiments,59.82,in blandit ultrices enim lorem ipsum dolor sit amet consectetuer adipiscing,283,Youspan,11.83,Andrus Cake,acakeen@cnn.com,57 Hermina Street,12/15/2021
Handheld Garment Steamer,Home,984.63,vestibulum eget vulputate ut ultrices vel augue vestibulum ante ipsum,87,Photolist,38.64,Lucila Ramage,lramageeo@booking.com,631 Buena Vista Trail,8/3/2021
Vegetarian Stir Fry Sauce,Food - Condiments,706.99,orci pede venenatis non sodales sed tincidunt eu felis fusce posuere felis,699,Browsebug,19.41,Modestia Mockes,mmockesep@godaddy.com,79 Barby Court,2/20/2021
Compact Dishwasher,Home Appliances,506.67,ipsum primis in faucibus orci luctus et ultrices posuere cubilia,825,Cogibox,22.27,Nicola Brimman,nbrimmaneq@yahoo.co.jp,907 Village Road,4/13/2021
Handcrafted Wooden Coasters,Home,825.76,consequat dui nec nisi volutpat eleifend donec ut dolor morbi vel lectus in quam fringilla,223,Roodel,47.27,Lolita Whetson,lwhetsoner@berkeley.edu,00 6th Road,3/18/2021
Pet Grooming Kit,Pets,817.39,ac leo pellentesque ultrices mattis odio donec vitae nisi nam ultrices libero non mattis pulvinar nulla pede ullamcorper augue a,711,Ntag,43.74,Silvain Fetters,sfetterses@china.com.cn,71057 Melrose Point,8/26/2021
Cauliflower Gnocchi,Food - Frozen Foods,330.84,vulputate nonummy maecenas tincidunt lacus at velit vivamus vel nulla,208,Photolist,24.77,Holden Matteotti,hmatteottiet@histats.com,799 Orin Court,3/26/2021
Spiralizer,Kitchen,736.37,fringilla rhoncus mauris enim leo rhoncus sed vestibulum sit amet cursus id turpis integer,517,Oodoo,49.4,Ford Luttgert,fluttgerteu@ucla.edu,9224 Sauthoff Park,9/18/2021
Egg Noodles,Food - Grains,802.27,nulla elit ac nulla sed vel enim sit amet nunc viverra dapibus nulla,576,Mynte,10.97,Cornelle Treweke,ctrewekeev@pbs.org,277 Sauthoff Circle,4/2/2021
Cinnamon Rolls,Food - Bakery,911.49,id sapien in sapien iaculis congue vivamus metus arcu adipiscing molestie hendrerit at,95,Lazzy,0.47,Petunia Cheake,pcheakeew@theguardian.com,39 Harper Crossing,4/17/2021
Black Bean Spaghetti,Food - Pasta,372.89,tincidunt lacus at velit vivamus vel nulla eget eros elementum pellentesque quisque porta volutpat erat quisque erat,684,Skilith,7.0,Corissa Sommerton,csommertonex@va.gov,52428 Fuller Way,8/16/2021
Bamboo Cutting Board,Kitchen,201.3,mauris non ligula pellentesque ultrices phasellus id sapien in sapien iaculis congue vivamus metus arcu adipiscing molestie hendrerit,474,Einti,12.73,Sandi Ritmeier,sritmeierey@ifeng.com,1488 Sunnyside Alley,5/9/2021
Sliced Strawberries,Food - Fruits,407.39,nunc donec quis orci eget orci vehicula condimentum curabitur in libero ut massa,765,Mudo,1.91,Whittaker Mityushkin,wmityushkinez@uol.com.br,039 Harbort Hill,8/23/2021
Veggie Lovers Pizza,Food - Frozen Foods,799.3,mauris lacinia sapien quis libero nullam sit amet turpis elementum ligula,965,Youtags,25.57,Sansone Stower,sstowerf0@blogger.com,291 Loftsgordon Way,1/4/2021
Vegetable Broth,Food - Canned Goods,585.51,enim leo rhoncus sed vestibulum sit amet cursus id turpis integer aliquet massa id lobortis convallis,88,Skivee,13.18,Nikolia Tamblyn,ntamblynf1@opensource.org,421 Trailsway Junction,8/8/2021
Savory Quinoa Pudding,Food - Sides,167.45,eget eros elementum pellentesque quisque porta volutpat erat quisque erat eros viverra eget congue eget semper rutrum nulla nunc,489,Skipstorm,19.0,Isidor Josefowicz,ijosefowiczf2@github.io,680 Bluejay Pass,4/17/2021
Rechargeable Battery Organizer,Home,393.13,dis parturient montes nascetur ridiculus mus etiam vel augue vestibulum rutrum rutrum neque aenean,9,Devpulse,39.0,Yoko Wickey,ywickeyf3@unesco.org,079 Shoshone Place,6/23/2021
Rechargeable Electric Screwdriver,Tools,879.26,aliquet maecenas leo odio condimentum id luctus nec molestie sed justo pellentesque viverra,443,Edgeblab,0.29,Corine Gange,cgangef4@wisc.edu,306 Manley Center,4/25/2021
Essential White Button-Up,Clothing - Shirts,598.9,at feugiat non pretium quis lectus suspendisse potenti in eleifend quam a odio in hac habitasse platea dictumst maecenas,194,Brainlounge,48.82,Aeriela De Vile,adef5@independent.co.uk,3076 Mayer Plaza,2/10/2021
Dish Soap Dispenser,Kitchen,955.96,dignissim vestibulum vestibulum ante ipsum primis in faucibus orci luctus et ultrices posuere cubilia curae nulla,79,Shufflester,23.91,Phyllis Damerell,pdamerellf6@yelp.com,8 Bashford Circle,6/21/2021
Snack Container Set,Kitchen,129.97,vestibulum vestibulum ante ipsum primis in faucibus orci luctus et ultrices,657,Youfeed,9.73,Laurella Taynton,ltayntonf7@tiny.cc,38 Pleasure Street,3/16/2021
Wireless Security System,Home Security,90.09,id mauris vulputate elementum nullam varius nulla facilisi cras non velit nec nisi vulputate nonummy,73,Twinder,16.85,Dulciana Redsall,dredsallf8@dyndns.org,4186 Hansons Circle,5/6/2021
Pineapple Salsa,Food - Condiments,676.42,lorem ipsum dolor sit amet consectetuer adipiscing elit proin risus praesent lectus vestibulum quam sapien varius ut blandit,274,Photobug,16.69,Meridel Siss,msissf9@hao123.com,8166 Welch Avenue,10/1/2021
Sweet Potato Noodles,Food - Pasta,312.33,vestibulum sit amet cursus id turpis integer aliquet massa id lobortis convallis tortor risus dapibus augue vel accumsan,868,Jabberbean,26.58,Persis Forber,pforberfa@lulu.com,37 Old Gate Court,4/2/2021
Yoga Blocks,Fitness,398.25,amet nunc viverra dapibus nulla suscipit ligula in lacus curabitur at ipsum ac tellus semper interdum,364,Thoughtworks,28.21,Dulce Preston,dprestonfb@ask.com,181 Blackbird Plaza,2/27/2021
Vegetable Fried Rice,Food - Frozen Foods,430.11,congue vivamus metus arcu adipiscing molestie hendrerit at vulputate vitae nisl,717,Kwilith,24.97,Blondie Davenall,bdavenallfc@businessinsider.com,39210 Tomscot Junction,10/15/2021
Trainers with Mesh Inserts,Clothing - Footwear,589.54,a pede posuere nonummy integer non velit donec diam neque vestibulum eget vulputate ut ultrices vel augue,696,Mudo,13.86,Jeniece Josefovic,jjosefovicfd@odnoklassniki.ru,7484 South Avenue,4/27/2021
Rechargeable Hand Warmer,Accessories,357.35,eu est congue elementum in hac habitasse platea dictumst morbi vestibulum velit id pretium iaculis diam erat fermentum justo nec,115,Gabcube,29.51,Eve Gisborne,egisbornefe@wikimedia.org,71 Katie Crossing,8/24/2021
Sushi Roll Kit,Food - Cooking Kits,973.47,amet sapien dignissim vestibulum vestibulum ante ipsum primis in faucibus,217,Topicblab,5.75,Kippie Egginson,kegginsonff@jugem.jp,9 Shelley Point,9/23/2021
Herbal Tea Set,Food,881.72,vel augue vestibulum ante ipsum primis in faucibus orci luctus et ultrices posuere cubilia curae donec pharetra,774,Kwinu,13.68,Ollie Pencot,opencotfg@google.ca,7732 North Pass,3/11/2021
Maple Cinnamon Granola,Food - Cereals,778.43,eget massa tempor convallis nulla neque libero convallis eget eleifend luctus ultricies,117,Centizu,40.26,Marv Forge,mforgefh@vimeo.com,9 Alpine Avenue,8/1/2021
Baked Falafel Balls,Food - Frozen Vegetables,414.85,viverra pede ac diam cras pellentesque volutpat dui maecenas tristique est et,775,Eamia,11.14,Cletus Durtnal,cdurtnalfi@jigsy.com,4380 High Crossing Plaza,4/23/2021
High-Quality Yoga Block,Fitness,364.4,in hac habitasse platea dictumst morbi vestibulum velit id pretium iaculis diam erat,805,Kimia,35.02,Normy Mollene,nmollenefj@devhub.com,83189 Tennyson Plaza,3/3/2021
Coconut Milk Yogurt,Food - Dairy Alternatives,795.82,vel accumsan tellus nisi eu orci mauris lacinia sapien quis libero nullam sit amet turpis elementum ligula vehicula consequat,216,Jabberstorm,24.1,Neysa Hucknall,nhucknallfk@xrea.com,35472 Talmadge Terrace,8/14/2021
Kids' Dinosaur-Themed Lunchbox,Accessories,398.9,nullam porttitor lacus at turpis donec posuere metus vitae ipsum aliquam non mauris morbi non lectus aliquam,680,Skyble,2.54,Rahel Sparke,rsparkefl@dion.ne.jp,81 Homewood Place,11/1/2021
Garlic & Herb Goat Cheese,Food - Dairy,746.37,in faucibus orci luctus et ultrices posuere cubilia curae mauris viverra diam vitae quam suspendisse potenti nullam porttitor lacus,936,Linkbuzz,20.77,Dani Admans,dadmansfm@delicious.com,4 Chinook Circle,8/11/2021
Insulated Coffee Mug,Kitchen,897.94,accumsan felis ut at dolor quis odio consequat varius integer ac,953,Jatri,8.87,Brooke Maxsted,bmaxstedfn@google.es,2 Aberg Lane,1/12/2021
Body Pillow Case,Home,799.71,vivamus tortor duis mattis egestas metus aenean fermentum donec ut mauris eget massa tempor convallis nulla,685,Yakijo,37.34,Gaile Priestland,gpriestlandfo@china.com.cn,754 Village Way,3/19/2021
Almond Butter Cookies,Food - Snacks,250.99,pretium nisl ut volutpat sapien arcu sed augue aliquam erat volutpat in congue etiam justo etiam pretium,438,Leenti,44.6,Bamby Cuttler,bcuttlerfp@posterous.com,52 Northridge Avenue,7/7/2021
Organic Sweet Potatoes,Food - Produce,942.89,primis in faucibus orci luctus et ultrices posuere cubilia curae nulla dapibus dolor vel est donec odio justo sollicitudin ut,189,BlogXS,27.9,Anatol Helder,ahelderfq@theguardian.com,18235 Redwing Place,7/5/2021
Vegan Chickpea Salad,Food - Prepared Foods,585.11,sit amet eros suspendisse accumsan tortor quis turpis sed ante vivamus tortor duis mattis egestas metus aenean fermentum donec,159,Izio,19.09,Donovan Schimpke,dschimpkefr@java.com,58035 Continental Street,8/16/2021
Coconut Oil Spray,Food - Cooking Oils,130.98,a suscipit nulla elit ac nulla sed vel enim sit amet nunc viverra dapibus nulla suscipit,547,Eare,12.05,Rosalia Warbeys,rwarbeysfs@google.nl,7724 Kennedy Court,6/7/2021
Cordless Electric Screwdriver,Tools,629.25,nam dui proin leo odio porttitor id consequat in consequat ut nulla sed accumsan felis ut at,535,Thoughtbridge,43.45,Theda Tolson,ttolsonft@foxnews.com,802 Forest Dale Crossing,8/27/2021
Weighted Blanket,Health,518.39,maecenas ut massa quis augue luctus tincidunt nulla mollis molestie lorem quisque ut erat curabitur gravida nisi at nibh,581,Voonyx,38.47,Parke Condit,pconditfu@geocities.com,8 Village Point,8/29/2021
Coconut Granola,Food - Snacks,171.26,platea dictumst maecenas ut massa quis augue luctus tincidunt nulla mollis molestie lorem,827,Jabbersphere,5.43,Matthew De Santos,mdefv@economist.com,64 Mitchell Parkway,7/22/2021
Ergonomic Gaming Chair,Gaming,356.67,viverra dapibus nulla suscipit ligula in lacus curabitur at ipsum ac tellus semper interdum mauris ullamcorper purus sit,810,Skyvu,15.11,Bryana Kennaird,bkennairdfw@twitpic.com,74 Jenna Parkway,4/21/2021
Wireless Music Receiver,Audio,151.9,vestibulum vestibulum ante ipsum primis in faucibus orci luctus et ultrices posuere cubilia curae nulla,827,Abata,46.26,Julie Korbmaker,jkorbmakerfx@ucoz.ru,4066 Rowland Drive,1/19/2021
Smartphone Hand Grip,Accessories,161.9,vitae quam suspendisse potenti nullam porttitor lacus at turpis donec posuere,467,Photobug,39.22,Elberta Geerdts,egeerdtsfy@dyndns.org,42 Superior Parkway,3/3/2021
Buffalo Chicken Wraps,Food - Prepared Meals,743.19,vestibulum ac est lacinia nisi venenatis tristique fusce congue diam id ornare imperdiet sapien urna pretium nisl ut volutpat sapien,37,Zazio,17.55,Ginny Hehir,ghehirfz@telegraph.co.uk,98017 Shasta Alley,10/13/2021
Peanut Butter Pretzel Bites,Food - Snacks,401.07,id consequat in consequat ut nulla sed accumsan felis ut at dolor quis odio consequat varius integer ac leo pellentesque,380,Nlounge,17.22,Jesus O'Day,jodayg0@stanford.edu,866 Crowley Junction,6/7/2021
Classic Vanilla Fudge,Food - Desserts,582.26,donec posuere metus vitae ipsum aliquam non mauris morbi non lectus aliquam sit amet diam,85,Avavee,39.51,Coleen MacCart,cmaccartg1@dyndns.org,2 Morningstar Hill,4/11/2021
Dark Chocolate Bars,Food - Snacks,487.52,vitae mattis nibh ligula nec sem duis aliquam convallis nunc proin at turpis a,563,Quinu,37.52,Julianne Very,jveryg2@paginegialle.it,44 David Crossing,2/26/2021
Stainless Steel Cutlery Set,Kitchen,476.62,suspendisse potenti nullam porttitor lacus at turpis donec posuere metus vitae,546,Pixonyx,20.86,Kelby Dossetter,kdossetterg3@bluehost.com,5 Raven Terrace,11/8/2021
Electric Razor,Health,954.75,rutrum ac lobortis vel dapibus at diam nam tristique tortor eu pede,991,Einti,18.16,Wylma Gierke,wgierkeg4@china.com.cn,03129 Sachs Court,8/20/2021
Fresh Lemons,Food - Fresh Produce,865.83,in hac habitasse platea dictumst aliquam augue quam sollicitudin vitae consectetuer eget rutrum at lorem integer tincidunt,97,Skipstorm,9.1,Abbott Colchett,acolchettg5@taobao.com,63704 Bayside Pass,1/21/2021
Wireless Range Extender,Electronics,406.05,luctus tincidunt nulla mollis molestie lorem quisque ut erat curabitur gravida nisi at nibh in hac habitasse platea,698,Rhyzio,47.32,Francyne Fothergill,ffothergillg6@samsung.com,00 Hagan Junction,5/25/2021
Safety First Aid Kit,Health,139.52,metus arcu adipiscing molestie hendrerit at vulputate vitae nisl aenean lectus pellentesque eget nunc donec,199,Browsebug,5.41,Nadean Duigan,nduigang7@home.pl,29 Armistice Street,8/11/2021
Handmade Leather Wallet,Accessories,657.75,cursus urna ut tellus nulla ut erat id mauris vulputate,954,Babbleblab,28.32,Joellen Worthington,jworthingtong8@netvibes.com,79 North Center,11/9/2021
Drone,Electronics,751.61,vulputate justo in blandit ultrices enim lorem ipsum dolor sit amet consectetuer adipiscing elit proin interdum mauris non,520,Yakitri,2.45,Germaine Dochon,gdochong9@house.gov,20480 Scoville Avenue,12/14/2021
Over-the-Door Hooks,Home,214.12,vulputate vitae nisl aenean lectus pellentesque eget nunc donec quis orci eget orci vehicula,27,Ozu,5.95,Giordano Caslin,gcaslinga@wisc.edu,58 Schiller Way,12/10/2021
Sweet Pea Hummus,Food - Dips,434.87,fusce consequat nulla nisl nunc nisl duis bibendum felis sed,719,Quinu,29.53,Vernice Gutherson,vguthersongb@cdbaby.com,3 Fieldstone Park,4/8/2021
Smart Home Hub,Smart Home,431.1,donec odio justo sollicitudin ut suscipit a feugiat et eros vestibulum ac est lacinia nisi venenatis tristique,402,Aimbu,26.01,Shelley Merryweather,smerryweathergc@marketwatch.com,3 Granby Circle,4/27/2021
Veggie Lovers Pizza,Food - Frozen Foods,264.55,nullam orci pede venenatis non sodales sed tincidunt eu felis,823,Oyoloo,27.55,Meris Schult,mschultgd@cargocollective.com,1 Donald Hill,5/16/2021
Digital Wireless Meat Thermometer,Kitchen,633.31,posuere cubilia curae duis faucibus accumsan odio curabitur convallis duis consequat dui nec nisi volutpat eleifend donec,650,Mynte,20.91,Avery Cartmer,acartmerge@list-manage.com,51915 Vahlen Center,4/22/2021
Home Office Chair,Furniture,949.97,in hac habitasse platea dictumst maecenas ut massa quis augue luctus tincidunt nulla mollis molestie,499,Devshare,3.32,Rosanna Vasser,rvassergf@instagram.com,14 Roth Terrace,10/11/2021
High-Quality Yoga Block,Fitness,689.85,aenean sit amet justo morbi ut odio cras mi pede malesuada in,861,Feedmix,46.87,Shaun Blakeney,sblakeneygg@reuters.com,34698 Spohn Road,11/7/2021
Pecan Pie Filling,Food - Baking Goods,39.65,habitasse platea dictumst etiam faucibus cursus urna ut tellus nulla ut erat id mauris vulputate elementum,304,Fivebridge,8.8,Rowney Carne,rcarnegh@boston.com,5497 Green Ridge Circle,7/8/2021
Cheddar Cheese Crackers,Food - Snacks,743.57,non interdum in ante vestibulum ante ipsum primis in faucibus orci luctus et ultrices,116,Myworks,18.27,Cinnamon Marple,cmarplegi@noaa.gov,78 Arizona Drive,12/19/2021
Drone,Electronics,870.76,pede libero quis orci nullam molestie nibh in lectus pellentesque,251,Teklist,43.14,Felicle Kubik,fkubikgj@cbslocal.com,14 Ilene Way,5/28/2021
Chocolate Mint Thins,Food - Snacks,129.58,blandit lacinia erat vestibulum sed magna at nunc commodo placerat praesent blandit nam nulla integer pede justo lacinia eget,215,Jetwire,9.75,Ali Trimmell,atrimmellgk@theatlantic.com,4 Westport Alley,9/10/2021
Pasta Maker,Kitchen,82.56,accumsan felis ut at dolor quis odio consequat varius integer ac leo pellentesque ultrices mattis odio,333,Oyoba,42.43,Melany Kindell,mkindellgl@hexun.com,047 Steensland Circle,9/6/2021
Pomegranate Juice,Food - Beverages,198.69,suscipit nulla elit ac nulla sed vel enim sit amet,874,Photobug,42.77,Gay Cavendish,gcavendishgm@google.co.uk,6 Aberg Center,8/28/2021
Water-Resistant Bluetooth Speaker,Audio,898.78,amet eros suspendisse accumsan tortor quis turpis sed ante vivamus tortor duis mattis egestas metus aenean fermentum,100,Tanoodle,10.78,Thekla Dinsmore,tdinsmoregn@lycos.com,3432 Red Cloud Parkway,1/28/2021
Leather Crossbody Bag,Clothing - Bags,84.59,elit proin interdum mauris non ligula pellentesque ultrices phasellus id sapien in sapien,777,Skiptube,32.1,Dene Smithen,dsmithengo@ft.com,9 Delladonna Plaza,9/24/2021
Art Supplies Organizer,Art Supplies,277.73,condimentum id luctus nec molestie sed justo pellentesque viverra pede ac diam cras pellentesque volutpat dui maecenas,118,Divavu,27.13,Caterina Neissen,cneissengp@dagondesign.com,2307 Hudson Park,12/5/2021
Peas (frozen),Food - Frozen Foods,649.97,lacus at velit vivamus vel nulla eget eros elementum pellentesque quisque porta volutpat erat quisque erat eros viverra eget,353,Dabtype,32.26,Pail Yedy,pyedygq@360.cn,097 Tennyson Court,2/21/2021
Pumpkin Spice Coffee,Food - Beverages,883.25,in libero ut massa volutpat convallis morbi odio odio elementum eu interdum eu tincidunt in leo maecenas pulvinar,471,Fivebridge,30.37,Michale Gemelli,mgemelligr@mlb.com,1 Summit Road,6/12/2021
Yoga Blocks,Fitness,890.18,eget semper rutrum nulla nunc purus phasellus in felis donec semper sapien a libero nam dui,261,Divanoodle,3.89,Rodrique Dorgan,rdorgangs@moonfruit.com,214 Springs Center,1/26/2021
Feta Cheese Crumbles,Food - Dairy,906.89,convallis nunc proin at turpis a pede posuere nonummy integer non velit donec diam neque vestibulum,333,Rhyloo,28.46,Barr Ielden,bieldengt@marketwatch.com,663 Erie Crossing,10/27/2021
Lasagna Noodles,Food - Pasta,570.35,tempor turpis nec euismod scelerisque quam turpis adipiscing lorem vitae mattis nibh,726,Rooxo,3.13,Milli Cheesworth,mcheesworthgu@webs.com,3 Randy Road,6/22/2021
Balsamic Vinegar,Food - Condiments,121.95,a odio in hac habitasse platea dictumst maecenas ut massa quis augue,313,Zooveo,16.41,Ashlin Jehaes,ajehaesgv@buzzfeed.com,7255 Northview Pass,9/2/2021
Wall Planner,Office,285.28,sagittis sapien cum sociis natoque penatibus et magnis dis parturient montes nascetur ridiculus mus,382,Kazio,44.05,Robby Yeld,ryeldgw@weather.com,62 Thackeray Road,1/27/2021
Sweet Pea Hummus,Food - Dips,826.83,malesuada in imperdiet et commodo vulputate justo in blandit ultrices enim lorem ipsum dolor sit amet consectetuer adipiscing elit proin,679,Realmix,2.62,Devy Agass,dagassgx@mashable.com,49 Oriole Pass,12/10/2021
Pistachios,Food - Nuts,140.19,id nulla ultrices aliquet maecenas leo odio condimentum id luctus,616,Quimba,42.13,Noel Cakes,ncakesgy@google.com,4616 Summer Ridge Lane,3/17/2021
Slingback Sandals,Clothing - Footwear,219.01,ipsum dolor sit amet consectetuer adipiscing elit proin interdum mauris non ligula pellentesque ultrices,507,Blognation,44.38,Chaddie Buncher,cbunchergz@360.cn,8 Briar Crest Court,3/14/2021
Compact Shoe Rack,Home,880.78,volutpat erat quisque erat eros viverra eget congue eget semper rutrum nulla nunc purus phasellus,541,Centizu,44.78,Lannie Freear,lfreearh0@is.gd,69220 Forest Run Street,12/28/2021
Buffalo Style Cauliflower Bites,Food - Frozen Vegetables,30.25,luctus et ultrices posuere cubilia curae nulla dapibus dolor vel est,82,Brainbox,45.62,Herminia Jirick,hjirickh1@loc.gov,63445 Bartillon Way,1/23/2021
Adjustable Pet Feeder,Pets,247.32,volutpat eleifend donec ut dolor morbi vel lectus in quam fringilla rhoncus mauris enim leo rhoncus,5,Skinte,16.33,Johnathon Icom,jicomh2@studiopress.com,949 Forest Court,10/23/2021
Frozen Berry Medley,Food - Frozen Foods,599.04,est congue elementum in hac habitasse platea dictumst morbi vestibulum velit id pretium iaculis diam erat fermentum,251,Babbleopia,48.11,Lion Sammons,lsammonsh3@timesonline.co.uk,7 Dunning Hill,4/20/2021
Buffalo Cauliflower Wings,Food - Frozen Foods,330.85,interdum venenatis turpis enim blandit mi in porttitor pede justo eu massa donec dapibus duis at velit,929,Dabvine,8.98,Giselbert Lemar,glemarh4@xrea.com,067 Crowley Road,9/1/2021
Spinach and Cheese Stuffed Shells,Food - Frozen Meals,475.45,auctor gravida sem praesent id massa id nisl venenatis lacinia aenean sit amet justo morbi ut odio,266,Topiczoom,16.88,Quinta Jerrom,qjerromh5@hc360.com,4 Washington Terrace,3/7/2021
Plant Growing Kit,Garden,722.47,nulla eget eros elementum pellentesque quisque porta volutpat erat quisque erat eros,935,Youopia,38.76,Nicoline Swyer-Sexey,nswyersexeyh6@vistaprint.com,9 Union Parkway,11/6/2021
Garden Vegetable Soup,Food - Canned Goods,509.55,lacus morbi quis tortor id nulla ultrices aliquet maecenas leo odio condimentum id,966,Skyble,12.66,Harry Grabban,hgrabbanh7@jugem.jp,8 Oak Parkway,9/20/2021
Tennis Racket,Fitness,965.68,suscipit a feugiat et eros vestibulum ac est lacinia nisi venenatis tristique fusce congue diam id,376,Wikizz,9.49,Alard Oyley,aoyleyh8@mtv.com,5531 Spenser Circle,2/1/2021
Roasted Garlic Mashed Potatoes,Food - Frozen Foods,294.75,sapien ut nunc vestibulum ante ipsum primis in faucibus orci luctus et ultrices,829,Vitz,23.88,Devi Corneil,dcorneilh9@businessinsider.com,39 Maple Wood Place,4/5/2021
Non-Stick Grill Mat,Outdoor,484.15,sit amet consectetuer adipiscing elit proin risus praesent lectus vestibulum quam sapien varius ut blandit non interdum,906,Oba,21.25,Marketa Boome,mboomeha@jigsy.com,35774 Thompson Avenue,2/10/2021
Comfort Flats,Clothing - Shoes,650.92,vulputate luctus cum sociis natoque penatibus et magnis dis parturient,554,Yabox,0.56,Dalila Reilingen,dreilingenhb@tripadvisor.com,407 Jana Circle,5/26/2021
Garlic Butter Sauce,Food - Condiments,86.17,gravida sem praesent id massa id nisl venenatis lacinia aenean sit amet justo morbi ut odio,106,Youopia,17.16,Kirstin Corker,kcorkerhc@archive.org,30683 Porter Junction,8/24/2021
Crispy Tofu Bites,Food - Protein,524.31,sit amet justo morbi ut odio cras mi pede malesuada in imperdiet et commodo vulputate justo in blandit ultrices enim,396,Gabvine,33.72,Jared Keling,jkelinghd@telegraph.co.uk,04 Talisman Drive,7/25/2021
Spiralizer,Kitchen,140.28,elit sodales scelerisque mauris sit amet eros suspendisse accumsan tortor quis turpis sed ante,185,Skippad,12.76,Kathi Galbraeth,kgalbraethhe@omniture.com,5 Calypso Plaza,5/13/2021
Halloween Decoration Set,Home,551.87,amet sapien dignissim vestibulum vestibulum ante ipsum primis in faucibus orci luctus et ultrices posuere cubilia curae,705,Jabberbean,17.48,Felita Kasparski,fkasparskihf@weebly.com,5505 Nevada Road,5/5/2021
Wildflower Honey,Food - Condiments,975.46,vestibulum quam sapien varius ut blandit non interdum in ante,302,Quatz,31.47,Bobby Weaben,bweabenhg@imageshack.us,0 Spaight Drive,4/19/2021
Compact Electric Kettle,Kitchen,275.8,mauris ullamcorper purus sit amet nulla quisque arcu libero rutrum ac lobortis vel dapibus at diam,314,Mydeo,4.54,Reta Redier,rredierhh@alexa.com,25686 Daystar Junction,11/6/2021
Animal Paw Print Soap Dispenser,Home,85.16,cubilia curae nulla dapibus dolor vel est donec odio justo sollicitudin ut suscipit a feugiat et eros,957,Yoveo,16.31,Lilas Pumphrey,lpumphreyhi@globo.com,379 Eagan Plaza,4/18/2021
Nutritional Yeast,Food - Pantry,546.42,morbi vestibulum velit id pretium iaculis diam erat fermentum justo nec condimentum neque sapien placerat,538,Tazzy,7.57,Christy Spinks,cspinkshj@addthis.com,1 Mifflin Pass,11/19/2021
Lemon Basil Pasta Sauce,Food - Sauces,15.6,rutrum neque aenean auctor gravida sem praesent id massa id nisl venenatis lacinia aenean sit amet justo morbi ut odio,413,Trupe,29.21,Marji Kenshole,mkensholehk@theguardian.com,18418 Northland Alley,5/10/2021
LED Makeup Mirror,Beauty,195.78,consequat metus sapien ut nunc vestibulum ante ipsum primis in faucibus orci luctus et ultrices posuere,147,Mydo,44.24,Debera Brasener,dbrasenerhl@yelp.com,6379 Marquette Trail,9/30/2021
Blue Corn Tortilla Chips,Food - Snacks,932.68,at velit eu est congue elementum in hac habitasse platea dictumst morbi vestibulum velit id pretium iaculis diam erat,206,InnoZ,49.02,Elena Cappel,ecappelhm@barnesandnoble.com,65 Everett Way,4/29/2021
Sculpting Kit,Art Supplies,214.96,eros vestibulum ac est lacinia nisi venenatis tristique fusce congue diam id,905,Miboo,11.24,Deerdre Sealy,dsealyhn@dropbox.com,9 Butterfield Circle,7/26/2021
Sports Windbreaker,Clothing - Outerwear,448.33,turpis sed ante vivamus tortor duis mattis egestas metus aenean fermentum donec ut,702,Oyope,24.87,Randa Colpus,rcolpusho@imdb.com,48638 Thierer Terrace,3/26/2021
Trainers with Mesh Inserts,Clothing - Footwear,677.26,lorem ipsum dolor sit amet consectetuer adipiscing elit proin interdum mauris non ligula pellentesque ultrices phasellus,993,Edgeblab,28.12,Donovan Kinvig,dkinvighp@earthlink.net,369 Thierer Drive,11/17/2021
Sliced Bread,Food - Bakery,147.22,magna vestibulum aliquet ultrices erat tortor sollicitudin mi sit amet lobortis sapien sapien non mi integer ac neque duis bibendum,63,Linktype,9.51,Querida Baily,qbailyhq@topsy.com,79155 Tomscot Pass,3/2/2021
Fashionable Belt Bag,Accessories,538.9,accumsan tortor quis turpis sed ante vivamus tortor duis mattis egestas metus aenean fermentum donec ut mauris eget massa tempor,971,Fadeo,8.08,Nerti Goalley,ngoalleyhr@fda.gov,91 Dennis Way,6/27/2021
Dried Apricots,Food - Dried Fruits,608.96,ultrices posuere cubilia curae mauris viverra diam vitae quam suspendisse potenti nullam porttitor lacus at turpis donec,34,Eadel,8.9,Hedy D'Agostino,hdagostinohs@nba.com,8817 Esker Junction,6/1/2021
Woven Storage Baskets,Home,67.33,justo in blandit ultrices enim lorem ipsum dolor sit amet consectetuer adipiscing,89,Kazio,47.93,Codie Broadnicke,cbroadnickeht@ucoz.com,496 Norway Maple Alley,9/15/2021
Fruit and Nut Medley,Food - Snacks,55.01,fermentum justo nec condimentum neque sapien placerat ante nulla justo aliquam quis turpis eget elit sodales scelerisque mauris sit,771,Riffpath,35.83,Twila Moral,tmoralhu@weather.com,44812 Hagan Junction,9/19/2021
Cinnamon Raisin Bagels,Food - Bakery,18.74,maecenas pulvinar lobortis est phasellus sit amet erat nulla tempus vivamus in felis,773,Trilia,3.0,Laureen Tuxwell,ltuxwellhv@blogger.com,39465 Londonderry Court,4/24/2021
Hummus Variety Pack,Food - Dairy,570.48,in lacus curabitur at ipsum ac tellus semper interdum mauris ullamcorper purus sit amet nulla quisque arcu libero,76,Edgetag,1.96,Cooper Cotsford,ccotsfordhw@uol.com.br,561 Kim Parkway,3/16/2021
Glass Tea Pot,Kitchen,198.92,ac enim in tempor turpis nec euismod scelerisque quam turpis adipiscing,886,Innotype,36.9,Bryana Gipp,bgipphx@amazon.co.uk,185 Hauk Circle,2/27/2021
Art Supplies Organizer,Art Supplies,951.98,sit amet lobortis sapien sapien non mi integer ac neque duis bibendum morbi,330,Zoomcast,25.66,Nicko Perkis,nperkishy@wufoo.com,2 Russell Place,4/8/2021
Pistachio Ice Cream,Food - Frozen Desserts,498.63,iaculis justo in hac habitasse platea dictumst etiam faucibus cursus urna ut tellus nulla ut erat id,9,Edgewire,49.46,Robbi Gallihawk,rgallihawkhz@tiny.cc,1810 Jackson Court,12/12/2021
Pasta Sauce Mix,Food - Sauces,748.96,posuere felis sed lacus morbi sem mauris laoreet ut rhoncus aliquet pulvinar sed nisl nunc rhoncus dui vel sem sed,434,Oyoba,3.32,Fanechka Lillie,flilliei0@google.co.jp,85870 Katie Junction,1/12/2021
Maple Bacon Potato Chips,Food - Snacks,846.38,vitae nisl aenean lectus pellentesque eget nunc donec quis orci eget orci vehicula condimentum curabitur in libero,796,Npath,16.0,Janna Brody,jbrodyi1@liveinternet.ru,1386 5th Trail,10/9/2021
Luxury Bath Robe,Clothing,318.86,nisl venenatis lacinia aenean sit amet justo morbi ut odio cras mi pede,195,Babblestorm,1.82,Zachariah Elnor,zelnori2@free.fr,8 Pond Place,8/8/2021
Compressed Towel Tablets,Travel,927.64,volutpat sapien arcu sed augue aliquam erat volutpat in congue etiam justo etiam pretium iaculis,244,Kanoodle,14.81,Grata Lugsdin,glugsdini3@taobao.com,63 Arizona Center,4/15/2021
Almond Flour Brownies,Food - Baking,997.15,velit eu est congue elementum in hac habitasse platea dictumst morbi vestibulum velit id pretium iaculis diam erat,494,Izio,43.71,Ritchie Black,rblacki4@gmpg.org,91 Petterle Avenue,6/10/2021
Foot Spa Bath Massager,Health,531.9,a feugiat et eros vestibulum ac est lacinia nisi venenatis tristique fusce congue,744,Thoughtstorm,28.97,Jessika Smeath,jsmeathi5@moonfruit.com,1 Hovde Drive,9/14/2021
Two-Tone Windbreaker,Clothing - Outerwear,523.3,sem mauris laoreet ut rhoncus aliquet pulvinar sed nisl nunc rhoncus,450,Eazzy,21.21,Edward Burmaster,eburmasteri6@imdb.com,530 Florence Pass,10/9/2021
Wireless Gaming Mouse,Gaming,923.17,sociis natoque penatibus et magnis dis parturient montes nascetur ridiculus mus etiam vel augue vestibulum rutrum rutrum neque aenean auctor,791,Buzzster,27.85,Harriette Bellerby,hbellerbyi7@google.com.au,7 Caliangt Way,11/23/2021
Graphic Tee,Clothing,940.47,turpis a pede posuere nonummy integer non velit donec diam,428,Skilith,42.94,Isabella Dinneen,idinneeni8@vinaora.com,46914 Melvin Lane,5/18/2021
Sesame Ginger Dressing,Food - Condiments,559.4,felis ut at dolor quis odio consequat varius integer ac,211,Twiyo,13.02,Camellia Dumke,cdumkei9@ca.gov,29 Blue Bill Park Park,12/19/2021
Robot Vacuum Cleaner,Home Appliances,933.0,consequat dui nec nisi volutpat eleifend donec ut dolor morbi,421,Skyvu,39.5,Rheba Carefull,rcarefullia@arstechnica.com,2 Manufacturers Place,8/23/2021
Smart Wi-Fi Light Bulbs,Smart Home,343.94,orci luctus et ultrices posuere cubilia curae donec pharetra magna vestibulum aliquet ultrices erat tortor sollicitudin mi,827,Latz,9.7,Francois Spykins,fspykinsib@tiny.cc,46 Commercial Alley,2/12/2021
Water-Resistant Bluetooth Speaker,Audio,717.52,in tempus sit amet sem fusce consequat nulla nisl nunc nisl duis bibendum felis sed interdum,49,Jabbersphere,47.8,Jermayne Brimman,jbrimmanic@alexa.com,4 Meadow Ridge Avenue,1/1/2021
Honey Roasted Chickpeas,Food - Snacks,99.04,orci luctus et ultrices posuere cubilia curae duis faucibus accumsan odio curabitur convallis duis consequat,392,Skalith,47.53,Camel Willimott,cwillimottid@odnoklassniki.ru,3679 Hanover Road,2/6/2021
Red Lentil Pasta,Food - Pasta,834.4,ipsum integer a nibh in quis justo maecenas rhoncus aliquam lacus morbi quis tortor id nulla ultrices aliquet maecenas,229,Kwimbee,14.91,Carma Melato,cmelatoie@hatena.ne.jp,1 Wayridge Drive,7/6/2021
Car Escape Tool,Automotive,930.75,justo etiam pretium iaculis justo in hac habitasse platea dictumst etiam faucibus cursus urna ut tellus nulla ut,591,Roombo,15.06,Krissie Bugs,kbugsif@soundcloud.com,926 Steensland Plaza,6/27/2021
Adjustable Height Standing Desk Converter,Office,167.76,et magnis dis parturient montes nascetur ridiculus mus vivamus vestibulum sagittis sapien,621,Tagopia,20.58,Tiphani McCarl,tmccarlig@unesco.org,85604 Hallows Point,9/23/2021
Honey Sriracha Chicken Bites,Food - Frozen Foods,373.8,libero nam dui proin leo odio porttitor id consequat in consequat ut nulla sed accumsan felis,403,Twitterbridge,25.53,Myrtice Sumpton,msumptonih@shareasale.com,37856 Carioca Court,6/11/2021
Oven Mitts,Kitchen,433.57,cursus id turpis integer aliquet massa id lobortis convallis tortor risus dapibus augue vel accumsan tellus,998,Youtags,6.51,Dwayne Roles,drolesii@storify.com,63 Annamark Parkway,7/3/2021
Camping Tent,Outdoor,602.27,enim blandit mi in porttitor pede justo eu massa donec dapibus duis at velit eu est,756,Roodel,6.2,Bebe McKenny,bmckennyij@illinois.edu,57668 Monica Point,5/18/2021
Almond Flour Biscuits,Food - Bakery,322.95,est phasellus sit amet erat nulla tempus vivamus in felis eu,534,Oodoo,21.34,Jillie Giacoppoli,jgiacoppoliik@vk.com,725 Merry Avenue,4/30/2021
Safety Goggles,Safety,644.14,bibendum morbi non quam nec dui luctus rutrum nulla tellus in,140,Yacero,45.24,Rona Cholwell,rcholwellil@sbwire.com,69500 Thompson Alley,2/25/2021
Italian Pasta,Food - Grains,910.06,habitasse platea dictumst morbi vestibulum velit id pretium iaculis diam erat fermentum justo nec condimentum neque sapien placerat ante nulla,841,Jazzy,26.63,Guthrey Sands,gsandsim@t.co,28 Butternut Park,1/2/2021
Sweet Cherry Tomatoes,Food - Produce,213.42,donec odio justo sollicitudin ut suscipit a feugiat et eros vestibulum ac est lacinia nisi venenatis tristique fusce congue,198,Rhyzio,32.92,Gannie Hitcham,ghitchamin@unicef.org,00791 Graceland Drive,12/12/2021
Rustic Italian Breads,Food - Bakery,842.98,sit amet turpis elementum ligula vehicula consequat morbi a ipsum integer a nibh in quis justo maecenas,522,Photospace,33.18,Ives Kaine,ikaineio@jimdo.com,81 La Follette Avenue,6/18/2021
Vegan Mayonnaise,Food - Condiments,443.5,eget eleifend luctus ultricies eu nibh quisque id justo sit amet sapien,935,Jabberbean,26.72,Brittni Fulger,bfulgerip@t-online.de,3636 Portage Road,3/13/2021
Classic White T-Shirt,Clothing - Tops,791.51,quam sapien varius ut blandit non interdum in ante vestibulum ante ipsum primis in,473,Linkbuzz,30.25,Haily Ayshford,hayshfordiq@home.pl,51 Dawn Center,11/18/2021
Heavy Duty Gardening Tool Set,Garden,88.77,platea dictumst maecenas ut massa quis augue luctus tincidunt nulla mollis molestie lorem quisque ut erat curabitur gravida,442,Bluejam,27.19,Connor Vanyatin,cvanyatinir@t-online.de,6 Dwight Plaza,10/24/2021
Balsamic Fig Dressing,Food - Condiments,137.33,semper est quam pharetra magna ac consequat metus sapien ut nunc vestibulum ante ipsum primis,265,Vidoo,40.04,Camellia Jumonet,cjumonetis@sciencedirect.com,592 Nelson Parkway,10/27/2021
Classic Cheeseburger Mix,Food - Meats,576.79,venenatis turpis enim blandit mi in porttitor pede justo eu massa donec dapibus duis at velit,234,Voomm,14.7,Penelopa Pickin,ppickinit@accuweather.com,69527 Hauk Pass,12/29/2021
Yoga Strap,Fitness,79.55,viverra pede ac diam cras pellentesque volutpat dui maecenas tristique est et,474,Kwideo,4.83,Niels Redgrave,nredgraveiu@stanford.edu,04593 Harbort Trail,10/17/2021
Lemon Zest Olive Oil,Food - Oils & Vinegars,397.64,velit id pretium iaculis diam erat fermentum justo nec condimentum neque sapien placerat ante,960,Agimba,29.89,Cory Ekins,cekinsiv@usatoday.com,46 Fisk Way,4/21/2021
Picnic Blanket,Outdoor,482.76,lorem ipsum dolor sit amet consectetuer adipiscing elit proin risus praesent lectus vestibulum quam sapien varius ut blandit non interdum,347,Blognation,12.64,Colman Dartnell,cdartnelliw@twitpic.com,34779 Grover Hill,5/20/2021
Sunglasses,Accessories,549.3,nam congue risus semper porta volutpat quam pede lobortis ligula sit,74,Quimba,1.84,Ange Lafaye,alafayeix@quantcast.com,40 Helena Crossing,1/30/2021
Sliced Cheese,Food - Dairy,519.26,luctus tincidunt nulla mollis molestie lorem quisque ut erat curabitur,872,Browsedrive,41.2,Minta Gripton,mgriptoniy@opera.com,1 Paget Avenue,7/22/2021
Teriyaki Chicken Skewers,Food - Meat,209.06,lorem ipsum dolor sit amet consectetuer adipiscing elit proin interdum mauris non ligula pellentesque ultrices phasellus,905,Rhynyx,13.87,Pierson Klimkowski,pklimkowskiiz@php.net,5 Brown Crossing,4/11/2021
Cacao Nibs,Food - Baking,527.83,turpis sed ante vivamus tortor duis mattis egestas metus aenean fermentum donec ut mauris eget massa tempor,900,Babbleblab,47.79,Grannie Spong,gspongj0@ovh.net,0146 Northport Lane,9/27/2021
Sweet and Sour Sauce,Food - Condiments,450.63,odio elementum eu interdum eu tincidunt in leo maecenas pulvinar,356,Yakidoo,6.51,Matteo Regis,mregisj1@purevolume.com,65 Bartelt Crossing,10/17/2021
Golf Polo Shirt,Clothing - Tops,306.06,cubilia curae duis faucibus accumsan odio curabitur convallis duis consequat dui nec nisi volutpat eleifend donec ut dolor morbi,416,Topicblab,26.28,Lamar Wolver,lwolverj2@chronoengine.com,1415 Cottonwood Center,3/19/2021
Vegetable Stir-Fry Kit,Food - Produce,478.14,ut erat id mauris vulputate elementum nullam varius nulla facilisi cras non velit nec,14,Realbridge,11.66,Hew Hookes,hhookesj3@mediafire.com,4 Carioca Park,9/30/2021
Marinated Artichokes,Food - Vegetables,614.97,eget congue eget semper rutrum nulla nunc purus phasellus in felis donec semper sapien a libero nam dui,354,Meeveo,41.06,Reyna Baumert,rbaumertj4@wufoo.com,82524 Rigney Hill,1/5/2021
Lemon Dill Salmon,Food - Seafood,794.54,lobortis sapien sapien non mi integer ac neque duis bibendum morbi non quam nec,119,Devbug,8.02,Jayme Budik,jbudikj5@wordpress.com,7 Westerfield Point,12/28/2021
Portable Air Conditioner,Home Appliances,216.3,in tempor turpis nec euismod scelerisque quam turpis adipiscing lorem vitae mattis nibh ligula nec,870,Tambee,4.32,Blake McVie,bmcviej6@smugmug.com,94 Glendale Plaza,8/20/2021
Customizable Name Plate,Office,788.54,turpis sed ante vivamus tortor duis mattis egestas metus aenean fermentum donec ut mauris,274,Brightbean,19.45,Mikel Yorston,myorstonj7@lycos.com,45651 Mayer Drive,7/9/2021
Kids' Trampoline,Toys,220.69,pellentesque viverra pede ac diam cras pellentesque volutpat dui maecenas tristique est et tempus semper est quam pharetra magna,569,Mita,45.95,Levy Stive,lstivej8@fc2.com,65425 Burrows Place,10/28/2021
Magnetic Puzzle Board,Toys,495.51,nulla tellus in sagittis dui vel nisl duis ac nibh,64,Meevee,24.31,Margaretta Bettis,mbettisj9@hibu.com,10 Shelley Park,11/11/2021
Spaghetti and Meatball Dinner Kit,Food - Meal Kits,749.06,tempus sit amet sem fusce consequat nulla nisl nunc nisl duis bibendum,916,Kaymbo,20.31,Darrick Heavens,dheavensja@discuz.net,2134 Rockefeller Alley,5/4/2021
Comfortable Bed Pillow,Home,341.72,at turpis donec posuere metus vitae ipsum aliquam non mauris morbi non lectus aliquam sit amet diam in magna,197,Fliptune,37.85,Christi Gyorgy,cgyorgyjb@indiegogo.com,0 Calypso Court,11/16/2021
Vegan Protein Powder,Health,397.95,justo sollicitudin ut suscipit a feugiat et eros vestibulum ac est lacinia nisi venenatis tristique,45,Geba,25.36,Lizzie Hatry,lhatryjc@toplist.cz,2280 Thompson Trail,12/29/2021
Smartphone Holder for Car,Automotive,802.08,magnis dis parturient montes nascetur ridiculus mus etiam vel augue vestibulum rutrum rutrum neque aenean auctor gravida sem praesent id,582,Mudo,49.02,Christen Marskell,cmarskelljd@prlog.org,98 Bunker Hill Park,4/9/2021
Asian Salad Mix,Food - Produce,756.15,orci luctus et ultrices posuere cubilia curae mauris viverra diam vitae quam,633,Yoveo,24.5,Nance Milham,nmilhamje@youtube.com,42743 Anhalt Park,4/8/2021
Cinnamon Ice Cream,Food - Frozen Desserts,516.83,vel nulla eget eros elementum pellentesque quisque porta volutpat erat quisque erat eros viverra,530,Devbug,16.91,Cy Rogers,crogersjf@seesaa.net,80 Maple Wood Parkway,7/28/2021
Reclining Camping Chair,Outdoor,292.52,lacus morbi sem mauris laoreet ut rhoncus aliquet pulvinar sed nisl nunc rhoncus dui vel sem sed sagittis,345,Realfire,36.52,Willie Scholefield,wscholefieldjg@ameblo.jp,50 Blaine Park,6/1/2021
Electric Pressure Cooker,Kitchen,580.68,nulla nunc purus phasellus in felis donec semper sapien a libero nam,913,Quinu,44.72,Hakeem Greene,hgreenejh@bing.com,21044 1st Junction,10/16/2021
Frozen Broccoli,Food - Frozen,238.41,elementum in hac habitasse platea dictumst morbi vestibulum velit id pretium iaculis diam erat fermentum justo nec,554,Meembee,3.18,Aurore Everson,aeversonji@earthlink.net,25 Memorial Court,7/19/2021
Stainless Steel Travel Mug,Kitchen,888.45,orci luctus et ultrices posuere cubilia curae duis faucibus accumsan odio curabitur,350,Dablist,47.11,Kara Bunch,kbunchjj@blogs.com,6699 Arrowood Lane,2/15/2021
Reusable Silicone Food Storage Bags,Kitchen,643.11,duis bibendum felis sed interdum venenatis turpis enim blandit mi in porttitor pede justo eu massa donec dapibus duis at,584,Rhynoodle,36.1,Kingston Waddingham,kwaddinghamjk@acquirethisname.com,81013 Wayridge Plaza,2/15/2021
Electric Meat Grinder,Kitchen,210.73,in libero ut massa volutpat convallis morbi odio odio elementum eu interdum eu,34,Zoombox,48.24,Isador Hawkwood,ihawkwoodjl@ifeng.com,1807 Bunting Parkway,3/19/2021
Spiced Pumpkin Soup,Food - Canned Soups,604.21,habitasse platea dictumst aliquam augue quam sollicitudin vitae consectetuer eget rutrum at lorem integer tincidunt ante vel ipsum praesent,672,InnoZ,23.21,Wit Villa,wvillajm@scribd.com,69147 Magdeline Center,4/20/2021
Oats,Food - Grains,25.97,vulputate luctus cum sociis natoque penatibus et magnis dis parturient montes nascetur ridiculus mus vivamus vestibulum,145,Kare,26.44,Cross Churchman,cchurchmanjn@uiuc.edu,518 Westport Place,5/8/2021
Italian Pasta,Food - Grains,79.58,leo pellentesque ultrices mattis odio donec vitae nisi nam ultrices libero non mattis pulvinar nulla pede ullamcorper augue,568,Skibox,9.22,Agatha Matignon,amatignonjo@tripadvisor.com,17731 Carey Park,2/20/2021
Honey Garlic Sauce,Food - Sauces,74.86,at nunc commodo placerat praesent blandit nam nulla integer pede justo,792,Blogtag,43.33,Dominik Flipsen,dflipsenjp@ed.gov,36 Jay Road,2/19/2021
Infrared Thermometer,Health,951.0,vulputate vitae nisl aenean lectus pellentesque eget nunc donec quis orci eget orci vehicula condimentum curabitur in,890,Flashpoint,13.49,Ramonda Cullnean,rcullneanjq@mac.com,87760 Schurz Street,10/20/2021
Golf Polo Shirt,Clothing - Tops,180.44,semper interdum mauris ullamcorper purus sit amet nulla quisque arcu libero rutrum ac lobortis vel dapibus at diam,991,Yacero,23.09,Odie McKeachie,omckeachiejr@w3.org,6522 Jay Drive,5/20/2021
Smartwatch,Wearable Tech,659.13,aliquet maecenas leo odio condimentum id luctus nec molestie sed justo,124,Oozz,24.44,Hamlin Barczewski,hbarczewskijs@desdev.cn,02291 Sloan Junction,6/10/2021
Survival Gear Kit,Outdoor,20.61,orci luctus et ultrices posuere cubilia curae duis faucibus accumsan odio curabitur convallis duis consequat dui nec nisi,627,Zoonoodle,17.05,Rasia Richin,rrichinjt@sfgate.com,2 Carpenter Avenue,10/7/2021
Party Mini Dress,Clothing - Dresses,331.34,mi in porttitor pede justo eu massa donec dapibus duis at velit eu est congue elementum,699,Oyonder,18.75,Alix Hovington,ahovingtonju@4shared.com,5 Macpherson Park,8/16/2021
Pet Safety Belt for Car,Pets,287.08,habitasse platea dictumst maecenas ut massa quis augue luctus tincidunt nulla mollis molestie,862,Trunyx,8.33,Quincey Berrigan,qberriganjv@webmd.com,7917 Monica Plaza,6/26/2021
Herb Seasoned Couscous,Food - Grains,122.82,erat tortor sollicitudin mi sit amet lobortis sapien sapien non mi integer ac neque duis bibendum morbi,157,Dabshots,13.35,Marcellina Ferris,mferrisjw@behance.net,7 Sunbrook Place,9/16/2021
Honey Ginger Tea,Food - Beverages,718.65,nulla facilisi cras non velit nec nisi vulputate nonummy maecenas tincidunt lacus at velit,690,Skidoo,41.61,Tedd Hallgalley,thallgalleyjx@pcworld.com,31 South Place,5/27/2021
Smart Home Security Camera,Smart Home,337.27,mauris sit amet eros suspendisse accumsan tortor quis turpis sed ante,514,Zoombeat,23.93,Hermine Vigietti,hvigiettijy@theguardian.com,7 Burning Wood Trail,5/8/2021
Whole Wheat Pasta,Food - Grains,968.09,pellentesque viverra pede ac diam cras pellentesque volutpat dui maecenas,106,Meevee,28.42,Esme Scholar,escholarjz@cornell.edu,3373 Nancy Point,1/7/2021
Black Bean & Corn Salad,Food - Salads,58.92,in faucibus orci luctus et ultrices posuere cubilia curae donec pharetra magna vestibulum aliquet ultrices,38,Yoveo,40.79,Alexei O'Meara,aomearak0@dyndns.org,14596 6th Crossing,6/26/2021
Foot Spa Bath Massager,Health,566.83,libero nam dui proin leo odio porttitor id consequat in,483,Photojam,40.98,Ronna Dannatt,rdannattk1@ox.ac.uk,58138 Petterle Trail,5/4/2021
Eco-Friendly Beeswax Wraps,Kitchen,739.22,justo pellentesque viverra pede ac diam cras pellentesque volutpat dui,473,Eire,32.32,Brunhilde Curwen,bcurwenk2@wufoo.com,745 Clemons Lane,1/21/2021
Fishing Tackle Box,Outdoor,563.67,donec pharetra magna vestibulum aliquet ultrices erat tortor sollicitudin mi sit amet lobortis sapien sapien non mi integer,627,Linklinks,10.44,Dulcia Sail,dsailk3@dot.gov,1589 Bunting Terrace,6/20/2021
Pasta Primavera Kit,Food - Meal Kits,494.02,vulputate ut ultrices vel augue vestibulum ante ipsum primis in faucibus orci luctus et ultrices,200,Feedfish,11.06,Vitoria McLuckie,vmcluckiek4@clickbank.net,570 Holy Cross Avenue,5/6/2021
Sketchbook,Art Supplies,957.99,fusce posuere felis sed lacus morbi sem mauris laoreet ut rhoncus aliquet pulvinar,224,Photobean,6.0,Brietta Gaber,bgaberk5@tripod.com,290 Shoshone Crossing,1/20/2021
Biodegradable Trash Bags,Home,641.93,lorem ipsum dolor sit amet consectetuer adipiscing elit proin interdum mauris non ligula pellentesque ultrices phasellus id,988,Trilith,26.19,Edie Edwicke,eedwickek6@google.com,8171 Summer Ridge Place,2/22/2021
Adjustable Resistance Bands,Fitness,636.34,sed magna at nunc commodo placerat praesent blandit nam nulla integer pede justo lacinia eget tincidunt,861,Jaxworks,16.83,Byrann Strangward,bstrangwardk7@msu.edu,4972 Westerfield Alley,11/12/2021
Smart Wi-Fi Camera,Smart Home,444.93,in imperdiet et commodo vulputate justo in blandit ultrices enim,332,Flipopia,32.15,Car Semorad,csemoradk8@independent.co.uk,16 Kensington Way,1/25/2021
Watercolor Brush Pens,Art Supplies,106.56,in tempus sit amet sem fusce consequat nulla nisl nunc nisl duis bibendum felis,34,Blogspan,43.19,Kaine Ubsdell,kubsdellk9@infoseek.co.jp,875 Dwight Center,12/2/2021
Personal Blender with Travel Lid,Kitchen,607.08,massa id lobortis convallis tortor risus dapibus augue vel accumsan tellus nisi eu orci mauris lacinia sapien quis,314,Jabbercube,31.42,Germayne Casotti,gcasottika@newsvine.com,769 Roth Alley,2/11/2021
Vacuum Sealer Machine,Kitchen,536.22,phasellus in felis donec semper sapien a libero nam dui proin,974,Eare,8.45,Nance Davall,ndavallkb@timesonline.co.uk,1084 Forest Dale Hill,12/4/2021
Thai Green Curry Paste,Food - Sauces,147.81,vestibulum sagittis sapien cum sociis natoque penatibus et magnis dis parturient montes nascetur ridiculus mus etiam,629,Eabox,29.85,Joyous Hallifax,jhallifaxkc@hibu.com,9578 Dakota Plaza,2/8/2021
Microwave Popcorn Maker,Kitchen,637.52,pharetra magna vestibulum aliquet ultrices erat tortor sollicitudin mi sit amet lobortis sapien sapien,21,Voonte,33.6,Britni Seakings,bseakingskd@cdbaby.com,5 Graceland Pass,10/15/2021
Frozen Acai Purée,Food - Frozen,134.67,fermentum donec ut mauris eget massa tempor convallis nulla neque,213,Kwideo,8.91,Kingston Benezeit,kbenezeitke@themeforest.net,24 Union Drive,2/26/2021
Chocolate Chip Cookie Mix,Food - Baking,942.15,ante vel ipsum praesent blandit lacinia erat vestibulum sed magna at nunc commodo placerat praesent blandit nam,511,Eabox,39.36,Brittaney Sketcher,bsketcherkf@ucoz.com,01428 David Junction,9/1/2021
Hiking Boots,Footwear,713.88,ut tellus nulla ut erat id mauris vulputate elementum nullam varius nulla,761,Twimbo,31.13,Ali Lippiatt,alippiattkg@ucla.edu,952 Old Gate Park,6/22/2021
Coffee Maker,Kitchen,461.54,felis ut at dolor quis odio consequat varius integer ac leo pellentesque ultrices mattis odio donec vitae nisi nam ultrices,866,Quimm,22.73,Ruthi Aleksidze,raleksidzekh@bravesites.com,8498 Golf Trail,8/21/2021
Creamy Avocado Dip,Food - Snacks,463.94,odio consequat varius integer ac leo pellentesque ultrices mattis odio donec vitae nisi nam,851,Topiclounge,35.96,Lavina Boncore,lboncoreki@odnoklassniki.ru,06 Clyde Gallagher Road,11/14/2021
Indoor Plants,Garden,529.62,mauris vulputate elementum nullam varius nulla facilisi cras non velit nec nisi vulputate,203,Riffpedia,45.76,Andris Batchan,abatchankj@nymag.com,7666 Havey Place,1/30/2021
Plant-Based Protein Bars,Health,994.81,in lacus curabitur at ipsum ac tellus semper interdum mauris ullamcorper purus sit amet nulla quisque arcu libero,604,Mycat,13.06,Arlana Bogeys,abogeyskk@t.co,217 Vermont Trail,2/9/2021
Travel Document Organizer,Travel,771.88,orci luctus et ultrices posuere cubilia curae duis faucibus accumsan odio curabitur convallis duis consequat dui nec nisi,462,Jaloo,2.34,Lexine Ilyin,lilyinkl@nba.com,6321 Dovetail Avenue,7/29/2021
Digital Wireless Camera,Home Security,845.09,posuere nonummy integer non velit donec diam neque vestibulum eget vulputate ut ultrices,295,Twimbo,12.88,Marcie Cossom,mcossomkm@wordpress.com,19 Bluejay Way,5/11/2021
Dark Chocolate Tart,Food - Desserts,179.23,cubilia curae donec pharetra magna vestibulum aliquet ultrices erat tortor sollicitudin,964,Zoozzy,33.41,Reinold Measham,rmeashamkn@addtoany.com,1463 Jenifer Hill,10/20/2021
Nutritional Yeast,Food - Pantry,162.92,consequat nulla nisl nunc nisl duis bibendum felis sed interdum venenatis turpis enim blandit,538,Eabox,9.02,Orelia Erskine Sandys,oerskineko@printfriendly.com,36 Pond Plaza,12/9/2021
Camera Tripod,Photography,566.33,fermentum justo nec condimentum neque sapien placerat ante nulla justo aliquam quis turpis eget elit,812,Vinte,5.69,Orelia Pyle,opylekp@soundcloud.com,357 Saint Paul Alley,9/18/2021
Adjustable Height Standing Desk Converter,Office,950.5,pharetra magna vestibulum aliquet ultrices erat tortor sollicitudin mi sit amet,102,Meemm,20.05,Constance Gudgen,cgudgenkq@tmall.com,3875 Coleman Avenue,9/23/2021
Mini Projector,Electronics,525.51,viverra pede ac diam cras pellentesque volutpat dui maecenas tristique est et tempus semper est quam pharetra magna ac,159,Yakitri,21.78,Bondon Ketley,bketleykr@angelfire.com,798 Algoma Street,10/3/2021
Avocado Oil,Food - Oils,915.59,pede morbi porttitor lorem id ligula suspendisse ornare consequat lectus in est risus auctor sed tristique in tempus sit amet,406,Twitterbeat,36.4,Portia Rush,prushks@gov.uk,8 Transport Point,9/26/2021
Magnetic Puzzle Board,Toys,772.44,praesent id massa id nisl venenatis lacinia aenean sit amet justo,31,Roomm,18.12,Daniel Dunlea,ddunleakt@businessweek.com,15437 Ohio Court,5/31/2021
Habanero Hot Sauce,Food - Condiments,166.61,velit eu est congue elementum in hac habitasse platea dictumst morbi vestibulum velit,359,Topicshots,2.15,Tim Bore,tboreku@domainmarket.com,81597 Welch Court,5/17/2021
Vegetable Curry,Food - Frozen Foods,159.77,cubilia curae nulla dapibus dolor vel est donec odio justo sollicitudin ut,836,Quimm,41.41,Matthus Vivians,mvivianskv@topsy.com,32578 Birchwood Point,7/18/2021
Honey Roasted Almonds,Food - Snacks,999.65,donec posuere metus vitae ipsum aliquam non mauris morbi non lectus aliquam sit amet diam in magna bibendum imperdiet nullam,879,Shuffledrive,9.33,Donall Lampel,dlampelkw@yolasite.com,867 Lake View Terrace,6/29/2021
Paint By Numbers Kit,Art Supplies,87.5,luctus et ultrices posuere cubilia curae mauris viverra diam vitae quam suspendisse potenti,276,Skalith,3.5,Lenee Durning,ldurningkx@hp.com,67928 Old Shore Way,10/20/2021
Classic Caesar Salad Kit,Food - Salads,840.4,ullamcorper augue a suscipit nulla elit ac nulla sed vel enim sit amet nunc viverra dapibus nulla suscipit ligula,148,Livepath,15.56,Lorettalorna Gladden,lgladdenky@tamu.edu,85907 Mendota Avenue,5/15/2021
Non-Stick Grill Pan,Kitchen,206.15,molestie lorem quisque ut erat curabitur gravida nisi at nibh in hac habitasse platea dictumst aliquam,263,Feedfire,9.62,El Breadmore,ebreadmorekz@privacy.gov.au,2337 Washington Center,2/20/2021
Spinach and Cheese Stuffed Shells,Food - Frozen Meals,283.53,ac nibh fusce lacus purus aliquet at feugiat non pretium quis lectus,987,Twimm,33.18,Domini Chiles,dchilesl0@ning.com,1401 Crescent Oaks Way,10/11/2021
Spicy Hummus,Food - Deli,310.85,erat volutpat in congue etiam justo etiam pretium iaculis justo in hac habitasse platea dictumst,334,Skyndu,11.59,Odelle Lake,olakel1@about.com,072 Larry Way,10/5/2021
Wall-Mounted Wine Rack,Home,379.01,eget elit sodales scelerisque mauris sit amet eros suspendisse accumsan tortor quis turpis sed ante vivamus tortor duis,623,Zoonoodle,41.78,Beatrisa Cawtheray,bcawtherayl2@smugmug.com,75 Talmadge Drive,6/3/2021
Tailored Dress Pants,Clothing - Bottoms,317.29,proin at turpis a pede posuere nonummy integer non velit donec diam,591,Kamba,25.07,Harri Bolino,hbolinol3@wsj.com,26 Browning Pass,6/12/2021
Chickpea Pasta,Food - Pasta,885.52,a nibh in quis justo maecenas rhoncus aliquam lacus morbi quis tortor id nulla ultrices aliquet maecenas leo odio,856,Skynoodle,18.24,Ambrosio Worshall,aworshalll4@abc.net.au,78153 Stone Corner Pass,10/18/2021
Instant Read Meat Thermometer,Kitchen,284.17,leo odio porttitor id consequat in consequat ut nulla sed accumsan felis ut at dolor quis odio consequat varius integer,986,Buzzshare,21.44,Nady Bladesmith,nbladesmithl5@npr.org,74460 Prairieview Place,9/2/2021
Lemon Basil Pasta Sauce,Food - Sauces,635.77,at turpis donec posuere metus vitae ipsum aliquam non mauris morbi non lectus aliquam sit amet diam in magna,196,Riffpath,45.82,Urbain Maddin,umaddinl6@sina.com.cn,89 Browning Pass,7/14/2021
Garden Vegetable Chips,Food - Snacks,536.9,tempor convallis nulla neque libero convallis eget eleifend luctus ultricies eu nibh quisque id,551,Demimbu,48.73,Garvey Deniso,gdenisol7@scribd.com,8 Almo Drive,8/9/2021
Classic Baseball Cap,Clothing - Accessories,450.06,congue eget semper rutrum nulla nunc purus phasellus in felis donec semper sapien a libero,545,Quimba,36.39,Gerrie Lefeuvre,glefeuvrel8@cdbaby.com,626 Lindbergh Alley,1/4/2021
LED Flashing Pet Collar,Pets,853.46,venenatis lacinia aenean sit amet justo morbi ut odio cras mi,6,Zooveo,27.12,Jordan Solloway,jsollowayl9@opensource.org,38 Golden Leaf Pass,6/18/2021
Chocolate Syrup,Food - Condiments,951.08,magna vestibulum aliquet ultrices erat tortor sollicitudin mi sit amet lobortis sapien,954,Trilia,27.98,Obie Cleveland,oclevelandla@nydailynews.com,7 Quincy Trail,11/2/2021
Wall Art,Home,3.01,semper rutrum nulla nunc purus phasellus in felis donec semper sapien a libero nam dui,653,Avamm,28.33,James Donahue,jdonahuelb@tamu.edu,4859 Jenna Crossing,10/24/2021
Trainers with Mesh Inserts,Clothing - Footwear,946.82,magnis dis parturient montes nascetur ridiculus mus etiam vel augue vestibulum rutrum rutrum,610,Mydeo,11.48,Armin Risby,arisbylc@woothemes.com,76 Goodland Street,9/19/2021
Carrot Sticks,Food - Produce,849.58,in purus eu magna vulputate luctus cum sociis natoque penatibus et magnis dis parturient montes nascetur ridiculus mus vivamus,967,Photofeed,31.28,Leonanie Deshon,ldeshonld@google.de,9 Eagan Lane,8/5/2021
Bluetooth Headphones,Audio,519.3,est quam pharetra magna ac consequat metus sapien ut nunc vestibulum,633,Kaymbo,30.78,Barbara-anne Lornsen,blornsenle@home.pl,87389 Comanche Trail,3/9/2021
LED Table Lamp,Home,803.55,et magnis dis parturient montes nascetur ridiculus mus vivamus vestibulum sagittis sapien cum sociis natoque penatibus,35,Gigabox,33.78,Chloris Bellord,cbellordlf@ow.ly,6 Nancy Center,2/12/2021
High-Top Leather Boots,Clothing - Footwear,234.79,vel augue vestibulum rutrum rutrum neque aenean auctor gravida sem praesent id massa id nisl venenatis lacinia aenean,555,Trupe,23.69,Karna Ferras,kferraslg@comsenz.com,20 Claremont Parkway,5/9/2021
Incense Holder,Home,493.46,nulla suscipit ligula in lacus curabitur at ipsum ac tellus,108,Jabbersphere,39.38,Nikaniki Normington,nnormingtonlh@angelfire.com,7 Meadow Valley Point,5/1/2021
Herbed Couscous,Food - Grains,544.7,morbi sem mauris laoreet ut rhoncus aliquet pulvinar sed nisl nunc rhoncus dui vel sem,22,Tambee,16.05,Benito Dennison,bdennisonli@facebook.com,16 Center Junction,5/19/2021
Garlic Herb Seasoning,Food - Spices,610.68,pretium iaculis diam erat fermentum justo nec condimentum neque sapien placerat ante nulla,612,Centizu,27.98,Leonelle Shalliker,lshallikerlj@usnews.com,439 Warrior Center,6/16/2021
Cordless Electric Screwdriver,Tools,718.35,hac habitasse platea dictumst morbi vestibulum velit id pretium iaculis diam erat fermentum justo nec condimentum neque sapien,943,Skimia,20.8,Toddie Ipsly,tipslylk@artisteer.com,95744 Sullivan Center,5/26/2021
Thai Green Curry Paste,Food - Sauces,77.39,montes nascetur ridiculus mus vivamus vestibulum sagittis sapien cum sociis natoque penatibus et magnis dis parturient,530,Nlounge,17.97,Shadow Blazi,sblazill@yellowbook.com,6 Graedel Pass,9/20/2021
Lemon Sorbet,Food - Frozen Desserts,365.7,sapien non mi integer ac neque duis bibendum morbi non quam,778,LiveZ,37.24,Melisande Clewlow,mclewlowlm@weather.com,6 Grover Road,12/16/2021
Mobile Workbench,Tools,734.17,nulla eget eros elementum pellentesque quisque porta volutpat erat quisque erat eros viverra eget congue eget semper rutrum nulla nunc,797,Jazzy,45.52,Bonnee Bront,bbrontln@multiply.com,0717 Kingsford Hill,9/18/2021
Pet Water Bottle,Pets,913.64,venenatis turpis enim blandit mi in porttitor pede justo eu,60,Youopia,27.94,Abigael Frear,afrearlo@a8.net,23 Glendale Street,1/31/2021
Rechargeable Electric Toothbrush,Health,846.74,sodales scelerisque mauris sit amet eros suspendisse accumsan tortor quis turpis,653,Shuffletag,27.97,Waylan Truswell,wtruswelllp@springer.com,32 Spenser Pass,5/9/2021
Creamy Garlic Dressing,Food - Condiments,633.93,hac habitasse platea dictumst etiam faucibus cursus urna ut tellus nulla,375,Riffpedia,1.88,Claiborn Sturgeon,csturgeonlq@ucoz.ru,68646 Sauthoff Way,6/16/2021
3D Night Light,Home,541.72,eget eleifend luctus ultricies eu nibh quisque id justo sit amet sapien dignissim vestibulum vestibulum ante,197,Voonix,8.76,Vincent Rolfini,vrolfinilr@bigcartel.com,69253 Welch Crossing,9/6/2021
Wireless Gaming Headset,Gaming,308.26,sed lacus morbi sem mauris laoreet ut rhoncus aliquet pulvinar sed nisl nunc rhoncus dui vel,570,Layo,32.32,Feliks Obeney,fobeneyls@geocities.com,2 Sommers Junction,3/28/2021
Kids' Trampoline,Toys,860.35,aliquam convallis nunc proin at turpis a pede posuere nonummy integer non,384,Rooxo,47.41,Stesha Cicco,sciccolt@reference.com,5795 Russell Pass,2/26/2021
Wall-Mounted Organizer,Home,300.56,sit amet diam in magna bibendum imperdiet nullam orci pede venenatis non sodales sed tincidunt eu felis fusce,27,Realcube,8.8,Renata Robb,rrobblu@netscape.com,92604 Merrick Center,5/12/2021
Denim Jacket,Clothing - Outerwear,135.35,in blandit ultrices enim lorem ipsum dolor sit amet consectetuer,602,Brainverse,39.01,Leopold Prior,lpriorlv@vk.com,3819 Cambridge Parkway,6/1/2021
Spaghetti and Meatball Dinner Kit,Food - Meal Kits,509.64,blandit nam nulla integer pede justo lacinia eget tincidunt eget,995,Jaloo,4.6,Janeva Joskowicz,jjoskowiczlw@live.com,24 Rieder Junction,3/13/2021
Peanut Butter Banana Smoothie,Food - Beverages,795.83,amet eleifend pede libero quis orci nullam molestie nibh in lectus,310,Pixonyx,12.55,Eda Gawthorpe,egawthorpelx@ustream.tv,98 Bay Circle,7/30/2021
Digital Drawing Tablet,Art Supplies,290.0,in blandit ultrices enim lorem ipsum dolor sit amet consectetuer adipiscing elit,633,Realfire,12.6,Melodee Gowler,mgowlerly@abc.net.au,1559 Crowley Parkway,7/12/2021
Craft Beer Mustard,Food - Condiments,187.22,dolor morbi vel lectus in quam fringilla rhoncus mauris enim leo rhoncus sed vestibulum sit amet,906,Twimm,27.47,Lucretia Hugland,lhuglandlz@noaa.gov,76 Upham Drive,4/29/2021
Stainless Steel Cutlery Set,Kitchen,137.69,nisi at nibh in hac habitasse platea dictumst aliquam augue quam sollicitudin vitae consectetuer,790,Babbleopia,37.03,Bartlett Bugg,bbuggm0@mayoclinic.com,17231 Clemons Point,11/15/2021
Pet Hair Removal Roller,Pets,558.39,magna vulputate luctus cum sociis natoque penatibus et magnis dis parturient montes nascetur ridiculus mus,619,Cogilith,13.34,Reba McCrachen,rmccrachenm1@europa.eu,208 School Plaza,7/2/2021
Fitness Activity Journal,Fitness,42.58,curabitur at ipsum ac tellus semper interdum mauris ullamcorper purus sit amet nulla quisque arcu libero,49,Zoomcast,42.54,Chelsae Janney,cjanneym2@scribd.com,19771 Laurel Drive,10/13/2021
Water-Resistant Bluetooth Speaker,Audio,162.28,orci luctus et ultrices posuere cubilia curae nulla dapibus dolor vel est donec,667,Oba,3.98,Abagail Roskilly,aroskillym3@lulu.com,74501 Reindahl Hill,8/9/2021
Kettle Corn Popcorn,Food - Snacks,56.08,vestibulum proin eu mi nulla ac enim in tempor turpis nec euismod scelerisque quam turpis adipiscing lorem,127,Youspan,13.89,Gisele Almond,galmondm4@forbes.com,5 Clarendon Plaza,3/10/2021
Nutritional Yeast,Food - Pantry,607.56,nulla tellus in sagittis dui vel nisl duis ac nibh fusce,654,Blognation,0.34,Fidel Paulack,fpaulackm5@mail.ru,0 Laurel Point,12/30/2021
Jalapeño Cornbread,Food - Bakery,744.96,at velit eu est congue elementum in hac habitasse platea dictumst morbi vestibulum velit id pretium iaculis diam erat fermentum,474,Dabshots,14.34,Dulcia Scutchings,dscutchingsm6@mysql.com,9 Prairieview Trail,1/5/2021
Over-The-Door Shoe Organizer,Home,963.53,penatibus et magnis dis parturient montes nascetur ridiculus mus vivamus vestibulum sagittis sapien cum sociis natoque penatibus,810,Jaxspan,26.39,Geordie Westhoff,gwesthoffm7@oaic.gov.au,80770 Carioca Crossing,1/4/2021
Chickpea Pasta,Food - Pasta,61.41,vel pede morbi porttitor lorem id ligula suspendisse ornare consequat lectus in est risus auctor sed tristique in tempus,95,Shuffledrive,33.04,Catina Clemetts,cclemettsm8@columbia.edu,445 Morrow Place,8/31/2021
Cherry Almond Protein Bar,Food - Snacks,511.5,hac habitasse platea dictumst etiam faucibus cursus urna ut tellus nulla,975,Bubbletube,45.2,Stacy Catley,scatleym9@blinklist.com,01018 Hanson Trail,8/2/2021
Breezy Off-The-Shoulder Top,Clothing - Tops,562.77,maecenas rhoncus aliquam lacus morbi quis tortor id nulla ultrices aliquet maecenas leo odio condimentum,209,Twimbo,6.78,Titos Skittrell,tskittrellma@reverbnation.com,0 Sullivan Point,9/9/2021
Wall Art,Home,577.74,aenean sit amet justo morbi ut odio cras mi pede malesuada in imperdiet et commodo vulputate,993,Tambee,38.77,Peadar Denington,pdeningtonmb@bloomberg.com,3 Petterle Plaza,6/22/2021
Whole Chicken,Food - Meat,552.45,dignissim vestibulum vestibulum ante ipsum primis in faucibus orci luctus et ultrices posuere cubilia curae,82,Quinu,30.61,Ernestus Shevlan,eshevlanmc@exblog.jp,7523 Clarendon Center,7/9/2021
Weighted Blanket,Health,758.23,vestibulum ante ipsum primis in faucibus orci luctus et ultrices posuere cubilia curae duis faucibus accumsan odio curabitur convallis duis,274,Twitterlist,8.97,Chancey Skehens,cskehensmd@edublogs.org,084 Ridgeview Street,8/10/2021
Smartphone Projector Kit,Electronics,902.01,congue vivamus metus arcu adipiscing molestie hendrerit at vulputate vitae nisl aenean lectus pellentesque eget,202,Bubblebox,36.61,Linnea Tebboth,ltebbothme@indiatimes.com,4778 Helena Park,6/28/2021
Avocado Oil,Food - Oils,696.31,potenti in eleifend quam a odio in hac habitasse platea dictumst,943,Realpoint,24.1,Henrietta Rubie,hrubiemf@guardian.co.uk,1477 Ilene Alley,7/6/2021
Almond Butter Granola Bars,Food - Snacks,285.02,ut ultrices vel augue vestibulum ante ipsum primis in faucibus orci luctus et ultrices posuere,425,Blogspan,23.84,Pietro Gover,pgovermg@dropbox.com,0726 Ronald Regan Drive,10/20/2021
Garlic Herb Cream Cheese,Food - Dairy,230.82,morbi sem mauris laoreet ut rhoncus aliquet pulvinar sed nisl nunc rhoncus dui vel,451,Mydeo,44.13,Kirbie Bridgnell,kbridgnellmh@google.ca,65 Coleman Plaza,4/8/2021
Digital Camera,Electronics,454.75,hac habitasse platea dictumst maecenas ut massa quis augue luctus tincidunt nulla mollis,214,Livepath,22.77,Fey Fritchley,ffritchleymi@wikimedia.org,926 Erie Terrace,1/3/2021
Paprika,Food - Spices,517.76,sit amet diam in magna bibendum imperdiet nullam orci pede venenatis non sodales sed tincidunt eu felis fusce posuere,476,Yoveo,36.31,Nev Sam,nsammj@timesonline.co.uk,59923 Atwood Pass,6/23/2021
Vintage Button-Down Shirt,Clothing - Shirts,438.71,quisque ut erat curabitur gravida nisi at nibh in hac habitasse platea,272,Roomm,48.36,Harriot Camacke,hcamackemk@narod.ru,3239 Ludington Avenue,7/5/2021
Gingerbread House Kit,Food - Baking,125.2,nisl duis ac nibh fusce lacus purus aliquet at feugiat non pretium quis lectus suspendisse potenti in,679,Minyx,6.16,Colby Goffe,cgoffeml@bing.com,6 Maple Wood Street,1/6/2021
Coconut Milk Ice Cream,Food - Frozen Desserts,399.54,risus auctor sed tristique in tempus sit amet sem fusce consequat nulla nisl nunc nisl,776,Topdrive,34.79,Veronika Jerzak,vjerzakmm@networkadvertising.org,76490 Melvin Crossing,5/29/2021
Fitbit Activity Tracker,Fitness,962.7,lectus aliquam sit amet diam in magna bibendum imperdiet nullam,558,Twimbo,21.95,Adrienne Peetermann,apeetermannmn@soundcloud.com,4 Hazelcrest Hill,12/8/2021
Orange Ginger Vinaigrette,Food - Condiments,218.09,curae nulla dapibus dolor vel est donec odio justo sollicitudin ut,634,Jabbersphere,40.58,Kattie Baskwell,kbaskwellmo@friendfeed.com,77884 Rockefeller Point,9/19/2021
Sweet Potatoes (organic),Food - Vegetables,430.2,sit amet nunc viverra dapibus nulla suscipit ligula in lacus curabitur at,336,Vinder,44.34,Joaquin Chansonne,jchansonnemp@shop-pro.jp,099 Haas Court,3/24/2021
Digital Photo Frame,Home,441.91,quis odio consequat varius integer ac leo pellentesque ultrices mattis odio donec vitae nisi,593,Bubblemix,22.43,Claus Wark,cwarkmq@wunderground.com,36091 Judy Street,9/8/2021
Mango Chili Salsa,Food - Condiments,994.0,tristique in tempus sit amet sem fusce consequat nulla nisl nunc,95,Riffwire,5.4,La verne Bourdel,lvernemr@elegantthemes.com,125 Nova Point,3/16/2021
Vegetable Stir-Fry Kit,Food - Produce,778.97,massa id lobortis convallis tortor risus dapibus augue vel accumsan tellus,485,Thoughtsphere,26.58,Florella Elvin,felvinms@goo.gl,210 Mayfield Plaza,8/11/2021
Avocado Oil Mayo,Food - Condiments,31.6,mi sit amet lobortis sapien sapien non mi integer ac,836,Fivespan,33.61,Natasha Notman,nnotmanmt@histats.com,88 Troy Place,6/27/2021
Vegetable Samosas,Food - Frozen,445.16,viverra diam vitae quam suspendisse potenti nullam porttitor lacus at turpis donec posuere metus vitae ipsum aliquam non mauris,183,Rhybox,0.16,Veronika Bushell,vbushellmu@weibo.com,61034 Cody Street,2/17/2021
Roasted Red Pepper Hummus,Food - Dips,586.73,a odio in hac habitasse platea dictumst maecenas ut massa quis augue,125,Meembee,0.37,Wendeline Denys,wdenysmv@bloglines.com,47164 Fremont Lane,11/8/2021
Portable Projector,Electronics,251.07,justo eu massa donec dapibus duis at velit eu est congue elementum in,119,Teklist,0.33,Romonda Padell,rpadellmw@networkadvertising.org,19 Fisk Way,2/13/2021
Pasta Salad Kit,Food - Prepared Foods,825.01,in imperdiet et commodo vulputate justo in blandit ultrices enim lorem ipsum dolor sit amet consectetuer adipiscing elit proin,240,Tagchat,35.27,Kingsley Walsom,kwalsommx@amazon.com,3 Brown Pass,2/4/2021
Smart Plant Monitor,Garden,326.18,orci mauris lacinia sapien quis libero nullam sit amet turpis elementum,226,Thoughtblab,6.11,Ase Poskitt,aposkittmy@shareasale.com,03650 Ruskin Terrace,9/2/2021
Fresh Strawberries,Food - Produce,799.35,diam vitae quam suspendisse potenti nullam porttitor lacus at turpis donec posuere metus vitae ipsum aliquam non mauris morbi non,657,Gabvine,35.38,Padget Hardeman,phardemanmz@tinypic.com,41 Wayridge Drive,5/9/2021
Italian Meatballs,Food - Meat,162.41,aliquam convallis nunc proin at turpis a pede posuere nonummy integer non velit donec diam neque vestibulum eget vulputate ut,563,Oodoo,19.36,Oona Neeve,oneeven0@scientificamerican.com,0262 Loomis Court,4/9/2021
Avocados,Food - Produce,631.23,vestibulum vestibulum ante ipsum primis in faucibus orci luctus et ultrices posuere cubilia curae nulla dapibus dolor,287,Dabvine,19.16,Misty Royal,mroyaln1@digg.com,97787 Pankratz Junction,1/15/2021
Pet Travel Bowl,Pets,184.81,est risus auctor sed tristique in tempus sit amet sem fusce consequat nulla nisl nunc nisl duis,935,Skipstorm,39.39,Tully Alonso,talonson2@hp.com,09 Ronald Regan Park,7/27/2021
Almond Butter Crunch Bar,Food - Snacks,551.45,amet diam in magna bibendum imperdiet nullam orci pede venenatis non sodales sed,99,Photobug,4.2,Alleyn Edinburgh,aedinburghn3@senate.gov,43 Annamark Crossing,6/14/2021
Green Tea Matcha Powder,Food - Beverages,625.08,lobortis convallis tortor risus dapibus augue vel accumsan tellus nisi eu orci mauris lacinia sapien quis libero nullam sit,657,Skinix,34.64,Jasun Antonopoulos,jantonopoulosn4@mapy.cz,743 Mandrake Trail,4/30/2021
Apricot Jam,Food - Condiments,778.91,id turpis integer aliquet massa id lobortis convallis tortor risus dapibus,729,Youfeed,15.4,Scott Kirlin,skirlinn5@newyorker.com,95 Valley Edge Drive,10/26/2021
Buffalo Cauliflower Wings,Food - Frozen Foods,871.09,erat eros viverra eget congue eget semper rutrum nulla nunc purus phasellus in felis donec semper sapien a libero nam,236,Mydeo,41.59,Anetta Rozec,arozecn6@ning.com,83520 Barnett Hill,8/16/2021
Green Tea Matcha Powder,Food - Beverages,682.64,luctus et ultrices posuere cubilia curae duis faucibus accumsan odio curabitur,830,Lazz,20.47,Nickolai Guslon,nguslonn7@chronoengine.com,780 Grasskamp Junction,10/18/2021
Adjustable Skipping Rope,Fitness,259.46,est donec odio justo sollicitudin ut suscipit a feugiat et,80,Rhyzio,10.52,Donnie Ilyukhov,dilyukhovn8@springer.com,9122 Pepper Wood Trail,10/18/2021
Vegetable Stir-Fry Kit,Food - Produce,127.05,purus aliquet at feugiat non pretium quis lectus suspendisse potenti in eleifend quam a odio in,494,Ntags,0.5,Arley Senogles,asenoglesn9@deliciousdays.com,12447 Bunting Road,7/8/2021
Gardening Tool Belt,Garden,749.05,odio consequat varius integer ac leo pellentesque ultrices mattis odio donec vitae nisi nam,623,Vidoo,41.25,Marthena Busek,mbusekna@geocities.jp,90266 Stone Corner Hill,9/16/2021
Eco-Friendly Beeswax Wraps,Kitchen,286.21,eget nunc donec quis orci eget orci vehicula condimentum curabitur in libero ut massa volutpat convallis morbi odio,144,Jetwire,47.06,Christoper Maharry,cmaharrynb@histats.com,058 Bellgrove Road,5/5/2021
Cheesy Broccoli Soup Mix,Food - Soups,114.74,dis parturient montes nascetur ridiculus mus etiam vel augue vestibulum rutrum rutrum,546,Realblab,48.59,Peria Hegarty,phegartync@joomla.org,75 Jay Drive,11/11/2021
Chocolate Fudge Brownie Mix,Food - Baking,530.15,in lectus pellentesque at nulla suspendisse potenti cras in purus eu magna vulputate luctus cum sociis natoque penatibus et magnis,356,Jaxspan,11.96,Vanna Hubane,vhubanend@google.com,209 Autumn Leaf Crossing,8/7/2021
Compost Bin,Garden,196.04,vel pede morbi porttitor lorem id ligula suspendisse ornare consequat,995,Edgeblab,8.25,Marshal Ruegg,mrueggne@topsy.com,6062 Lotheville Hill,12/30/2021
Faux Fur Coat,Clothing - Coats,465.09,vitae mattis nibh ligula nec sem duis aliquam convallis nunc proin at turpis a pede posuere nonummy,806,Thoughtstorm,21.39,Sylvester Enrique,senriquenf@adobe.com,39 Ruskin Parkway,8/30/2021
Electric Kettle,Kitchen,836.59,suspendisse potenti nullam porttitor lacus at turpis donec posuere metus vitae ipsum,0,Kare,21.07,Mabel Malone,mmaloneng@theguardian.com,558 Ridge Oak Road,3/4/2021
Artisan Bread,Food - Bakery,4.84,donec ut mauris eget massa tempor convallis nulla neque libero convallis eget eleifend luctus ultricies eu nibh,155,Oyonder,30.54,Vittoria Weedenburg,vweedenburgnh@ihg.com,33 Cardinal Terrace,1/9/2021
Chipotle Seasoning Blend,Food - Spices,496.06,platea dictumst aliquam augue quam sollicitudin vitae consectetuer eget rutrum at lorem integer tincidunt ante vel ipsum praesent,308,Kare,19.37,Aldo Gillogley,agillogleyni@jalbum.net,78 Mallard Place,1/25/2021
Non-Stick Crepe Pan,Kitchen,542.93,sed vel enim sit amet nunc viverra dapibus nulla suscipit ligula,76,Jaxworks,7.62,Gusti Redholes,gredholesnj@dagondesign.com,9046 Ridge Oak Hill,1/20/2021
Peanut Butter Cookies,Food - Bakery,166.03,nulla neque libero convallis eget eleifend luctus ultricies eu nibh quisque id justo,478,Topiczoom,47.74,Avril Cusick,acusicknk@wikia.com,963 Red Cloud Crossing,4/23/2021
Instant Pot,Kitchen,555.86,amet sem fusce consequat nulla nisl nunc nisl duis bibendum felis sed interdum venenatis turpis enim blandit mi in,488,Ntags,12.98,Mischa Burnet,mburnetnl@woothemes.com,86159 Spohn Place,8/20/2021
Vegetable Potstickers,Food - Frozen Food,847.01,dolor sit amet consectetuer adipiscing elit proin interdum mauris non ligula pellentesque ultrices phasellus id sapien in sapien,715,Skilith,16.38,Olly Morford,omorfordnm@mtv.com,64835 Eggendart Court,6/19/2021
Classic Beef Chili,Food - Canned Goods,207.74,aliquet at feugiat non pretium quis lectus suspendisse potenti in eleifend quam a odio,619,Rhybox,9.84,Axel Wonter,awonternn@accuweather.com,4650 Mccormick Center,7/29/2021
Mobile Workbench,Tools,908.36,amet consectetuer adipiscing elit proin risus praesent lectus vestibulum quam sapien varius ut blandit non interdum in ante,236,Quire,19.8,Cirstoforo Bickersteth,cbickerstethno@geocities.com,59 Johnson Plaza,4/5/2021
Organic Honeycrisp Apples,Food - Fruits,964.29,vel augue vestibulum rutrum rutrum neque aenean auctor gravida sem praesent id,190,Buzzshare,17.32,Demetrius Aguirrezabala,daguirrezabalanp@blogtalkradio.com,85 Troy Street,10/30/2021
Warm Wool Sweater,Clothing - Tops,653.9,eu nibh quisque id justo sit amet sapien dignissim vestibulum vestibulum ante ipsum primis in,279,Yodoo,40.63,Eveleen Pohling,epohlingnq@biglobe.ne.jp,70 Logan Lane,10/28/2021
Fitbit Activity Tracker,Fitness,265.54,aliquet ultrices erat tortor sollicitudin mi sit amet lobortis sapien sapien non mi integer ac neque,795,Wordpedia,20.62,Emili Kippax,ekippaxnr@moonfruit.com,9 Arapahoe Street,2/13/2021
Lemon Garlic Shrimp,Food - Seafood,197.74,orci luctus et ultrices posuere cubilia curae donec pharetra magna vestibulum aliquet ultrices erat tortor sollicitudin mi sit amet lobortis,856,Browsebug,47.19,Charlotta Nichol,cnicholns@weebly.com,5734 Rowland Crossing,5/5/2021
Inflatable Party Cooler,Outdoor,124.39,sapien in sapien iaculis congue vivamus metus arcu adipiscing molestie hendrerit,878,Photobean,44.77,Audi Prayer,aprayernt@microsoft.com,5742 Muir Hill,2/4/2021
Basil-infused Olive Oil,Food - Cooking Oil,89.99,ullamcorper augue a suscipit nulla elit ac nulla sed vel enim sit,515,Jaxbean,41.72,Bab Tatum,btatumnu@army.mil,82838 Vera Way,1/2/2021
Brazil Nuts,Food - Nuts,774.52,elementum ligula vehicula consequat morbi a ipsum integer a nibh in quis,216,Muxo,2.02,Casie Hyrons,chyronsnv@liveinternet.ru,04 David Parkway,1/13/2021
Peach Slices in Syrup,Food - Canned Goods,307.5,nec dui luctus rutrum nulla tellus in sagittis dui vel nisl,61,Babblestorm,0.37,Gothart Cancellario,gcancellarionw@sbwire.com,42671 Hoepker Alley,8/2/2021
Silicone Wine Glasses,Outdoor,166.79,viverra eget congue eget semper rutrum nulla nunc purus phasellus in felis,9,Avaveo,45.24,Lola Ferriere,lferrierenx@livejournal.com,52 Fisk Avenue,5/22/2021
Car Emergency Kit,Automotive,61.04,quisque ut erat curabitur gravida nisi at nibh in hac,538,Skiba,49.39,Rodolph Selliman,rsellimanny@goo.ne.jp,37 Steensland Parkway,5/28/2021
Travel Document Organizer,Travel,957.36,vel nulla eget eros elementum pellentesque quisque porta volutpat erat quisque erat eros viverra eget congue eget semper rutrum nulla,939,Zooxo,5.36,Pamella Holdworth,pholdworthnz@so-net.ne.jp,0227 Roth Way,2/3/2021
Motion Sensor Light,Home,245.22,vitae nisl aenean lectus pellentesque eget nunc donec quis orci eget orci vehicula condimentum curabitur in libero ut massa,484,Eayo,32.5,Ambrosio Tidy,atidyo0@shutterfly.com,430 Barby Point,7/28/2021
Coconut Cream Pie,Food - Bakery,712.97,vestibulum quam sapien varius ut blandit non interdum in ante vestibulum ante ipsum primis in faucibus orci luctus,543,Zoomcast,49.05,Mira McCrackem,mmccrackemo1@theglobeandmail.com,03 Hazelcrest Pass,9/12/2021
Insulated Cooler,Outdoor,863.08,amet sapien dignissim vestibulum vestibulum ante ipsum primis in faucibus orci luctus et,641,Riffpedia,22.87,Odille McCool,omccoolo2@1und1.de,39 Bunker Hill Trail,2/23/2021
Pomegranate Juice,Food - Beverages,989.0,aenean sit amet justo morbi ut odio cras mi pede malesuada in imperdiet et commodo vulputate justo in blandit ultrices,841,Thoughtsphere,49.24,Nappy Armin,narmino3@photobucket.com,81439 Farragut Plaza,4/9/2021
Smartphone Hand Grip,Accessories,911.56,sit amet turpis elementum ligula vehicula consequat morbi a ipsum integer a nibh,97,Kazio,24.38,Booth Mintrim,bmintrimo4@harvard.edu,1 Jenna Center,3/24/2021
Cabbage Slaw Mix,Food - Vegetables,793.23,cum sociis natoque penatibus et magnis dis parturient montes nascetur ridiculus mus,611,Skimia,13.59,Eleni Burehill,eburehillo5@creativecommons.org,21435 Mockingbird Lane,12/27/2021
Garden Hose,Garden,457.16,montes nascetur ridiculus mus vivamus vestibulum sagittis sapien cum sociis natoque,508,Viva,13.36,Alyce Arpur,aarpuro6@yolasite.com,30746 Summer Ridge Point,12/15/2021
Wireless Car Charger,Automotive,941.56,maecenas ut massa quis augue luctus tincidunt nulla mollis molestie,258,Flashpoint,20.16,Megen Tomsett,mtomsetto7@rediff.com,5 Evergreen Way,8/10/2021
Sports Windbreaker,Clothing - Outerwear,79.0,luctus et ultrices posuere cubilia curae nulla dapibus dolor vel est donec odio justo sollicitudin ut suscipit a feugiat,531,Viva,25.68,Keene Lavington,klavingtono8@reverbnation.com,93 Vidon Road,12/12/2021
Vegetable Sushi Rolls,Food - Prepared Meals,889.54,pede lobortis ligula sit amet eleifend pede libero quis orci nullam molestie nibh in lectus pellentesque at nulla,473,Agimba,44.51,Jamill Swaffield,jswaffieldo9@gravatar.com,32 Sachtjen Avenue,4/25/2021
Fishing Rod,Outdoor,721.97,eget elit sodales scelerisque mauris sit amet eros suspendisse accumsan tortor quis turpis sed ante vivamus tortor duis mattis,893,Yambee,33.5,Janessa Larby,jlarbyoa@twitter.com,04 Grim Junction,7/14/2021
Pet Grooming Gloves,Pets,413.5,pede venenatis non sodales sed tincidunt eu felis fusce posuere felis sed lacus morbi sem mauris laoreet,411,Blogspan,49.65,Agnola Werndly,awerndlyob@tripadvisor.com,51 Annamark Terrace,3/22/2021
Under Desk Footrest,Office,62.29,nibh in quis justo maecenas rhoncus aliquam lacus morbi quis tortor id nulla ultrices aliquet maecenas,803,Fanoodle,4.0,Lon Hitzschke,lhitzschkeoc@surveymonkey.com,698 Darwin Plaza,5/25/2021
Recipe Book Stand,Kitchen,417.27,mauris ullamcorper purus sit amet nulla quisque arcu libero rutrum ac lobortis vel dapibus at diam nam tristique tortor eu,488,Yoveo,6.4,Julianne Meekings,jmeekingsod@tmall.com,725 American Ash Way,5/24/2021
Belted Trench Coat,Clothing - Outerwear,765.3,ante ipsum primis in faucibus orci luctus et ultrices posuere cubilia curae nulla dapibus dolor vel,241,Realfire,39.57,Dolly De Normanville,ddeoe@youtube.com,41510 Spohn Trail,6/27/2021
Red Lentil Pasta,Food - Pasta,752.65,libero nam dui proin leo odio porttitor id consequat in consequat ut,366,Babbleblab,33.16,Nessa Dimmock,ndimmockof@ifeng.com,5 Buell Way,1/15/2021
Coconut Milk Ice Cream,Food - Frozen Desserts,532.2,dui vel sem sed sagittis nam congue risus semper porta volutpat quam,241,Edgetag,38.56,Timi Cartin,tcartinog@google.ru,9347 Warrior Junction,1/12/2021
High-Speed HDMI Cable,Electronics,984.84,purus aliquet at feugiat non pretium quis lectus suspendisse potenti in eleifend quam a,650,Bubblebox,43.9,Jarrett Boot,jbootoh@ocn.ne.jp,58905 Summerview Way,11/6/2021
Sliced Provolone Cheese,Food - Dairy,702.72,blandit non interdum in ante vestibulum ante ipsum primis in faucibus,697,Thoughtbridge,20.04,Bourke Bushaway,bbushawayoi@nymag.com,34 Arapahoe Way,8/4/2021
Berry Smoothie Mix,Food - Frozen Foods,155.07,cras in purus eu magna vulputate luctus cum sociis natoque penatibus et magnis dis parturient montes nascetur ridiculus,155,Oyondu,17.26,Tome Rumin,truminoj@umn.edu,555 Judy Terrace,4/8/2021
Green Tea Matcha Powder,Food - Beverages,262.36,donec dapibus duis at velit eu est congue elementum in hac,357,Vinder,11.17,Darwin Syers,dsyersok@themeforest.net,28 Kropf Point,9/10/2021
Electric Food Steamer,Kitchen,150.69,aliquet massa id lobortis convallis tortor risus dapibus augue vel accumsan tellus nisi eu orci mauris lacinia,98,Topdrive,7.42,Wendel Huckett,whuckettol@state.gov,0 Stoughton Lane,5/6/2021
Electric Heat Pad,Health,990.6,nisi venenatis tristique fusce congue diam id ornare imperdiet sapien urna pretium nisl,638,Trupe,18.04,Archie Orpen,aorpenom@ox.ac.uk,8 Stoughton Trail,8/17/2021
Almond Milk Yogurt,Food - Dairy Alternatives,704.97,risus auctor sed tristique in tempus sit amet sem fusce consequat nulla nisl nunc nisl duis bibendum felis,757,Centidel,9.08,Sayre Lorrie,slorrieon@fc2.com,2 Tomscot Avenue,5/9/2021
Kale Chips,Food - Snacks,388.62,sapien dignissim vestibulum vestibulum ante ipsum primis in faucibus orci luctus et ultrices posuere cubilia curae nulla,755,Jayo,9.38,Karleen Peirpoint,kpeirpointoo@hostgator.com,61486 Cascade Trail,9/1/2021
Creamy Ranch Dressing,Food - Dressings,243.25,luctus et ultrices posuere cubilia curae mauris viverra diam vitae quam suspendisse potenti nullam porttitor lacus at turpis donec posuere,981,Quinu,29.87,Kaila Hort,khortop@dion.ne.jp,651 Dennis Junction,5/15/2021
High-Speed HDMI Cable,Electronics,730.45,in libero ut massa volutpat convallis morbi odio odio elementum eu interdum eu tincidunt in,29,BlogXS,11.23,Garrard Bouldon,gbouldonoq@wunderground.com,1212 6th Way,2/8/2021
Buttermilk Pancakes,Food - Breakfast,895.77,pretium nisl ut volutpat sapien arcu sed augue aliquam erat volutpat in congue etiam justo,655,Mydeo,5.1,Allen Burchett,aburchettor@comcast.net,2 1st Junction,12/15/2021
Ice Cube Tray with Lid,Kitchen,145.24,congue eget semper rutrum nulla nunc purus phasellus in felis donec semper sapien a libero nam,193,Meevee,0.54,Bryon Holwell,bholwellos@prlog.org,4716 Menomonie Plaza,2/13/2021
Pumpkin Spice Muffins,Food - Bakery,221.81,consequat in consequat ut nulla sed accumsan felis ut at dolor quis odio,818,Skidoo,26.25,Quinn Boorer,qboorerot@taobao.com,308 Moulton Avenue,6/15/2021
Acoustic Guitar,Music,463.39,ante vestibulum ante ipsum primis in faucibus orci luctus et ultrices posuere cubilia curae duis faucibus accumsan odio,316,Tazzy,48.05,Anna-diana Barnwall,abarnwallou@1688.com,30 Victoria Junction,11/7/2021
Non-Toxic Crayons for Kids,Toys,675.73,at nulla suspendisse potenti cras in purus eu magna vulputate luctus cum sociis natoque penatibus et magnis dis parturient,68,Quatz,26.75,Grace Callaby,gcallabyov@baidu.com,596 Corscot Junction,10/30/2021
Backpack,Accessories,428.91,tempus vel pede morbi porttitor lorem id ligula suspendisse ornare consequat,217,Twitterworks,13.05,Philippine Chetham,pchethamow@vkontakte.ru,9009 Namekagon Crossing,12/13/2021
Over-The-Door Shoe Organizer,Home,665.24,pharetra magna vestibulum aliquet ultrices erat tortor sollicitudin mi sit,913,Zoomdog,23.58,Winonah Sperling,wsperlingox@linkedin.com,024 Commercial Court,5/25/2021
Peas (frozen),Food - Frozen Foods,140.96,at ipsum ac tellus semper interdum mauris ullamcorper purus sit amet nulla quisque,918,Brightdog,2.2,Marnie Lissaman,mlissamanoy@google.ru,355 American Ash Hill,3/7/2021
LED Desk Lamp with USB Charging,Office,795.2,primis in faucibus orci luctus et ultrices posuere cubilia curae donec pharetra magna vestibulum aliquet ultrices erat tortor sollicitudin mi,143,Vinte,48.42,Chanda Vasilik,cvasilikoz@netscape.com,8959 Shopko Point,2/25/2021
Sparkling Blood Orange Soda,Food - Beverages,425.57,ultrices enim lorem ipsum dolor sit amet consectetuer adipiscing elit proin interdum mauris non,923,Roombo,49.02,Callida Myott,cmyottp0@europa.eu,7 Dorton Junction,10/7/2021
Kids' STEM Robotics Kit,Toys,402.41,vulputate justo in blandit ultrices enim lorem ipsum dolor sit amet,165,Dabvine,29.14,Hubie Brimblecombe,hbrimblecombep1@cnn.com,26675 Kipling Place,8/14/2021
Handmade Leather Wallet,Accessories,316.66,habitasse platea dictumst maecenas ut massa quis augue luctus tincidunt nulla mollis molestie lorem quisque ut erat,10,Kimia,22.5,Bernardo Stanex,bstanexp2@mozilla.com,700 Charing Cross Way,1/8/2021
Fresh Cilantro,Food - Produce,130.01,justo in blandit ultrices enim lorem ipsum dolor sit amet consectetuer adipiscing elit proin interdum mauris non,289,Jamia,37.75,Garnette Batrop,gbatropp3@goo.gl,41 Waxwing Parkway,8/23/2021
Maple Almond Butter,Food - Nut Butters,385.59,dictumst morbi vestibulum velit id pretium iaculis diam erat fermentum justo nec condimentum neque,805,Yodoo,19.7,Cherish Haensel,chaenselp4@nps.gov,70061 Pawling Place,9/10/2021
Spicy Snack Mix,Food - Snacks,375.67,nunc nisl duis bibendum felis sed interdum venenatis turpis enim blandit mi in porttitor pede justo eu massa,358,Vidoo,27.58,Joachim Brailsford,jbrailsfordp5@artisteer.com,17443 Ronald Regan Center,1/30/2021
Wine Glasses,Home,394.9,ut nulla sed accumsan felis ut at dolor quis odio consequat varius integer ac leo pellentesque,429,Quatz,5.19,Dalila LLelweln,dllelwelnp6@ucla.edu,7497 Artisan Avenue,10/22/2021
Chili Beans (canned),Food - Canned Goods,983.46,cursus vestibulum proin eu mi nulla ac enim in tempor turpis nec euismod scelerisque quam turpis adipiscing lorem,977,Ooba,28.01,Fayre O'Farrell,fofarrellp7@mashable.com,94404 North Crossing,10/17/2021
Dark Chocolate Bars,Food - Snacks,97.89,massa id lobortis convallis tortor risus dapibus augue vel accumsan tellus nisi,766,Yakijo,46.84,Barr Meus,bmeusp8@ucoz.ru,04 Algoma Trail,4/25/2021
Sourdough Bread,Food - Bakery,498.55,posuere felis sed lacus morbi sem mauris laoreet ut rhoncus aliquet pulvinar sed nisl,30,Brainbox,1.1,Michel Coules,mcoulesp9@ocn.ne.jp,3426 Erie Plaza,1/21/2021
Mango Chili Salsa,Food - Condiments,953.73,dui luctus rutrum nulla tellus in sagittis dui vel nisl duis ac nibh fusce lacus purus aliquet,769,Zazio,4.2,Lindy Nicolson,lnicolsonpa@joomla.org,5 Mayfield Point,10/21/2021
Golf Polo Shirt,Clothing - Tops,149.38,sagittis sapien cum sociis natoque penatibus et magnis dis parturient montes nascetur ridiculus mus etiam vel augue vestibulum rutrum,279,Lajo,46.33,Bondy Allgood,ballgoodpb@statcounter.com,3 Magdeline Crossing,11/6/2021
Teriyaki Chicken Wings,Food - Frozen Food,439.67,non velit nec nisi vulputate nonummy maecenas tincidunt lacus at velit vivamus,693,Gabspot,8.41,Rance Fontes,rfontespc@ted.com,9037 Loeprich Point,6/4/2021
Wooden Children's Play Kitchen,Toys,494.81,nisl duis bibendum felis sed interdum venenatis turpis enim blandit mi in porttitor pede justo eu massa donec dapibus duis,883,Youfeed,15.8,Francyne Seagood,fseagoodpd@rakuten.co.jp,2544 Rigney Street,3/16/2021
Kids' Crafting Station,Toys,142.43,scelerisque mauris sit amet eros suspendisse accumsan tortor quis turpis sed ante vivamus tortor,986,Yakidoo,15.58,Morgen Di Iorio,mdipe@vistaprint.com,880 Sunfield Street,1/25/2021
Weighted Blanket for Adults,Health,575.84,erat nulla tempus vivamus in felis eu sapien cursus vestibulum proin eu mi nulla ac,316,Avamm,11.24,Charlot Roland,crolandpf@weather.com,26 Hanson Park,6/17/2021
Graphic Print Leggings,Clothing - Activewear,909.92,ultrices posuere cubilia curae mauris viverra diam vitae quam suspendisse potenti nullam porttitor,733,Devshare,12.27,Eldredge Spickett,espickettpg@japanpost.jp,6388 Forster Plaza,8/17/2021
Portable Phone Mug Holder,Automotive,154.05,nisl nunc nisl duis bibendum felis sed interdum venenatis turpis enim blandit mi,711,Yoveo,35.65,Abdel Sinton,asintonph@ibm.com,6 Morning Junction,8/29/2021
Patterned Knit Scarf,Clothing - Accessories,587.31,convallis tortor risus dapibus augue vel accumsan tellus nisi eu orci mauris lacinia sapien quis libero nullam sit amet,214,Ozu,34.04,Merrilee Gruszka,mgruszkapi@ustream.tv,74652 Sachtjen Hill,4/29/2021
Chocolate Hazelnut Granola,Food - Cereal,678.51,eu est congue elementum in hac habitasse platea dictumst morbi vestibulum velit id,220,Centimia,43.06,Harrietta Gidden,hgiddenpj@pcworld.com,4226 Mosinee Terrace,7/12/2021
Cinnamon Rolls,Food - Bakery,108.32,posuere metus vitae ipsum aliquam non mauris morbi non lectus aliquam sit amet diam in magna bibendum imperdiet nullam orci,180,Katz,30.93,Jayme Clogg,jcloggpk@creativecommons.org,3549 Arrowood Place,5/15/2021
Chocolate Hazelnut Spread,Food - Spreads,124.93,molestie sed justo pellentesque viverra pede ac diam cras pellentesque,982,Mycat,21.25,Kelila Hallock,khallockpl@jugem.jp,3 Farragut Pass,6/1/2021
Vegan Chickpea Salad,Food - Prepared Foods,587.4,id sapien in sapien iaculis congue vivamus metus arcu adipiscing molestie hendrerit at,363,Gevee,13.58,Cindi O'Rafferty,coraffertypm@walmart.com,453 Express Parkway,3/10/2021
Bamboo Cutting Board,Kitchen,139.23,lectus pellentesque eget nunc donec quis orci eget orci vehicula condimentum curabitur in libero ut massa volutpat convallis morbi,388,Centizu,19.74,Cindra Antonomolii,cantonomoliipn@springer.com,99 Cody Trail,8/5/2021
Pumpkin Seeds,Food - Snacks,729.8,nulla ut erat id mauris vulputate elementum nullam varius nulla facilisi cras non velit,255,Meemm,31.93,Pearline Broadbridge,pbroadbridgepo@forbes.com,27 Bayside Street,7/3/2021
Pumpkin Puree,Food - Canned Goods,920.78,nulla neque libero convallis eget eleifend luctus ultricies eu nibh quisque,71,Shuffletag,23.5,Mischa Dell'Abbate,mdellabbatepp@kickstarter.com,58191 Waubesa Junction,2/17/2021
High-Speed Hand Blender,Kitchen,680.76,nulla ac enim in tempor turpis nec euismod scelerisque quam,363,Quimba,37.64,Minni Weldrick,mweldrickpq@odnoklassniki.ru,1 Onsgard Drive,4/26/2021
Peas (frozen),Food - Frozen Foods,525.85,nisi at nibh in hac habitasse platea dictumst aliquam augue quam sollicitudin vitae,966,Twitterworks,27.99,Zoe Gomes,zgomespr@cmu.edu,85 Fordem Drive,4/14/2021
Wall-Mounted Bookshelf,Home,652.89,dui maecenas tristique est et tempus semper est quam pharetra,666,Vidoo,14.76,Bealle Georges,bgeorgesps@nbcnews.com,6941 Arrowood Alley,10/29/2021
Adjustable Stand for Tablets and Smartphones,Electronics,552.03,metus vitae ipsum aliquam non mauris morbi non lectus aliquam,709,Quatz,49.49,Julee Lorrie,jlorriept@pagesperso-orange.fr,83 Haas Circle,10/22/2021
Electric Stir Fry Pan,Kitchen,208.31,potenti cras in purus eu magna vulputate luctus cum sociis natoque penatibus,395,Vinder,26.5,Lane Sapauton,lsapautonpu@indiatimes.com,142 Tennyson Park,11/2/2021
Ankle Boots,Clothing - Footwear,879.01,imperdiet sapien urna pretium nisl ut volutpat sapien arcu sed augue aliquam,930,Photospace,46.12,Florida Illingsworth,fillingsworthpv@csmonitor.com,74 Sutteridge Place,4/12/2021
Portable Ice Maker,Kitchen,590.73,massa id nisl venenatis lacinia aenean sit amet justo morbi ut,322,Topicshots,12.93,Janet Stivers,jstiverspw@deviantart.com,31364 Doe Crossing Court,6/3/2021
Board Game,Toys,805.99,arcu adipiscing molestie hendrerit at vulputate vitae nisl aenean lectus pellentesque eget nunc donec quis orci eget orci vehicula condimentum,46,Latz,23.99,Gayle Pennaman,gpennamanpx@go.com,728 Warrior Trail,12/22/2021
Jalapeño Cornbread,Food - Bakery,690.02,vel nisl duis ac nibh fusce lacus purus aliquet at feugiat non pretium,263,Aimbo,31.55,Theo Hurd,thurdpy@engadget.com,96697 Red Cloud Alley,11/7/2021
Honey Wheat Pretzels,Food - Snacks,997.99,et ultrices posuere cubilia curae nulla dapibus dolor vel est donec odio justo sollicitudin,779,Vidoo,34.69,Annissa Huskinson,ahuskinsonpz@wired.com,38711 Hallows Street,12/19/2021
Creamy Ranch Dressing,Food - Dressings,140.36,tristique est et tempus semper est quam pharetra magna ac consequat metus sapien ut,558,Avamm,29.92,Doll McLarens,dmclarensq0@parallels.com,885 Forster Point,1/6/2021
Oven-Baked Cheese Crisps,Food - Snacks,758.22,lacinia nisi venenatis tristique fusce congue diam id ornare imperdiet sapien urna pretium nisl ut,827,Linkbridge,7.02,Porter Paulsen,ppaulsenq1@vistaprint.com,094 Red Cloud Crossing,8/7/2021
Ramen Noodles,Food - Pasta,381.99,suspendisse ornare consequat lectus in est risus auctor sed tristique in tempus sit,554,Meedoo,27.56,Hedvig Povele,hpoveleq2@hhs.gov,557 Russell Plaza,7/30/2021
Maple Almond Granola,Food - Breakfast,517.53,justo morbi ut odio cras mi pede malesuada in imperdiet,893,Zoovu,2.0,Terry Casoni,tcasoniq3@soundcloud.com,26150 Hoffman Park,8/26/2021
Granola Clusters,Food - Cereal,494.71,erat vestibulum sed magna at nunc commodo placerat praesent blandit nam nulla integer pede justo lacinia eget,186,Meevee,30.59,Gray Betchley,gbetchleyq4@usa.gov,1 Portage Street,6/3/2021
Beach Cover-Up,Clothing - Swimwear,736.95,libero quis orci nullam molestie nibh in lectus pellentesque at nulla suspendisse potenti cras in purus eu magna vulputate luctus,784,Topdrive,49.16,Fran Bendtsen,fbendtsenq5@telegraph.co.uk,7 Park Meadow Circle,9/28/2021
Outdoor String Lights,Outdoor,465.17,eu massa donec dapibus duis at velit eu est congue elementum in hac habitasse platea dictumst morbi vestibulum velit,630,Eabox,1.0,Van Axworthy,vaxworthyq6@theguardian.com,7894 Northridge Hill,5/16/2021
Multi-Function Smartphone Holder,Electronics,705.5,amet lobortis sapien sapien non mi integer ac neque duis bibendum morbi non quam nec dui luctus rutrum nulla,572,Eabox,9.21,Corby Tomasoni,ctomasoniq7@foxnews.com,543 Mariners Cove Place,2/14/2021
Foldable Picnic Table,Outdoor,48.0,ligula pellentesque ultrices phasellus id sapien in sapien iaculis congue vivamus metus arcu adipiscing molestie hendrerit at vulputate vitae,996,Voomm,45.72,Howey Gibberd,hgibberdq8@nhs.uk,29 Sutteridge Court,8/7/2021
Wireless Range Extender,Electronics,920.27,vel nisl duis ac nibh fusce lacus purus aliquet at feugiat non pretium quis,166,Riffpath,39.01,Fonz Queste,fquesteq9@surveymonkey.com,287 Carpenter Street,11/4/2021
Foot Massager Machine,Health,601.22,erat eros viverra eget congue eget semper rutrum nulla nunc purus phasellus in felis donec semper sapien a libero nam,904,Mudo,33.55,Faythe Gellert,fgellertqa@plala.or.jp,43631 Kropf Circle,2/12/2021
Home Brewing Starter Kit,Food,134.78,morbi non lectus aliquam sit amet diam in magna bibendum imperdiet nullam,527,Zazio,42.75,Corey Croft,ccroftqb@imdb.com,536 Waubesa Junction,1/29/2021
Ginger Turmeric Tea,Food - Beverages,751.78,a ipsum integer a nibh in quis justo maecenas rhoncus aliquam,44,Eidel,45.05,Stillmann Iddenden,siddendenqc@kickstarter.com,4 Katie Plaza,4/29/2021
LED Desk Lamp,Home,926.12,et magnis dis parturient montes nascetur ridiculus mus etiam vel,431,Yozio,45.81,Holly McCartney,hmccartneyqd@dot.gov,9337 Cody Junction,11/21/2021
Digital Bullet Journal,Apps,518.96,mus etiam vel augue vestibulum rutrum rutrum neque aenean auctor gravida sem praesent id massa,645,Kaymbo,49.61,Guillermo Fabbri,gfabbriqe@soup.io,6 Lyons Parkway,2/8/2021
Lemon Basil Pasta Sauce,Food - Sauces,573.33,nunc donec quis orci eget orci vehicula condimentum curabitur in,373,Divanoodle,40.04,Kim Roston,krostonqf@google.com.au,55288 Dovetail Trail,11/10/2021
Portable Leaf Blower,Outdoor,599.06,nisl ut volutpat sapien arcu sed augue aliquam erat volutpat in congue,154,Fanoodle,15.15,Sandi Lorenzo,slorenzoqg@msn.com,7943 Mesta Drive,12/18/2021
Chipotle Sauce,Food - Condiments,153.52,sed augue aliquam erat volutpat in congue etiam justo etiam pretium iaculis justo in hac,151,Brainsphere,17.97,Tuckie Slogrove,tslogroveqh@house.gov,67333 Melrose Street,6/20/2021
Fitness Tracker with Heart Rate Monitor,Fitness,925.3,ante vestibulum ante ipsum primis in faucibus orci luctus et ultrices posuere,206,Jaloo,27.39,Angelina Lillo,alilloqi@fda.gov,0 Sycamore Avenue,7/23/2021
Handcrafted Wooden Jewelry Box,Accessories,217.39,odio donec vitae nisi nam ultrices libero non mattis pulvinar nulla pede ullamcorper augue a suscipit nulla elit,875,Trudoo,49.05,Marieann Warrior,mwarriorqj@miibeian.gov.cn,80124 Grim Plaza,1/11/2021
Chocolate Chip Muffins,Food - Bakery,297.56,ullamcorper purus sit amet nulla quisque arcu libero rutrum ac lobortis vel dapibus,60,Thoughtblab,6.85,Maddie Bernardini,mbernardiniqk@opera.com,60053 Waubesa Plaza,12/15/2021
Cordless Electric Screwdriver,Tools,744.6,dolor sit amet consectetuer adipiscing elit proin interdum mauris non ligula pellentesque ultrices phasellus id sapien in sapien iaculis,862,Centimia,37.65,Matelda Enga,mengaql@ft.com,2 7th Place,5/20/2021
Lightweight Rain Jacket,Clothing - Outerwear,722.67,nec euismod scelerisque quam turpis adipiscing lorem vitae mattis nibh ligula nec sem duis,730,Fiveclub,20.79,Sayre McCabe,smccabeqm@hc360.com,03913 Grim Trail,5/6/2021
Sweetened Condensed Milk,Food - Baking Goods,498.18,odio cras mi pede malesuada in imperdiet et commodo vulputate justo in blandit ultrices enim lorem ipsum dolor sit amet,868,Skipstorm,29.83,Barri Dederick,bdederickqn@google.com,3206 Surrey Way,12/11/2021
Pet Hair Vacuum Cleaner Attachment,Pets,570.26,consequat morbi a ipsum integer a nibh in quis justo maecenas rhoncus aliquam lacus morbi quis tortor id,240,Pixoboo,29.34,Paige Fielden,pfieldenqo@answers.com,0 Waywood Street,4/25/2021
Ceramic Non-Stick Frying Pan,Kitchen,397.54,sit amet cursus id turpis integer aliquet massa id lobortis convallis tortor risus dapibus augue vel accumsan tellus,380,Zoombox,38.34,Dmitri Fogarty,dfogartyqp@businesswire.com,565 Kropf Street,9/28/2021
Spiralizer,Kitchen,839.19,semper rutrum nulla nunc purus phasellus in felis donec semper sapien a libero nam dui,112,Oozz,43.83,Georgie Benoit,gbenoitqq@mozilla.org,25 Gateway Pass,5/8/2021
Lentils,Food - Grains,52.26,quis orci nullam molestie nibh in lectus pellentesque at nulla suspendisse potenti,540,Jamia,26.1,Margaretha Branigan,mbraniganqr@oakley.com,92 Maywood Hill,9/7/2021
Luxury Memory Foam Mattress Topper,Home,904.04,maecenas pulvinar lobortis est phasellus sit amet erat nulla tempus vivamus in felis eu sapien cursus vestibulum proin eu mi,797,BlogXS,6.2,Bord Skamell,bskamellqs@ameblo.jp,023 Bluejay Way,2/18/2021
Coconut Lime Rice,Food - Sides,628.81,integer aliquet massa id lobortis convallis tortor risus dapibus augue,450,Feedmix,48.06,Klaus Sieghart,ksieghartqt@house.gov,039 Banding Court,2/18/2021
Wireless Smart Plug,Smart Home,92.47,suspendisse accumsan tortor quis turpis sed ante vivamus tortor duis mattis egestas,200,Skinix,8.69,Sandie Schubbert,sschubbertqu@ed.gov,4852 Beilfuss Avenue,12/4/2021
Electric Can Opener,Kitchen,330.22,integer aliquet massa id lobortis convallis tortor risus dapibus augue vel accumsan tellus nisi eu orci mauris,412,Yozio,3.42,Jecho Boole,jbooleqv@studiopress.com,512 Bowman Park,11/17/2021
Workstation Laptop Stand,Office,989.29,sapien non mi integer ac neque duis bibendum morbi non quam nec dui luctus rutrum nulla tellus in sagittis,85,Oozz,9.52,Cathie Dasent,cdasentqw@washingtonpost.com,919 Mallory Crossing,7/3/2021
Italian Herb Balsamic Marinade,Food - Condiments,852.56,tellus nisi eu orci mauris lacinia sapien quis libero nullam sit amet turpis elementum ligula vehicula consequat,260,Dynabox,12.06,Robers Castagnet,rcastagnetqx@aol.com,6065 Dayton Road,3/13/2021
Halloween Decoration Set,Home,317.31,blandit nam nulla integer pede justo lacinia eget tincidunt eget tempus vel pede morbi porttitor lorem id ligula suspendisse,891,Skyble,40.9,Nettie Heald,nhealdqy@twitter.com,5 Prairie Rose Circle,7/10/2021
Dried Cranberries,Food - Snacks,816.4,augue a suscipit nulla elit ac nulla sed vel enim sit amet nunc viverra dapibus nulla suscipit ligula in lacus,850,Oozz,15.44,Derick Martinelli,dmartinelliqz@themeforest.net,3 Loftsgordon Place,1/8/2021
Ergonomic Gaming Chair,Gaming,812.1,nam nulla integer pede justo lacinia eget tincidunt eget tempus,985,Dablist,7.1,Boy Canny,bcannyr0@japanpost.jp,8641 Clemons Street,12/27/2021
Glass Water Bottle,Fitness,219.32,interdum mauris non ligula pellentesque ultrices phasellus id sapien in sapien iaculis,649,Youspan,7.48,Lorettalorna Sculley,lsculleyr1@opera.com,82 Talmadge Point,12/5/2021
Herbal Tea Set,Food,816.69,amet nunc viverra dapibus nulla suscipit ligula in lacus curabitur at ipsum ac tellus semper interdum mauris ullamcorper purus,362,Kwimbee,38.69,Beverlie Cosstick,bcosstickr2@cmu.edu,93 Linden Avenue,9/9/2021
Window Bird Feeder with Suction Cups,Outdoor,938.51,rhoncus aliquet pulvinar sed nisl nunc rhoncus dui vel sem sed sagittis nam congue,604,Rhynyx,47.61,Lonna Leibold,lleiboldr3@japanpost.jp,197 Dorton Trail,12/20/2021
Dark Chocolate Almond Butter Cups,Food - Snacks,203.36,habitasse platea dictumst etiam faucibus cursus urna ut tellus nulla ut erat,37,Babbleset,25.29,Shena Dowley,sdowleyr4@vk.com,880 Onsgard Street,4/14/2021
Pet Grooming Brush,Pets,305.55,mattis egestas metus aenean fermentum donec ut mauris eget massa tempor convallis,452,Geba,17.65,Kane Callister,kcallisterr5@vk.com,09 Buell Point,8/13/2021
Organic Green Lentils,Food - Grocery,540.8,convallis duis consequat dui nec nisi volutpat eleifend donec ut dolor morbi,468,Aibox,7.92,Bartholemy Grinnov,bgrinnovr6@vinaora.com,74 Tennyson Street,7/14/2021
Quality Chef Apron,Kitchen,994.22,tristique est et tempus semper est quam pharetra magna ac consequat metus sapien ut,104,Rhynyx,30.95,Murray Stapforth,mstapforthr7@nature.com,371 Shoshone Point,8/13/2021
Digital Voice Recorder,Electronics,786.58,duis bibendum morbi non quam nec dui luctus rutrum nulla tellus in sagittis dui vel nisl duis ac nibh fusce,783,Meevee,7.1,Jerrold Scalera,jscalerar8@bigcartel.com,8 Bayside Parkway,8/23/2021
Cushion Covers,Home,685.49,vestibulum ante ipsum primis in faucibus orci luctus et ultrices posuere cubilia curae,759,Wikizz,35.54,Lindsay Keward,lkewardr9@bandcamp.com,14580 Blaine Lane,4/6/2021
Stainless Steel Water Pitcher,Kitchen,8.93,suspendisse potenti cras in purus eu magna vulputate luctus cum sociis natoque penatibus et magnis dis,795,Aimbo,13.6,Steve Dadds,sdaddsra@canalblog.com,6 Thierer Court,1/4/2021
Peanut Butter Banana Smoothie,Food - Beverages,314.89,morbi ut odio cras mi pede malesuada in imperdiet et commodo,207,Zoonoodle,8.26,Mitchel Sawyer,msawyerrb@goo.gl,2503 Springview Park,11/24/2021
A-Line Skirt,Clothing - Bottoms,964.6,non mattis pulvinar nulla pede ullamcorper augue a suscipit nulla,19,Skimia,3.66,Bobina Ogger,boggerrc@ameblo.jp,4 Center Parkway,1/1/2021
Chicken Sausage,Food - Meat,174.61,erat vestibulum sed magna at nunc commodo placerat praesent blandit,273,Kamba,14.68,Franky MacKall,fmackallrd@nydailynews.com,61716 Daystar Alley,4/16/2021
Terry Cloth Robe,Clothing - Loungewear,565.47,tincidunt lacus at velit vivamus vel nulla eget eros elementum pellentesque,108,Gigazoom,47.18,Collen Unstead,cunsteadre@hao123.com,2 Fisk Circle,12/17/2021
Vegetarian Sausage Links,Food - Meat Substitutes,683.64,tincidunt eget tempus vel pede morbi porttitor lorem id ligula,784,Feedbug,30.67,Karel Tyhurst,ktyhurstrf@storify.com,16 Holy Cross Avenue,7/29/2021
Foldable Picnic Table,Outdoor,859.15,placerat praesent blandit nam nulla integer pede justo lacinia eget tincidunt eget tempus vel pede morbi porttitor lorem id ligula,805,Realbuzz,49.26,Dorothee Huxstep,dhuxsteprg@slashdot.org,15 Ramsey Trail,8/20/2021
Pork Chops,Food - Meat,989.79,ut blandit non interdum in ante vestibulum ante ipsum primis in faucibus orci luctus et ultrices posuere,813,Brainlounge,24.86,Maury Greschik,mgreschikrh@stumbleupon.com,0547 Marcy Drive,5/13/2021
Mini Electric Kettle,Kitchen,959.49,vulputate elementum nullam varius nulla facilisi cras non velit nec nisi vulputate nonummy,135,Trilith,39.75,Nicky Jalland,njallandri@posterous.com,916 Elka Circle,4/1/2021
Vanilla Almond Granola,Food - Breakfast,30.95,amet eleifend pede libero quis orci nullam molestie nibh in lectus pellentesque at nulla suspendisse potenti,824,Voolith,17.54,Sabra Akrigg,sakriggrj@mashable.com,21 Di Loreto Lane,2/8/2021
Almond Butter Cookies,Food - Snacks,923.26,justo in blandit ultrices enim lorem ipsum dolor sit amet consectetuer,39,Skinte,18.5,Elset Happer,ehapperrk@meetup.com,24174 Dryden Plaza,3/26/2021
Travel Sewing Kit,Travel,696.49,in felis donec semper sapien a libero nam dui proin leo odio porttitor id,680,Brainlounge,13.1,Coretta Mogra,cmograrl@drupal.org,84780 Petterle Lane,3/22/2021
Wireless HDMI Receiver,Electronics,772.25,et magnis dis parturient montes nascetur ridiculus mus vivamus vestibulum sagittis sapien cum sociis natoque penatibus et magnis dis,314,Yozio,49.86,Ami Louder,alouderrm@shutterfly.com,2469 Express Center,2/5/2021
Electric Rice Cooker,Kitchen,258.82,odio in hac habitasse platea dictumst maecenas ut massa quis augue luctus tincidunt nulla mollis,26,Gabtype,9.31,Maryjane Aukland,mauklandrn@washington.edu,2 Del Sol Junction,4/28/2021
Portable Solar Path Lights,Outdoor,699.93,quam sapien varius ut blandit non interdum in ante vestibulum ante ipsum primis in faucibus orci luctus,138,Meejo,49.09,Dennie Shafier,dshafierro@state.tx.us,463 Moulton Avenue,8/12/2021
Snack Container Set,Kitchen,796.37,penatibus et magnis dis parturient montes nascetur ridiculus mus vivamus vestibulum sagittis,631,Viva,19.91,Dwight Aizic,daizicrp@cocolog-nifty.com,702 Arapahoe Terrace,12/26/2021
Personal Blender with Cups,Kitchen,108.65,posuere cubilia curae donec pharetra magna vestibulum aliquet ultrices erat tortor sollicitudin mi sit amet,139,Gigaclub,43.46,Ellynn Geroldi,egeroldirq@topsy.com,9527 Warbler Park,1/7/2021
Wall Decals for Kids,Home,123.86,eros vestibulum ac est lacinia nisi venenatis tristique fusce congue diam id ornare imperdiet sapien,234,Youbridge,11.06,Patton Deehan,pdeehanrr@kickstarter.com,2 Scofield Road,4/19/2021
